[13-Jan-2022 18:01:48 America/New_York] PHP Notice:  Undefined variable: segment in /var/www/html/mymuseJ4/joomla/components/com_mymuse/src/Service/Router.php on line 176
[13-Jan-2022 18:01:48 America/New_York] PHP Stack trace:
[13-Jan-2022 18:01:48 America/New_York] PHP   1. {main}() /var/www/html/mymuseJ4/joomla/index.php:0
[13-Jan-2022 18:01:48 America/New_York] PHP   2. require_once() /var/www/html/mymuseJ4/joomla/index.php:32
[13-Jan-2022 18:01:48 America/New_York] PHP   3. Joomla\CMS\Application\SiteApplication->execute() /var/www/html/mymuseJ4/joomla/includes/app.php:63
[13-Jan-2022 18:01:48 America/New_York] PHP   4. Joomla\CMS\Application\SiteApplication->doExecute() /var/www/html/mymuseJ4/joomla/libraries/src/Application/CMSApplication.php:278
[13-Jan-2022 18:01:48 America/New_York] PHP   5. Joomla\CMS\Application\SiteApplication->dispatch() /var/www/html/mymuseJ4/joomla/libraries/src/Application/SiteApplication.php:245
[13-Jan-2022 18:01:48 America/New_York] PHP   6. Joomla\CMS\Component\ComponentHelper::renderComponent() /var/www/html/mymuseJ4/joomla/libraries/src/Application/SiteApplication.php:206
[13-Jan-2022 18:01:48 America/New_York] PHP   7. Joomla\Component\Mymuse\Site\Dispatcher\Dispatcher->dispatch() /var/www/html/mymuseJ4/joomla/libraries/src/Component/ComponentHelper.php:389
[13-Jan-2022 18:01:48 America/New_York] PHP   8. Joomla\Component\Mymuse\Site\Dispatcher\Dispatcher->dispatch() /var/www/html/mymuseJ4/joomla/components/com_mymuse/src/Dispatcher/Dispatcher.php:56
[13-Jan-2022 18:01:48 America/New_York] PHP   9. Joomla\Component\Mymuse\Site\Controller\DisplayController->execute() /var/www/html/mymuseJ4/joomla/libraries/src/Dispatcher/ComponentDispatcher.php:146
[13-Jan-2022 18:01:48 America/New_York] PHP  10. Joomla\Component\Mymuse\Site\Controller\DisplayController->display() /var/www/html/mymuseJ4/joomla/libraries/src/MVC/Controller/BaseController.php:730
[13-Jan-2022 18:01:48 America/New_York] PHP  11. Joomla\Component\Mymuse\Site\Controller\DisplayController->display() /var/www/html/mymuseJ4/joomla/components/com_mymuse/src/Controller/DisplayController.php:296
[13-Jan-2022 18:01:48 America/New_York] PHP  12. Joomla\Component\Mymuse\Site\View\Store\HtmlView->display() /var/www/html/mymuseJ4/joomla/libraries/src/MVC/Controller/BaseController.php:692
[13-Jan-2022 18:01:48 America/New_York] PHP  13. Joomla\Component\Mymuse\Site\View\Store\HtmlView->display() /var/www/html/mymuseJ4/joomla/components/com_mymuse/src/View/Store/HtmlView.php:712
[13-Jan-2022 18:01:48 America/New_York] PHP  14. Joomla\Component\Mymuse\Site\View\Store\HtmlView->loadTemplate() /var/www/html/mymuseJ4/joomla/libraries/src/MVC/View/HtmlView.php:218
[13-Jan-2022 18:01:48 America/New_York] PHP  15. include() /var/www/html/mymuseJ4/joomla/libraries/src/MVC/View/HtmlView.php:429
[13-Jan-2022 18:01:48 America/New_York] PHP  16. Joomla\Component\Mymuse\Site\View\Store\HtmlView->loadTemplate() /var/www/html/mymuseJ4/joomla/components/com_mymuse/tmpl/store/default.php:80
[13-Jan-2022 18:01:48 America/New_York] PHP  17. include() /var/www/html/mymuseJ4/joomla/libraries/src/MVC/View/HtmlView.php:429
[13-Jan-2022 18:01:48 America/New_York] PHP  18. Joomla\CMS\Router\Route::_() /var/www/html/mymuseJ4/joomla/components/com_mymuse/tmpl/store/default_item.php:37
[13-Jan-2022 18:01:48 America/New_York] PHP  19. Joomla\CMS\Router\Route::link() /var/www/html/mymuseJ4/joomla/libraries/src/Router/Route.php:94
[13-Jan-2022 18:01:48 America/New_York] PHP  20. Joomla\CMS\Router\SiteRouter->build() /var/www/html/mymuseJ4/joomla/libraries/src/Router/Route.php:145
[13-Jan-2022 18:01:48 America/New_York] PHP  21. Joomla\CMS\Router\SiteRouter->processBuildRules() /var/www/html/mymuseJ4/joomla/libraries/src/Router/Router.php:194
[13-Jan-2022 18:01:48 America/New_York] PHP  22. Joomla\CMS\Router\SiteRouter->buildComponentPreprocess() /var/www/html/mymuseJ4/joomla/libraries/src/Router/Router.php:425
[13-Jan-2022 18:01:48 America/New_York] PHP  23. Joomla\Component\Mymuse\Site\Service\Router->preprocess() /var/www/html/mymuseJ4/joomla/libraries/src/Router/SiteRouter.php:437
[13-Jan-2022 18:01:48 America/New_York] PHP  24. Joomla\CMS\Component\Router\Rules\MenuRules->preprocess() /var/www/html/mymuseJ4/joomla/libraries/src/Component/Router/RouterView.php:223
[13-Jan-2022 18:01:48 America/New_York] PHP  25. Joomla\Component\Mymuse\Site\Service\Router->getPath() /var/www/html/mymuseJ4/joomla/libraries/src/Component/Router/Rules/MenuRules.php:118
[13-Jan-2022 18:01:48 America/New_York] PHP  26. Joomla\Component\Mymuse\Site\Service\Router->getProductSegment() /var/www/html/mymuseJ4/joomla/libraries/src/Component/Router/RouterView.php:121
[13-Jan-2022 18:01:48 America/New_York] PHP Notice:  Undefined variable: segment in /var/www/html/mymuseJ4/joomla/components/com_mymuse/src/Service/Router.php on line 176
[13-Jan-2022 18:01:48 America/New_York] PHP Stack trace:
[13-Jan-2022 18:01:48 America/New_York] PHP   1. {main}() /var/www/html/mymuseJ4/joomla/index.php:0
[13-Jan-2022 18:01:48 America/New_York] PHP   2. require_once() /var/www/html/mymuseJ4/joomla/index.php:32
[13-Jan-2022 18:01:48 America/New_York] PHP   3. Joomla\CMS\Application\SiteApplication->execute() /var/www/html/mymuseJ4/joomla/includes/app.php:63
[13-Jan-2022 18:01:48 America/New_York] PHP   4. Joomla\CMS\Application\SiteApplication->doExecute() /var/www/html/mymuseJ4/joomla/libraries/src/Application/CMSApplication.php:278
[13-Jan-2022 18:01:48 America/New_York] PHP   5. Joomla\CMS\Application\SiteApplication->dispatch() /var/www/html/mymuseJ4/joomla/libraries/src/Application/SiteApplication.php:245
[13-Jan-2022 18:01:48 America/New_York] PHP   6. Joomla\CMS\Component\ComponentHelper::renderComponent() /var/www/html/mymuseJ4/joomla/libraries/src/Application/SiteApplication.php:206
[13-Jan-2022 18:01:48 America/New_York] PHP   7. Joomla\Component\Mymuse\Site\Dispatcher\Dispatcher->dispatch() /var/www/html/mymuseJ4/joomla/libraries/src/Component/ComponentHelper.php:389
[13-Jan-2022 18:01:48 America/New_York] PHP   8. Joomla\Component\Mymuse\Site\Dispatcher\Dispatcher->dispatch() /var/www/html/mymuseJ4/joomla/components/com_mymuse/src/Dispatcher/Dispatcher.php:56
[13-Jan-2022 18:01:48 America/New_York] PHP   9. Joomla\Component\Mymuse\Site\Controller\DisplayController->execute() /var/www/html/mymuseJ4/joomla/libraries/src/Dispatcher/ComponentDispatcher.php:146
[13-Jan-2022 18:01:48 America/New_York] PHP  10. Joomla\Component\Mymuse\Site\Controller\DisplayController->display() /var/www/html/mymuseJ4/joomla/libraries/src/MVC/Controller/BaseController.php:730
[13-Jan-2022 18:01:48 America/New_York] PHP  11. Joomla\Component\Mymuse\Site\Controller\DisplayController->display() /var/www/html/mymuseJ4/joomla/components/com_mymuse/src/Controller/DisplayController.php:296
[13-Jan-2022 18:01:48 America/New_York] PHP  12. Joomla\Component\Mymuse\Site\View\Store\HtmlView->display() /var/www/html/mymuseJ4/joomla/libraries/src/MVC/Controller/BaseController.php:692
[13-Jan-2022 18:01:48 America/New_York] PHP  13. Joomla\Component\Mymuse\Site\View\Store\HtmlView->display() /var/www/html/mymuseJ4/joomla/components/com_mymuse/src/View/Store/HtmlView.php:712
[13-Jan-2022 18:01:48 America/New_York] PHP  14. Joomla\Component\Mymuse\Site\View\Store\HtmlView->loadTemplate() /var/www/html/mymuseJ4/joomla/libraries/src/MVC/View/HtmlView.php:218
[13-Jan-2022 18:01:48 America/New_York] PHP  15. include() /var/www/html/mymuseJ4/joomla/libraries/src/MVC/View/HtmlView.php:429
[13-Jan-2022 18:01:48 America/New_York] PHP  16. Joomla\Component\Mymuse\Site\View\Store\HtmlView->loadTemplate() /var/www/html/mymuseJ4/joomla/components/com_mymuse/tmpl/store/default.php:80
[13-Jan-2022 18:01:48 America/New_York] PHP  17. include() /var/www/html/mymuseJ4/joomla/libraries/src/MVC/View/HtmlView.php:429
[13-Jan-2022 18:01:48 America/New_York] PHP  18. Joomla\CMS\Router\Route::_() /var/www/html/mymuseJ4/joomla/components/com_mymuse/tmpl/store/default_item.php:56
[13-Jan-2022 18:01:48 America/New_York] PHP  19. Joomla\CMS\Router\Route::link() /var/www/html/mymuseJ4/joomla/libraries/src/Router/Route.php:94
[13-Jan-2022 18:01:48 America/New_York] PHP  20. Joomla\CMS\Router\SiteRouter->build() /var/www/html/mymuseJ4/joomla/libraries/src/Router/Route.php:145
[13-Jan-2022 18:01:48 America/New_York] PHP  21. Joomla\CMS\Router\SiteRouter->processBuildRules() /var/www/html/mymuseJ4/joomla/libraries/src/Router/Router.php:194
[13-Jan-2022 18:01:48 America/New_York] PHP  22. Joomla\CMS\Router\SiteRouter->buildComponentPreprocess() /var/www/html/mymuseJ4/joomla/libraries/src/Router/Router.php:425
[13-Jan-2022 18:01:48 America/New_York] PHP  23. Joomla\Component\Mymuse\Site\Service\Router->preprocess() /var/www/html/mymuseJ4/joomla/libraries/src/Router/SiteRouter.php:437
[13-Jan-2022 18:01:48 America/New_York] PHP  24. Joomla\CMS\Component\Router\Rules\MenuRules->preprocess() /var/www/html/mymuseJ4/joomla/libraries/src/Component/Router/RouterView.php:223
[13-Jan-2022 18:01:48 America/New_York] PHP  25. Joomla\Component\Mymuse\Site\Service\Router->getPath() /var/www/html/mymuseJ4/joomla/libraries/src/Component/Router/Rules/MenuRules.php:118
[13-Jan-2022 18:01:48 America/New_York] PHP  26. Joomla\Component\Mymuse\Site\Service\Router->getProductSegment() /var/www/html/mymuseJ4/joomla/libraries/src/Component/Router/RouterView.php:121
[13-Jan-2022 18:01:48 America/New_York] PHP Notice:  Undefined variable: segment in /var/www/html/mymuseJ4/joomla/components/com_mymuse/src/Service/Router.php on line 176
[13-Jan-2022 18:01:48 America/New_York] PHP Stack trace:
[13-Jan-2022 18:01:48 America/New_York] PHP   1. {main}() /var/www/html/mymuseJ4/joomla/index.php:0
[13-Jan-2022 18:01:48 America/New_York] PHP   2. require_once() /var/www/html/mymuseJ4/joomla/index.php:32
[13-Jan-2022 18:01:48 America/New_York] PHP   3. Joomla\CMS\Application\SiteApplication->execute() /var/www/html/mymuseJ4/joomla/includes/app.php:63
[13-Jan-2022 18:01:48 America/New_York] PHP   4. Joomla\CMS\Application\SiteApplication->doExecute() /var/www/html/mymuseJ4/joomla/libraries/src/Application/CMSApplication.php:278
[13-Jan-2022 18:01:48 America/New_York] PHP   5. Joomla\CMS\Application\SiteApplication->dispatch() /var/www/html/mymuseJ4/joomla/libraries/src/Application/SiteApplication.php:245
[13-Jan-2022 18:01:48 America/New_York] PHP   6. Joomla\CMS\Component\ComponentHelper::renderComponent() /var/www/html/mymuseJ4/joomla/libraries/src/Application/SiteApplication.php:206
[13-Jan-2022 18:01:48 America/New_York] PHP   7. Joomla\Component\Mymuse\Site\Dispatcher\Dispatcher->dispatch() /var/www/html/mymuseJ4/joomla/libraries/src/Component/ComponentHelper.php:389
[13-Jan-2022 18:01:48 America/New_York] PHP   8. Joomla\Component\Mymuse\Site\Dispatcher\Dispatcher->dispatch() /var/www/html/mymuseJ4/joomla/components/com_mymuse/src/Dispatcher/Dispatcher.php:56
[13-Jan-2022 18:01:48 America/New_York] PHP   9. Joomla\Component\Mymuse\Site\Controller\DisplayController->execute() /var/www/html/mymuseJ4/joomla/libraries/src/Dispatcher/ComponentDispatcher.php:146
[13-Jan-2022 18:01:48 America/New_York] PHP  10. Joomla\Component\Mymuse\Site\Controller\DisplayController->display() /var/www/html/mymuseJ4/joomla/libraries/src/MVC/Controller/BaseController.php:730
[13-Jan-2022 18:01:48 America/New_York] PHP  11. Joomla\Component\Mymuse\Site\Controller\DisplayController->display() /var/www/html/mymuseJ4/joomla/components/com_mymuse/src/Controller/DisplayController.php:296
[13-Jan-2022 18:01:48 America/New_York] PHP  12. Joomla\Component\Mymuse\Site\View\Store\HtmlView->display() /var/www/html/mymuseJ4/joomla/libraries/src/MVC/Controller/BaseController.php:692
[13-Jan-2022 18:01:48 America/New_York] PHP  13. Joomla\Component\Mymuse\Site\View\Store\HtmlView->display() /var/www/html/mymuseJ4/joomla/components/com_mymuse/src/View/Store/HtmlView.php:712
[13-Jan-2022 18:01:48 America/New_York] PHP  14. Joomla\Component\Mymuse\Site\View\Store\HtmlView->loadTemplate() /var/www/html/mymuseJ4/joomla/libraries/src/MVC/View/HtmlView.php:218
[13-Jan-2022 18:01:48 America/New_York] PHP  15. include() /var/www/html/mymuseJ4/joomla/libraries/src/MVC/View/HtmlView.php:429
[13-Jan-2022 18:01:48 America/New_York] PHP  16. Joomla\Component\Mymuse\Site\View\Store\HtmlView->loadTemplate() /var/www/html/mymuseJ4/joomla/components/com_mymuse/tmpl/store/default.php:80
[13-Jan-2022 18:01:48 America/New_York] PHP  17. include() /var/www/html/mymuseJ4/joomla/libraries/src/MVC/View/HtmlView.php:429
[13-Jan-2022 18:01:48 America/New_York] PHP  18. Joomla\CMS\Router\Route::_() /var/www/html/mymuseJ4/joomla/components/com_mymuse/tmpl/store/default_item.php:37
[13-Jan-2022 18:01:48 America/New_York] PHP  19. Joomla\CMS\Router\Route::link() /var/www/html/mymuseJ4/joomla/libraries/src/Router/Route.php:94
[13-Jan-2022 18:01:48 America/New_York] PHP  20. Joomla\CMS\Router\SiteRouter->build() /var/www/html/mymuseJ4/joomla/libraries/src/Router/Route.php:145
[13-Jan-2022 18:01:48 America/New_York] PHP  21. Joomla\CMS\Router\SiteRouter->processBuildRules() /var/www/html/mymuseJ4/joomla/libraries/src/Router/Router.php:194
[13-Jan-2022 18:01:48 America/New_York] PHP  22. Joomla\CMS\Router\SiteRouter->buildComponentPreprocess() /var/www/html/mymuseJ4/joomla/libraries/src/Router/Router.php:425
[13-Jan-2022 18:01:48 America/New_York] PHP  23. Joomla\Component\Mymuse\Site\Service\Router->preprocess() /var/www/html/mymuseJ4/joomla/libraries/src/Router/SiteRouter.php:437
[13-Jan-2022 18:01:48 America/New_York] PHP  24. Joomla\CMS\Component\Router\Rules\MenuRules->preprocess() /var/www/html/mymuseJ4/joomla/libraries/src/Component/Router/RouterView.php:223
[13-Jan-2022 18:01:48 America/New_York] PHP  25. Joomla\Component\Mymuse\Site\Service\Router->getPath() /var/www/html/mymuseJ4/joomla/libraries/src/Component/Router/Rules/MenuRules.php:118
[13-Jan-2022 18:01:48 America/New_York] PHP  26. Joomla\Component\Mymuse\Site\Service\Router->getProductSegment() /var/www/html/mymuseJ4/joomla/libraries/src/Component/Router/RouterView.php:121
[13-Jan-2022 18:01:48 America/New_York] PHP Notice:  Undefined variable: segment in /var/www/html/mymuseJ4/joomla/components/com_mymuse/src/Service/Router.php on line 176
[13-Jan-2022 18:01:48 America/New_York] PHP Stack trace:
[13-Jan-2022 18:01:48 America/New_York] PHP   1. {main}() /var/www/html/mymuseJ4/joomla/index.php:0
[13-Jan-2022 18:01:48 America/New_York] PHP   2. require_once() /var/www/html/mymuseJ4/joomla/index.php:32
[13-Jan-2022 18:01:48 America/New_York] PHP   3. Joomla\CMS\Application\SiteApplication->execute() /var/www/html/mymuseJ4/joomla/includes/app.php:63
[13-Jan-2022 18:01:48 America/New_York] PHP   4. Joomla\CMS\Application\SiteApplication->doExecute() /var/www/html/mymuseJ4/joomla/libraries/src/Application/CMSApplication.php:278
[13-Jan-2022 18:01:48 America/New_York] PHP   5. Joomla\CMS\Application\SiteApplication->dispatch() /var/www/html/mymuseJ4/joomla/libraries/src/Application/SiteApplication.php:245
[13-Jan-2022 18:01:48 America/New_York] PHP   6. Joomla\CMS\Component\ComponentHelper::renderComponent() /var/www/html/mymuseJ4/joomla/libraries/src/Application/SiteApplication.php:206
[13-Jan-2022 18:01:48 America/New_York] PHP   7. Joomla\Component\Mymuse\Site\Dispatcher\Dispatcher->dispatch() /var/www/html/mymuseJ4/joomla/libraries/src/Component/ComponentHelper.php:389
[13-Jan-2022 18:01:48 America/New_York] PHP   8. Joomla\Component\Mymuse\Site\Dispatcher\Dispatcher->dispatch() /var/www/html/mymuseJ4/joomla/components/com_mymuse/src/Dispatcher/Dispatcher.php:56
[13-Jan-2022 18:01:48 America/New_York] PHP   9. Joomla\Component\Mymuse\Site\Controller\DisplayController->execute() /var/www/html/mymuseJ4/joomla/libraries/src/Dispatcher/ComponentDispatcher.php:146
[13-Jan-2022 18:01:48 America/New_York] PHP  10. Joomla\Component\Mymuse\Site\Controller\DisplayController->display() /var/www/html/mymuseJ4/joomla/libraries/src/MVC/Controller/BaseController.php:730
[13-Jan-2022 18:01:48 America/New_York] PHP  11. Joomla\Component\Mymuse\Site\Controller\DisplayController->display() /var/www/html/mymuseJ4/joomla/components/com_mymuse/src/Controller/DisplayController.php:296
[13-Jan-2022 18:01:48 America/New_York] PHP  12. Joomla\Component\Mymuse\Site\View\Store\HtmlView->display() /var/www/html/mymuseJ4/joomla/libraries/src/MVC/Controller/BaseController.php:692
[13-Jan-2022 18:01:48 America/New_York] PHP  13. Joomla\Component\Mymuse\Site\View\Store\HtmlView->display() /var/www/html/mymuseJ4/joomla/components/com_mymuse/src/View/Store/HtmlView.php:712
[13-Jan-2022 18:01:48 America/New_York] PHP  14. Joomla\Component\Mymuse\Site\View\Store\HtmlView->loadTemplate() /var/www/html/mymuseJ4/joomla/libraries/src/MVC/View/HtmlView.php:218
[13-Jan-2022 18:01:48 America/New_York] PHP  15. include() /var/www/html/mymuseJ4/joomla/libraries/src/MVC/View/HtmlView.php:429
[13-Jan-2022 18:01:48 America/New_York] PHP  16. Joomla\Component\Mymuse\Site\View\Store\HtmlView->loadTemplate() /var/www/html/mymuseJ4/joomla/components/com_mymuse/tmpl/store/default.php:80
[13-Jan-2022 18:01:48 America/New_York] PHP  17. include() /var/www/html/mymuseJ4/joomla/libraries/src/MVC/View/HtmlView.php:429
[13-Jan-2022 18:01:48 America/New_York] PHP  18. Joomla\CMS\Router\Route::_() /var/www/html/mymuseJ4/joomla/components/com_mymuse/tmpl/store/default_item.php:37
[13-Jan-2022 18:01:48 America/New_York] PHP  19. Joomla\CMS\Router\Route::link() /var/www/html/mymuseJ4/joomla/libraries/src/Router/Route.php:94
[13-Jan-2022 18:01:48 America/New_York] PHP  20. Joomla\CMS\Router\SiteRouter->build() /var/www/html/mymuseJ4/joomla/libraries/src/Router/Route.php:145
[13-Jan-2022 18:01:48 America/New_York] PHP  21. Joomla\CMS\Router\SiteRouter->processBuildRules() /var/www/html/mymuseJ4/joomla/libraries/src/Router/Router.php:197
[13-Jan-2022 18:01:48 America/New_York] PHP  22. Joomla\CMS\Router\SiteRouter->buildSefRoute() /var/www/html/mymuseJ4/joomla/libraries/src/Router/Router.php:425
[13-Jan-2022 18:01:48 America/New_York] PHP  23. Joomla\Component\Mymuse\Site\Service\Router->build() /var/www/html/mymuseJ4/joomla/libraries/src/Router/SiteRouter.php:477
[13-Jan-2022 18:01:48 America/New_York] PHP  24. Joomla\CMS\Component\Router\Rules\StandardRules->build() /var/www/html/mymuseJ4/joomla/libraries/src/Component/Router/RouterView.php:245
[13-Jan-2022 18:01:48 America/New_York] PHP  25. Joomla\Component\Mymuse\Site\Service\Router->getPath() /var/www/html/mymuseJ4/joomla/libraries/src/Component/Router/Rules/StandardRules.php:246
[13-Jan-2022 18:01:48 America/New_York] PHP  26. Joomla\Component\Mymuse\Site\Service\Router->getProductSegment() /var/www/html/mymuseJ4/joomla/libraries/src/Component/Router/RouterView.php:121
[13-Jan-2022 18:01:48 America/New_York] PHP Notice:  Undefined variable: segment in /var/www/html/mymuseJ4/joomla/components/com_mymuse/src/Service/Router.php on line 176
[13-Jan-2022 18:01:48 America/New_York] PHP Stack trace:
[13-Jan-2022 18:01:48 America/New_York] PHP   1. {main}() /var/www/html/mymuseJ4/joomla/index.php:0
[13-Jan-2022 18:01:48 America/New_York] PHP   2. require_once() /var/www/html/mymuseJ4/joomla/index.php:32
[13-Jan-2022 18:01:48 America/New_York] PHP   3. Joomla\CMS\Application\SiteApplication->execute() /var/www/html/mymuseJ4/joomla/includes/app.php:63
[13-Jan-2022 18:01:48 America/New_York] PHP   4. Joomla\CMS\Application\SiteApplication->doExecute() /var/www/html/mymuseJ4/joomla/libraries/src/Application/CMSApplication.php:278
[13-Jan-2022 18:01:48 America/New_York] PHP   5. Joomla\CMS\Application\SiteApplication->dispatch() /var/www/html/mymuseJ4/joomla/libraries/src/Application/SiteApplication.php:245
[13-Jan-2022 18:01:48 America/New_York] PHP   6. Joomla\CMS\Component\ComponentHelper::renderComponent() /var/www/html/mymuseJ4/joomla/libraries/src/Application/SiteApplication.php:206
[13-Jan-2022 18:01:48 America/New_York] PHP   7. Joomla\Component\Mymuse\Site\Dispatcher\Dispatcher->dispatch() /var/www/html/mymuseJ4/joomla/libraries/src/Component/ComponentHelper.php:389
[13-Jan-2022 18:01:48 America/New_York] PHP   8. Joomla\Component\Mymuse\Site\Dispatcher\Dispatcher->dispatch() /var/www/html/mymuseJ4/joomla/components/com_mymuse/src/Dispatcher/Dispatcher.php:56
[13-Jan-2022 18:01:48 America/New_York] PHP   9. Joomla\Component\Mymuse\Site\Controller\DisplayController->execute() /var/www/html/mymuseJ4/joomla/libraries/src/Dispatcher/ComponentDispatcher.php:146
[13-Jan-2022 18:01:48 America/New_York] PHP  10. Joomla\Component\Mymuse\Site\Controller\DisplayController->display() /var/www/html/mymuseJ4/joomla/libraries/src/MVC/Controller/BaseController.php:730
[13-Jan-2022 18:01:48 America/New_York] PHP  11. Joomla\Component\Mymuse\Site\Controller\DisplayController->display() /var/www/html/mymuseJ4/joomla/components/com_mymuse/src/Controller/DisplayController.php:296
[13-Jan-2022 18:01:48 America/New_York] PHP  12. Joomla\Component\Mymuse\Site\View\Store\HtmlView->display() /var/www/html/mymuseJ4/joomla/libraries/src/MVC/Controller/BaseController.php:692
[13-Jan-2022 18:01:48 America/New_York] PHP  13. Joomla\Component\Mymuse\Site\View\Store\HtmlView->display() /var/www/html/mymuseJ4/joomla/components/com_mymuse/src/View/Store/HtmlView.php:712
[13-Jan-2022 18:01:48 America/New_York] PHP  14. Joomla\Component\Mymuse\Site\View\Store\HtmlView->loadTemplate() /var/www/html/mymuseJ4/joomla/libraries/src/MVC/View/HtmlView.php:218
[13-Jan-2022 18:01:48 America/New_York] PHP  15. include() /var/www/html/mymuseJ4/joomla/libraries/src/MVC/View/HtmlView.php:429
[13-Jan-2022 18:01:48 America/New_York] PHP  16. Joomla\Component\Mymuse\Site\View\Store\HtmlView->loadTemplate() /var/www/html/mymuseJ4/joomla/components/com_mymuse/tmpl/store/default.php:80
[13-Jan-2022 18:01:48 America/New_York] PHP  17. include() /var/www/html/mymuseJ4/joomla/libraries/src/MVC/View/HtmlView.php:429
[13-Jan-2022 18:01:48 America/New_York] PHP  18. Joomla\CMS\Router\Route::_() /var/www/html/mymuseJ4/joomla/components/com_mymuse/tmpl/store/default_item.php:56
[13-Jan-2022 18:01:48 America/New_York] PHP  19. Joomla\CMS\Router\Route::link() /var/www/html/mymuseJ4/joomla/libraries/src/Router/Route.php:94
[13-Jan-2022 18:01:48 America/New_York] PHP  20. Joomla\CMS\Router\SiteRouter->build() /var/www/html/mymuseJ4/joomla/libraries/src/Router/Route.php:145
[13-Jan-2022 18:01:48 America/New_York] PHP  21. Joomla\CMS\Router\SiteRouter->processBuildRules() /var/www/html/mymuseJ4/joomla/libraries/src/Router/Router.php:194
[13-Jan-2022 18:01:48 America/New_York] PHP  22. Joomla\CMS\Router\SiteRouter->buildComponentPreprocess() /var/www/html/mymuseJ4/joomla/libraries/src/Router/Router.php:425
[13-Jan-2022 18:01:48 America/New_York] PHP  23. Joomla\Component\Mymuse\Site\Service\Router->preprocess() /var/www/html/mymuseJ4/joomla/libraries/src/Router/SiteRouter.php:437
[13-Jan-2022 18:01:48 America/New_York] PHP  24. Joomla\CMS\Component\Router\Rules\MenuRules->preprocess() /var/www/html/mymuseJ4/joomla/libraries/src/Component/Router/RouterView.php:223
[13-Jan-2022 18:01:48 America/New_York] PHP  25. Joomla\Component\Mymuse\Site\Service\Router->getPath() /var/www/html/mymuseJ4/joomla/libraries/src/Component/Router/Rules/MenuRules.php:118
[13-Jan-2022 18:01:48 America/New_York] PHP  26. Joomla\Component\Mymuse\Site\Service\Router->getProductSegment() /var/www/html/mymuseJ4/joomla/libraries/src/Component/Router/RouterView.php:121
[13-Jan-2022 18:01:48 America/New_York] PHP Notice:  Undefined variable: segment in /var/www/html/mymuseJ4/joomla/components/com_mymuse/src/Service/Router.php on line 176
[13-Jan-2022 18:01:48 America/New_York] PHP Stack trace:
[13-Jan-2022 18:01:48 America/New_York] PHP   1. {main}() /var/www/html/mymuseJ4/joomla/index.php:0
[13-Jan-2022 18:01:48 America/New_York] PHP   2. require_once() /var/www/html/mymuseJ4/joomla/index.php:32
[13-Jan-2022 18:01:48 America/New_York] PHP   3. Joomla\CMS\Application\SiteApplication->execute() /var/www/html/mymuseJ4/joomla/includes/app.php:63
[13-Jan-2022 18:01:48 America/New_York] PHP   4. Joomla\CMS\Application\SiteApplication->doExecute() /var/www/html/mymuseJ4/joomla/libraries/src/Application/CMSApplication.php:278
[13-Jan-2022 18:01:48 America/New_York] PHP   5. Joomla\CMS\Application\SiteApplication->dispatch() /var/www/html/mymuseJ4/joomla/libraries/src/Application/SiteApplication.php:245
[13-Jan-2022 18:01:48 America/New_York] PHP   6. Joomla\CMS\Component\ComponentHelper::renderComponent() /var/www/html/mymuseJ4/joomla/libraries/src/Application/SiteApplication.php:206
[13-Jan-2022 18:01:48 America/New_York] PHP   7. Joomla\Component\Mymuse\Site\Dispatcher\Dispatcher->dispatch() /var/www/html/mymuseJ4/joomla/libraries/src/Component/ComponentHelper.php:389
[13-Jan-2022 18:01:48 America/New_York] PHP   8. Joomla\Component\Mymuse\Site\Dispatcher\Dispatcher->dispatch() /var/www/html/mymuseJ4/joomla/components/com_mymuse/src/Dispatcher/Dispatcher.php:56
[13-Jan-2022 18:01:48 America/New_York] PHP   9. Joomla\Component\Mymuse\Site\Controller\DisplayController->execute() /var/www/html/mymuseJ4/joomla/libraries/src/Dispatcher/ComponentDispatcher.php:146
[13-Jan-2022 18:01:48 America/New_York] PHP  10. Joomla\Component\Mymuse\Site\Controller\DisplayController->display() /var/www/html/mymuseJ4/joomla/libraries/src/MVC/Controller/BaseController.php:730
[13-Jan-2022 18:01:48 America/New_York] PHP  11. Joomla\Component\Mymuse\Site\Controller\DisplayController->display() /var/www/html/mymuseJ4/joomla/components/com_mymuse/src/Controller/DisplayController.php:296
[13-Jan-2022 18:01:48 America/New_York] PHP  12. Joomla\Component\Mymuse\Site\View\Store\HtmlView->display() /var/www/html/mymuseJ4/joomla/libraries/src/MVC/Controller/BaseController.php:692
[13-Jan-2022 18:01:48 America/New_York] PHP  13. Joomla\Component\Mymuse\Site\View\Store\HtmlView->display() /var/www/html/mymuseJ4/joomla/components/com_mymuse/src/View/Store/HtmlView.php:712
[13-Jan-2022 18:01:48 America/New_York] PHP  14. Joomla\Component\Mymuse\Site\View\Store\HtmlView->loadTemplate() /var/www/html/mymuseJ4/joomla/libraries/src/MVC/View/HtmlView.php:218
[13-Jan-2022 18:01:48 America/New_York] PHP  15. include() /var/www/html/mymuseJ4/joomla/libraries/src/MVC/View/HtmlView.php:429
[13-Jan-2022 18:01:48 America/New_York] PHP  16. Joomla\Component\Mymuse\Site\View\Store\HtmlView->loadTemplate() /var/www/html/mymuseJ4/joomla/components/com_mymuse/tmpl/store/default.php:80
[13-Jan-2022 18:01:48 America/New_York] PHP  17. include() /var/www/html/mymuseJ4/joomla/libraries/src/MVC/View/HtmlView.php:429
[13-Jan-2022 18:01:48 America/New_York] PHP  18. Joomla\CMS\Router\Route::_() /var/www/html/mymuseJ4/joomla/components/com_mymuse/tmpl/store/default_item.php:56
[13-Jan-2022 18:01:48 America/New_York] PHP  19. Joomla\CMS\Router\Route::link() /var/www/html/mymuseJ4/joomla/libraries/src/Router/Route.php:94
[13-Jan-2022 18:01:48 America/New_York] PHP  20. Joomla\CMS\Router\SiteRouter->build() /var/www/html/mymuseJ4/joomla/libraries/src/Router/Route.php:145
[13-Jan-2022 18:01:48 America/New_York] PHP  21. Joomla\CMS\Router\SiteRouter->processBuildRules() /var/www/html/mymuseJ4/joomla/libraries/src/Router/Router.php:197
[13-Jan-2022 18:01:48 America/New_York] PHP  22. Joomla\CMS\Router\SiteRouter->buildSefRoute() /var/www/html/mymuseJ4/joomla/libraries/src/Router/Router.php:425
[13-Jan-2022 18:01:48 America/New_York] PHP  23. Joomla\Component\Mymuse\Site\Service\Router->build() /var/www/html/mymuseJ4/joomla/libraries/src/Router/SiteRouter.php:477
[13-Jan-2022 18:01:48 America/New_York] PHP  24. Joomla\CMS\Component\Router\Rules\StandardRules->build() /var/www/html/mymuseJ4/joomla/libraries/src/Component/Router/RouterView.php:245
[13-Jan-2022 18:01:48 America/New_York] PHP  25. Joomla\Component\Mymuse\Site\Service\Router->getPath() /var/www/html/mymuseJ4/joomla/libraries/src/Component/Router/Rules/StandardRules.php:246
[13-Jan-2022 18:01:48 America/New_York] PHP  26. Joomla\Component\Mymuse\Site\Service\Router->getProductSegment() /var/www/html/mymuseJ4/joomla/libraries/src/Component/Router/RouterView.php:121
[14-Jan-2022 10:09:52 America/New_York] PHP Notice:  Undefined index: id in /var/www/html/mymuseJ4/joomla/components/com_mymuse/src/Service/MymuseNomenuRules.php on line 102
[14-Jan-2022 10:09:52 America/New_York] PHP Stack trace:
[14-Jan-2022 10:09:52 America/New_York] PHP   1. {main}() /var/www/html/mymuseJ4/joomla/index.php:0
[14-Jan-2022 10:09:52 America/New_York] PHP   2. require_once() /var/www/html/mymuseJ4/joomla/index.php:32
[14-Jan-2022 10:09:52 America/New_York] PHP   3. Joomla\CMS\Application\SiteApplication->execute() /var/www/html/mymuseJ4/joomla/includes/app.php:63
[14-Jan-2022 10:09:52 America/New_York] PHP   4. Joomla\CMS\Application\SiteApplication->doExecute() /var/www/html/mymuseJ4/joomla/libraries/src/Application/CMSApplication.php:278
[14-Jan-2022 10:09:52 America/New_York] PHP   5. Joomla\CMS\Application\SiteApplication->dispatch() /var/www/html/mymuseJ4/joomla/libraries/src/Application/SiteApplication.php:245
[14-Jan-2022 10:09:52 America/New_York] PHP   6. Joomla\CMS\Component\ComponentHelper::renderComponent() /var/www/html/mymuseJ4/joomla/libraries/src/Application/SiteApplication.php:206
[14-Jan-2022 10:09:52 America/New_York] PHP   7. Joomla\Component\Mymuse\Site\Dispatcher\Dispatcher->dispatch() /var/www/html/mymuseJ4/joomla/libraries/src/Component/ComponentHelper.php:389
[14-Jan-2022 10:09:52 America/New_York] PHP   8. Joomla\Component\Mymuse\Site\Dispatcher\Dispatcher->dispatch() /var/www/html/mymuseJ4/joomla/components/com_mymuse/src/Dispatcher/Dispatcher.php:56
[14-Jan-2022 10:09:52 America/New_York] PHP   9. Joomla\Component\Mymuse\Site\Controller\DisplayController->execute() /var/www/html/mymuseJ4/joomla/libraries/src/Dispatcher/ComponentDispatcher.php:146
[14-Jan-2022 10:09:52 America/New_York] PHP  10. Joomla\Component\Mymuse\Site\Controller\DisplayController->display() /var/www/html/mymuseJ4/joomla/libraries/src/MVC/Controller/BaseController.php:730
[14-Jan-2022 10:09:52 America/New_York] PHP  11. Joomla\Component\Mymuse\Site\Controller\DisplayController->display() /var/www/html/mymuseJ4/joomla/components/com_mymuse/src/Controller/DisplayController.php:296
[14-Jan-2022 10:09:52 America/New_York] PHP  12. Joomla\Component\Mymuse\Site\View\Store\HtmlView->display() /var/www/html/mymuseJ4/joomla/libraries/src/MVC/Controller/BaseController.php:692
[14-Jan-2022 10:09:52 America/New_York] PHP  13. Joomla\Component\Mymuse\Site\View\Store\HtmlView->display() /var/www/html/mymuseJ4/joomla/components/com_mymuse/src/View/Store/HtmlView.php:712
[14-Jan-2022 10:09:52 America/New_York] PHP  14. Joomla\Component\Mymuse\Site\View\Store\HtmlView->loadTemplate() /var/www/html/mymuseJ4/joomla/libraries/src/MVC/View/HtmlView.php:218
[14-Jan-2022 10:09:52 America/New_York] PHP  15. include() /var/www/html/mymuseJ4/joomla/libraries/src/MVC/View/HtmlView.php:429
[14-Jan-2022 10:09:52 America/New_York] PHP  16. Joomla\Component\Mymuse\Site\View\Store\HtmlView->loadTemplate() /var/www/html/mymuseJ4/joomla/components/com_mymuse/tmpl/store/default.php:80
[14-Jan-2022 10:09:52 America/New_York] PHP  17. include() /var/www/html/mymuseJ4/joomla/libraries/src/MVC/View/HtmlView.php:429
[14-Jan-2022 10:09:52 America/New_York] PHP  18. Joomla\CMS\Router\Route::_() /var/www/html/mymuseJ4/joomla/components/com_mymuse/tmpl/store/default_item.php:37
[14-Jan-2022 10:09:52 America/New_York] PHP  19. Joomla\CMS\Router\Route::link() /var/www/html/mymuseJ4/joomla/libraries/src/Router/Route.php:94
[14-Jan-2022 10:09:52 America/New_York] PHP  20. Joomla\CMS\Router\SiteRouter->build() /var/www/html/mymuseJ4/joomla/libraries/src/Router/Route.php:145
[14-Jan-2022 10:09:52 America/New_York] PHP  21. Joomla\CMS\Router\SiteRouter->processBuildRules() /var/www/html/mymuseJ4/joomla/libraries/src/Router/Router.php:197
[14-Jan-2022 10:09:52 America/New_York] PHP  22. Joomla\CMS\Router\SiteRouter->buildSefRoute() /var/www/html/mymuseJ4/joomla/libraries/src/Router/Router.php:425
[14-Jan-2022 10:09:52 America/New_York] PHP  23. Joomla\Component\Mymuse\Site\Service\Router->build() /var/www/html/mymuseJ4/joomla/libraries/src/Router/SiteRouter.php:477
[14-Jan-2022 10:09:52 America/New_York] PHP  24. Joomla\Component\Mymuse\Site\Service\MymuseNomenuRules->build() /var/www/html/mymuseJ4/joomla/libraries/src/Component/Router/RouterView.php:245
[14-Jan-2022 10:09:52 America/New_York] PHP Notice:  Undefined index: view in /var/www/html/mymuseJ4/joomla/components/com_mymuse/src/Service/MymuseNomenuRules.php on line 103
[14-Jan-2022 10:09:52 America/New_York] PHP Stack trace:
[14-Jan-2022 10:09:52 America/New_York] PHP   1. {main}() /var/www/html/mymuseJ4/joomla/index.php:0
[14-Jan-2022 10:09:52 America/New_York] PHP   2. require_once() /var/www/html/mymuseJ4/joomla/index.php:32
[14-Jan-2022 10:09:52 America/New_York] PHP   3. Joomla\CMS\Application\SiteApplication->execute() /var/www/html/mymuseJ4/joomla/includes/app.php:63
[14-Jan-2022 10:09:52 America/New_York] PHP   4. Joomla\CMS\Application\SiteApplication->doExecute() /var/www/html/mymuseJ4/joomla/libraries/src/Application/CMSApplication.php:278
[14-Jan-2022 10:09:52 America/New_York] PHP   5. Joomla\CMS\Application\SiteApplication->dispatch() /var/www/html/mymuseJ4/joomla/libraries/src/Application/SiteApplication.php:245
[14-Jan-2022 10:09:52 America/New_York] PHP   6. Joomla\CMS\Component\ComponentHelper::renderComponent() /var/www/html/mymuseJ4/joomla/libraries/src/Application/SiteApplication.php:206
[14-Jan-2022 10:09:52 America/New_York] PHP   7. Joomla\Component\Mymuse\Site\Dispatcher\Dispatcher->dispatch() /var/www/html/mymuseJ4/joomla/libraries/src/Component/ComponentHelper.php:389
[14-Jan-2022 10:09:52 America/New_York] PHP   8. Joomla\Component\Mymuse\Site\Dispatcher\Dispatcher->dispatch() /var/www/html/mymuseJ4/joomla/components/com_mymuse/src/Dispatcher/Dispatcher.php:56
[14-Jan-2022 10:09:52 America/New_York] PHP   9. Joomla\Component\Mymuse\Site\Controller\DisplayController->execute() /var/www/html/mymuseJ4/joomla/libraries/src/Dispatcher/ComponentDispatcher.php:146
[14-Jan-2022 10:09:52 America/New_York] PHP  10. Joomla\Component\Mymuse\Site\Controller\DisplayController->display() /var/www/html/mymuseJ4/joomla/libraries/src/MVC/Controller/BaseController.php:730
[14-Jan-2022 10:09:52 America/New_York] PHP  11. Joomla\Component\Mymuse\Site\Controller\DisplayController->display() /var/www/html/mymuseJ4/joomla/components/com_mymuse/src/Controller/DisplayController.php:296
[14-Jan-2022 10:09:52 America/New_York] PHP  12. Joomla\Component\Mymuse\Site\View\Store\HtmlView->display() /var/www/html/mymuseJ4/joomla/libraries/src/MVC/Controller/BaseController.php:692
[14-Jan-2022 10:09:52 America/New_York] PHP  13. Joomla\Component\Mymuse\Site\View\Store\HtmlView->display() /var/www/html/mymuseJ4/joomla/components/com_mymuse/src/View/Store/HtmlView.php:712
[14-Jan-2022 10:09:52 America/New_York] PHP  14. Joomla\Component\Mymuse\Site\View\Store\HtmlView->loadTemplate() /var/www/html/mymuseJ4/joomla/libraries/src/MVC/View/HtmlView.php:218
[14-Jan-2022 10:09:52 America/New_York] PHP  15. include() /var/www/html/mymuseJ4/joomla/libraries/src/MVC/View/HtmlView.php:429
[14-Jan-2022 10:09:52 America/New_York] PHP  16. Joomla\Component\Mymuse\Site\View\Store\HtmlView->loadTemplate() /var/www/html/mymuseJ4/joomla/components/com_mymuse/tmpl/store/default.php:80
[14-Jan-2022 10:09:52 America/New_York] PHP  17. include() /var/www/html/mymuseJ4/joomla/libraries/src/MVC/View/HtmlView.php:429
[14-Jan-2022 10:09:52 America/New_York] PHP  18. Joomla\CMS\Router\Route::_() /var/www/html/mymuseJ4/joomla/components/com_mymuse/tmpl/store/default_item.php:37
[14-Jan-2022 10:09:52 America/New_York] PHP  19. Joomla\CMS\Router\Route::link() /var/www/html/mymuseJ4/joomla/libraries/src/Router/Route.php:94
[14-Jan-2022 10:09:52 America/New_York] PHP  20. Joomla\CMS\Router\SiteRouter->build() /var/www/html/mymuseJ4/joomla/libraries/src/Router/Route.php:145
[14-Jan-2022 10:09:52 America/New_York] PHP  21. Joomla\CMS\Router\SiteRouter->processBuildRules() /var/www/html/mymuseJ4/joomla/libraries/src/Router/Router.php:197
[14-Jan-2022 10:09:52 America/New_York] PHP  22. Joomla\CMS\Router\SiteRouter->buildSefRoute() /var/www/html/mymuseJ4/joomla/libraries/src/Router/Router.php:425
[14-Jan-2022 10:09:52 America/New_York] PHP  23. Joomla\Component\Mymuse\Site\Service\Router->build() /var/www/html/mymuseJ4/joomla/libraries/src/Router/SiteRouter.php:477
[14-Jan-2022 10:09:52 America/New_York] PHP  24. Joomla\Component\Mymuse\Site\Service\MymuseNomenuRules->build() /var/www/html/mymuseJ4/joomla/libraries/src/Component/Router/RouterView.php:245
[14-Jan-2022 10:09:52 America/New_York] PHP Notice:  Undefined property: Joomla\Component\Mymuse\Site\Service\MymuseNomenuRules::$db in /var/www/html/mymuseJ4/joomla/components/com_mymuse/src/Service/MymuseNomenuRules.php on line 106
[14-Jan-2022 10:09:52 America/New_York] PHP Stack trace:
[14-Jan-2022 10:09:52 America/New_York] PHP   1. {main}() /var/www/html/mymuseJ4/joomla/index.php:0
[14-Jan-2022 10:09:52 America/New_York] PHP   2. require_once() /var/www/html/mymuseJ4/joomla/index.php:32
[14-Jan-2022 10:09:52 America/New_York] PHP   3. Joomla\CMS\Application\SiteApplication->execute() /var/www/html/mymuseJ4/joomla/includes/app.php:63
[14-Jan-2022 10:09:52 America/New_York] PHP   4. Joomla\CMS\Application\SiteApplication->doExecute() /var/www/html/mymuseJ4/joomla/libraries/src/Application/CMSApplication.php:278
[14-Jan-2022 10:09:52 America/New_York] PHP   5. Joomla\CMS\Application\SiteApplication->dispatch() /var/www/html/mymuseJ4/joomla/libraries/src/Application/SiteApplication.php:245
[14-Jan-2022 10:09:52 America/New_York] PHP   6. Joomla\CMS\Component\ComponentHelper::renderComponent() /var/www/html/mymuseJ4/joomla/libraries/src/Application/SiteApplication.php:206
[14-Jan-2022 10:09:52 America/New_York] PHP   7. Joomla\Component\Mymuse\Site\Dispatcher\Dispatcher->dispatch() /var/www/html/mymuseJ4/joomla/libraries/src/Component/ComponentHelper.php:389
[14-Jan-2022 10:09:52 America/New_York] PHP   8. Joomla\Component\Mymuse\Site\Dispatcher\Dispatcher->dispatch() /var/www/html/mymuseJ4/joomla/components/com_mymuse/src/Dispatcher/Dispatcher.php:56
[14-Jan-2022 10:09:52 America/New_York] PHP   9. Joomla\Component\Mymuse\Site\Controller\DisplayController->execute() /var/www/html/mymuseJ4/joomla/libraries/src/Dispatcher/ComponentDispatcher.php:146
[14-Jan-2022 10:09:52 America/New_York] PHP  10. Joomla\Component\Mymuse\Site\Controller\DisplayController->display() /var/www/html/mymuseJ4/joomla/libraries/src/MVC/Controller/BaseController.php:730
[14-Jan-2022 10:09:52 America/New_York] PHP  11. Joomla\Component\Mymuse\Site\Controller\DisplayController->display() /var/www/html/mymuseJ4/joomla/components/com_mymuse/src/Controller/DisplayController.php:296
[14-Jan-2022 10:09:52 America/New_York] PHP  12. Joomla\Component\Mymuse\Site\View\Store\HtmlView->display() /var/www/html/mymuseJ4/joomla/libraries/src/MVC/Controller/BaseController.php:692
[14-Jan-2022 10:09:52 America/New_York] PHP  13. Joomla\Component\Mymuse\Site\View\Store\HtmlView->display() /var/www/html/mymuseJ4/joomla/components/com_mymuse/src/View/Store/HtmlView.php:712
[14-Jan-2022 10:09:52 America/New_York] PHP  14. Joomla\Component\Mymuse\Site\View\Store\HtmlView->loadTemplate() /var/www/html/mymuseJ4/joomla/libraries/src/MVC/View/HtmlView.php:218
[14-Jan-2022 10:09:52 America/New_York] PHP  15. include() /var/www/html/mymuseJ4/joomla/libraries/src/MVC/View/HtmlView.php:429
[14-Jan-2022 10:09:52 America/New_York] PHP  16. Joomla\Component\Mymuse\Site\View\Store\HtmlView->loadTemplate() /var/www/html/mymuseJ4/joomla/components/com_mymuse/tmpl/store/default.php:80
[14-Jan-2022 10:09:52 America/New_York] PHP  17. include() /var/www/html/mymuseJ4/joomla/libraries/src/MVC/View/HtmlView.php:429
[14-Jan-2022 10:09:52 America/New_York] PHP  18. Joomla\CMS\Router\Route::_() /var/www/html/mymuseJ4/joomla/components/com_mymuse/tmpl/store/default_item.php:37
[14-Jan-2022 10:09:52 America/New_York] PHP  19. Joomla\CMS\Router\Route::link() /var/www/html/mymuseJ4/joomla/libraries/src/Router/Route.php:94
[14-Jan-2022 10:09:52 America/New_York] PHP  20. Joomla\CMS\Router\SiteRouter->build() /var/www/html/mymuseJ4/joomla/libraries/src/Router/Route.php:145
[14-Jan-2022 10:09:52 America/New_York] PHP  21. Joomla\CMS\Router\SiteRouter->processBuildRules() /var/www/html/mymuseJ4/joomla/libraries/src/Router/Router.php:197
[14-Jan-2022 10:09:52 America/New_York] PHP  22. Joomla\CMS\Router\SiteRouter->buildSefRoute() /var/www/html/mymuseJ4/joomla/libraries/src/Router/Router.php:425
[14-Jan-2022 10:09:52 America/New_York] PHP  23. Joomla\Component\Mymuse\Site\Service\Router->build() /var/www/html/mymuseJ4/joomla/libraries/src/Router/SiteRouter.php:477
[14-Jan-2022 10:09:52 America/New_York] PHP  24. Joomla\Component\Mymuse\Site\Service\MymuseNomenuRules->build() /var/www/html/mymuseJ4/joomla/libraries/src/Component/Router/RouterView.php:245
[14-Jan-2022 10:10:58 America/New_York] PHP Notice:  Undefined index: id in /var/www/html/mymuseJ4/joomla/components/com_mymuse/src/Service/MymuseNomenuRules.php on line 102
[14-Jan-2022 10:10:58 America/New_York] PHP Stack trace:
[14-Jan-2022 10:10:58 America/New_York] PHP   1. {main}() /var/www/html/mymuseJ4/joomla/index.php:0
[14-Jan-2022 10:10:58 America/New_York] PHP   2. require_once() /var/www/html/mymuseJ4/joomla/index.php:32
[14-Jan-2022 10:10:58 America/New_York] PHP   3. Joomla\CMS\Application\SiteApplication->execute() /var/www/html/mymuseJ4/joomla/includes/app.php:63
[14-Jan-2022 10:10:58 America/New_York] PHP   4. Joomla\CMS\Application\SiteApplication->doExecute() /var/www/html/mymuseJ4/joomla/libraries/src/Application/CMSApplication.php:278
[14-Jan-2022 10:10:58 America/New_York] PHP   5. Joomla\CMS\Application\SiteApplication->dispatch() /var/www/html/mymuseJ4/joomla/libraries/src/Application/SiteApplication.php:245
[14-Jan-2022 10:10:58 America/New_York] PHP   6. Joomla\CMS\Component\ComponentHelper::renderComponent() /var/www/html/mymuseJ4/joomla/libraries/src/Application/SiteApplication.php:206
[14-Jan-2022 10:10:58 America/New_York] PHP   7. Joomla\Component\Mymuse\Site\Dispatcher\Dispatcher->dispatch() /var/www/html/mymuseJ4/joomla/libraries/src/Component/ComponentHelper.php:389
[14-Jan-2022 10:10:58 America/New_York] PHP   8. Joomla\Component\Mymuse\Site\Dispatcher\Dispatcher->dispatch() /var/www/html/mymuseJ4/joomla/components/com_mymuse/src/Dispatcher/Dispatcher.php:56
[14-Jan-2022 10:10:58 America/New_York] PHP   9. Joomla\Component\Mymuse\Site\Controller\DisplayController->execute() /var/www/html/mymuseJ4/joomla/libraries/src/Dispatcher/ComponentDispatcher.php:146
[14-Jan-2022 10:10:58 America/New_York] PHP  10. Joomla\Component\Mymuse\Site\Controller\DisplayController->display() /var/www/html/mymuseJ4/joomla/libraries/src/MVC/Controller/BaseController.php:730
[14-Jan-2022 10:10:58 America/New_York] PHP  11. Joomla\Component\Mymuse\Site\Controller\DisplayController->display() /var/www/html/mymuseJ4/joomla/components/com_mymuse/src/Controller/DisplayController.php:296
[14-Jan-2022 10:10:58 America/New_York] PHP  12. Joomla\Component\Mymuse\Site\View\Store\HtmlView->display() /var/www/html/mymuseJ4/joomla/libraries/src/MVC/Controller/BaseController.php:692
[14-Jan-2022 10:10:58 America/New_York] PHP  13. Joomla\Component\Mymuse\Site\View\Store\HtmlView->display() /var/www/html/mymuseJ4/joomla/components/com_mymuse/src/View/Store/HtmlView.php:712
[14-Jan-2022 10:10:58 America/New_York] PHP  14. Joomla\Component\Mymuse\Site\View\Store\HtmlView->loadTemplate() /var/www/html/mymuseJ4/joomla/libraries/src/MVC/View/HtmlView.php:218
[14-Jan-2022 10:10:58 America/New_York] PHP  15. include() /var/www/html/mymuseJ4/joomla/libraries/src/MVC/View/HtmlView.php:429
[14-Jan-2022 10:10:58 America/New_York] PHP  16. Joomla\Component\Mymuse\Site\View\Store\HtmlView->loadTemplate() /var/www/html/mymuseJ4/joomla/components/com_mymuse/tmpl/store/default.php:80
[14-Jan-2022 10:10:58 America/New_York] PHP  17. include() /var/www/html/mymuseJ4/joomla/libraries/src/MVC/View/HtmlView.php:429
[14-Jan-2022 10:10:58 America/New_York] PHP  18. Joomla\CMS\Router\Route::_() /var/www/html/mymuseJ4/joomla/components/com_mymuse/tmpl/store/default_item.php:37
[14-Jan-2022 10:10:58 America/New_York] PHP  19. Joomla\CMS\Router\Route::link() /var/www/html/mymuseJ4/joomla/libraries/src/Router/Route.php:94
[14-Jan-2022 10:10:58 America/New_York] PHP  20. Joomla\CMS\Router\SiteRouter->build() /var/www/html/mymuseJ4/joomla/libraries/src/Router/Route.php:145
[14-Jan-2022 10:10:58 America/New_York] PHP  21. Joomla\CMS\Router\SiteRouter->processBuildRules() /var/www/html/mymuseJ4/joomla/libraries/src/Router/Router.php:197
[14-Jan-2022 10:10:58 America/New_York] PHP  22. Joomla\CMS\Router\SiteRouter->buildSefRoute() /var/www/html/mymuseJ4/joomla/libraries/src/Router/Router.php:425
[14-Jan-2022 10:10:58 America/New_York] PHP  23. Joomla\Component\Mymuse\Site\Service\Router->build() /var/www/html/mymuseJ4/joomla/libraries/src/Router/SiteRouter.php:477
[14-Jan-2022 10:10:58 America/New_York] PHP  24. Joomla\Component\Mymuse\Site\Service\MymuseNomenuRules->build() /var/www/html/mymuseJ4/joomla/libraries/src/Component/Router/RouterView.php:245
[14-Jan-2022 10:10:58 America/New_York] PHP Notice:  Undefined index: view in /var/www/html/mymuseJ4/joomla/components/com_mymuse/src/Service/MymuseNomenuRules.php on line 103
[14-Jan-2022 10:10:58 America/New_York] PHP Stack trace:
[14-Jan-2022 10:10:58 America/New_York] PHP   1. {main}() /var/www/html/mymuseJ4/joomla/index.php:0
[14-Jan-2022 10:10:58 America/New_York] PHP   2. require_once() /var/www/html/mymuseJ4/joomla/index.php:32
[14-Jan-2022 10:10:58 America/New_York] PHP   3. Joomla\CMS\Application\SiteApplication->execute() /var/www/html/mymuseJ4/joomla/includes/app.php:63
[14-Jan-2022 10:10:58 America/New_York] PHP   4. Joomla\CMS\Application\SiteApplication->doExecute() /var/www/html/mymuseJ4/joomla/libraries/src/Application/CMSApplication.php:278
[14-Jan-2022 10:10:58 America/New_York] PHP   5. Joomla\CMS\Application\SiteApplication->dispatch() /var/www/html/mymuseJ4/joomla/libraries/src/Application/SiteApplication.php:245
[14-Jan-2022 10:10:58 America/New_York] PHP   6. Joomla\CMS\Component\ComponentHelper::renderComponent() /var/www/html/mymuseJ4/joomla/libraries/src/Application/SiteApplication.php:206
[14-Jan-2022 10:10:58 America/New_York] PHP   7. Joomla\Component\Mymuse\Site\Dispatcher\Dispatcher->dispatch() /var/www/html/mymuseJ4/joomla/libraries/src/Component/ComponentHelper.php:389
[14-Jan-2022 10:10:58 America/New_York] PHP   8. Joomla\Component\Mymuse\Site\Dispatcher\Dispatcher->dispatch() /var/www/html/mymuseJ4/joomla/components/com_mymuse/src/Dispatcher/Dispatcher.php:56
[14-Jan-2022 10:10:58 America/New_York] PHP   9. Joomla\Component\Mymuse\Site\Controller\DisplayController->execute() /var/www/html/mymuseJ4/joomla/libraries/src/Dispatcher/ComponentDispatcher.php:146
[14-Jan-2022 10:10:58 America/New_York] PHP  10. Joomla\Component\Mymuse\Site\Controller\DisplayController->display() /var/www/html/mymuseJ4/joomla/libraries/src/MVC/Controller/BaseController.php:730
[14-Jan-2022 10:10:58 America/New_York] PHP  11. Joomla\Component\Mymuse\Site\Controller\DisplayController->display() /var/www/html/mymuseJ4/joomla/components/com_mymuse/src/Controller/DisplayController.php:296
[14-Jan-2022 10:10:58 America/New_York] PHP  12. Joomla\Component\Mymuse\Site\View\Store\HtmlView->display() /var/www/html/mymuseJ4/joomla/libraries/src/MVC/Controller/BaseController.php:692
[14-Jan-2022 10:10:58 America/New_York] PHP  13. Joomla\Component\Mymuse\Site\View\Store\HtmlView->display() /var/www/html/mymuseJ4/joomla/components/com_mymuse/src/View/Store/HtmlView.php:712
[14-Jan-2022 10:10:58 America/New_York] PHP  14. Joomla\Component\Mymuse\Site\View\Store\HtmlView->loadTemplate() /var/www/html/mymuseJ4/joomla/libraries/src/MVC/View/HtmlView.php:218
[14-Jan-2022 10:10:58 America/New_York] PHP  15. include() /var/www/html/mymuseJ4/joomla/libraries/src/MVC/View/HtmlView.php:429
[14-Jan-2022 10:10:58 America/New_York] PHP  16. Joomla\Component\Mymuse\Site\View\Store\HtmlView->loadTemplate() /var/www/html/mymuseJ4/joomla/components/com_mymuse/tmpl/store/default.php:80
[14-Jan-2022 10:10:58 America/New_York] PHP  17. include() /var/www/html/mymuseJ4/joomla/libraries/src/MVC/View/HtmlView.php:429
[14-Jan-2022 10:10:58 America/New_York] PHP  18. Joomla\CMS\Router\Route::_() /var/www/html/mymuseJ4/joomla/components/com_mymuse/tmpl/store/default_item.php:37
[14-Jan-2022 10:10:58 America/New_York] PHP  19. Joomla\CMS\Router\Route::link() /var/www/html/mymuseJ4/joomla/libraries/src/Router/Route.php:94
[14-Jan-2022 10:10:58 America/New_York] PHP  20. Joomla\CMS\Router\SiteRouter->build() /var/www/html/mymuseJ4/joomla/libraries/src/Router/Route.php:145
[14-Jan-2022 10:10:58 America/New_York] PHP  21. Joomla\CMS\Router\SiteRouter->processBuildRules() /var/www/html/mymuseJ4/joomla/libraries/src/Router/Router.php:197
[14-Jan-2022 10:10:58 America/New_York] PHP  22. Joomla\CMS\Router\SiteRouter->buildSefRoute() /var/www/html/mymuseJ4/joomla/libraries/src/Router/Router.php:425
[14-Jan-2022 10:10:58 America/New_York] PHP  23. Joomla\Component\Mymuse\Site\Service\Router->build() /var/www/html/mymuseJ4/joomla/libraries/src/Router/SiteRouter.php:477
[14-Jan-2022 10:10:58 America/New_York] PHP  24. Joomla\Component\Mymuse\Site\Service\MymuseNomenuRules->build() /var/www/html/mymuseJ4/joomla/libraries/src/Component/Router/RouterView.php:245
[14-Jan-2022 10:12:27 America/New_York] PHP Notice:  Undefined index: id in /var/www/html/mymuseJ4/joomla/components/com_mymuse/src/Service/MymuseNomenuRules.php on line 106
[14-Jan-2022 10:12:27 America/New_York] PHP Stack trace:
[14-Jan-2022 10:12:27 America/New_York] PHP   1. {main}() /var/www/html/mymuseJ4/joomla/index.php:0
[14-Jan-2022 10:12:27 America/New_York] PHP   2. require_once() /var/www/html/mymuseJ4/joomla/index.php:32
[14-Jan-2022 10:12:27 America/New_York] PHP   3. Joomla\CMS\Application\SiteApplication->execute() /var/www/html/mymuseJ4/joomla/includes/app.php:63
[14-Jan-2022 10:12:27 America/New_York] PHP   4. Joomla\CMS\Application\SiteApplication->doExecute() /var/www/html/mymuseJ4/joomla/libraries/src/Application/CMSApplication.php:278
[14-Jan-2022 10:12:27 America/New_York] PHP   5. Joomla\CMS\Application\SiteApplication->dispatch() /var/www/html/mymuseJ4/joomla/libraries/src/Application/SiteApplication.php:245
[14-Jan-2022 10:12:27 America/New_York] PHP   6. Joomla\CMS\Component\ComponentHelper::renderComponent() /var/www/html/mymuseJ4/joomla/libraries/src/Application/SiteApplication.php:206
[14-Jan-2022 10:12:27 America/New_York] PHP   7. Joomla\Component\Mymuse\Site\Dispatcher\Dispatcher->dispatch() /var/www/html/mymuseJ4/joomla/libraries/src/Component/ComponentHelper.php:389
[14-Jan-2022 10:12:27 America/New_York] PHP   8. Joomla\Component\Mymuse\Site\Dispatcher\Dispatcher->dispatch() /var/www/html/mymuseJ4/joomla/components/com_mymuse/src/Dispatcher/Dispatcher.php:56
[14-Jan-2022 10:12:27 America/New_York] PHP   9. Joomla\Component\Mymuse\Site\Controller\DisplayController->execute() /var/www/html/mymuseJ4/joomla/libraries/src/Dispatcher/ComponentDispatcher.php:146
[14-Jan-2022 10:12:27 America/New_York] PHP  10. Joomla\Component\Mymuse\Site\Controller\DisplayController->display() /var/www/html/mymuseJ4/joomla/libraries/src/MVC/Controller/BaseController.php:730
[14-Jan-2022 10:12:27 America/New_York] PHP  11. Joomla\Component\Mymuse\Site\Controller\DisplayController->display() /var/www/html/mymuseJ4/joomla/components/com_mymuse/src/Controller/DisplayController.php:296
[14-Jan-2022 10:12:27 America/New_York] PHP  12. Joomla\Component\Mymuse\Site\View\Store\HtmlView->display() /var/www/html/mymuseJ4/joomla/libraries/src/MVC/Controller/BaseController.php:692
[14-Jan-2022 10:12:27 America/New_York] PHP  13. Joomla\Component\Mymuse\Site\View\Store\HtmlView->display() /var/www/html/mymuseJ4/joomla/components/com_mymuse/src/View/Store/HtmlView.php:712
[14-Jan-2022 10:12:27 America/New_York] PHP  14. Joomla\Component\Mymuse\Site\View\Store\HtmlView->loadTemplate() /var/www/html/mymuseJ4/joomla/libraries/src/MVC/View/HtmlView.php:218
[14-Jan-2022 10:12:27 America/New_York] PHP  15. include() /var/www/html/mymuseJ4/joomla/libraries/src/MVC/View/HtmlView.php:429
[14-Jan-2022 10:12:27 America/New_York] PHP  16. Joomla\Component\Mymuse\Site\View\Store\HtmlView->loadTemplate() /var/www/html/mymuseJ4/joomla/components/com_mymuse/tmpl/store/default.php:80
[14-Jan-2022 10:12:27 America/New_York] PHP  17. include() /var/www/html/mymuseJ4/joomla/libraries/src/MVC/View/HtmlView.php:429
[14-Jan-2022 10:12:27 America/New_York] PHP  18. Joomla\CMS\Router\Route::_() /var/www/html/mymuseJ4/joomla/components/com_mymuse/tmpl/store/default_item.php:37
[14-Jan-2022 10:12:27 America/New_York] PHP  19. Joomla\CMS\Router\Route::link() /var/www/html/mymuseJ4/joomla/libraries/src/Router/Route.php:94
[14-Jan-2022 10:12:27 America/New_York] PHP  20. Joomla\CMS\Router\SiteRouter->build() /var/www/html/mymuseJ4/joomla/libraries/src/Router/Route.php:145
[14-Jan-2022 10:12:27 America/New_York] PHP  21. Joomla\CMS\Router\SiteRouter->processBuildRules() /var/www/html/mymuseJ4/joomla/libraries/src/Router/Router.php:197
[14-Jan-2022 10:12:27 America/New_York] PHP  22. Joomla\CMS\Router\SiteRouter->buildSefRoute() /var/www/html/mymuseJ4/joomla/libraries/src/Router/Router.php:425
[14-Jan-2022 10:12:27 America/New_York] PHP  23. Joomla\Component\Mymuse\Site\Service\Router->build() /var/www/html/mymuseJ4/joomla/libraries/src/Router/SiteRouter.php:477
[14-Jan-2022 10:12:27 America/New_York] PHP  24. Joomla\Component\Mymuse\Site\Service\MymuseNomenuRules->build() /var/www/html/mymuseJ4/joomla/libraries/src/Component/Router/RouterView.php:245
[14-Jan-2022 10:12:27 America/New_York] PHP Notice:  Undefined index: view in /var/www/html/mymuseJ4/joomla/components/com_mymuse/src/Service/MymuseNomenuRules.php on line 107
[14-Jan-2022 10:12:27 America/New_York] PHP Stack trace:
[14-Jan-2022 10:12:27 America/New_York] PHP   1. {main}() /var/www/html/mymuseJ4/joomla/index.php:0
[14-Jan-2022 10:12:27 America/New_York] PHP   2. require_once() /var/www/html/mymuseJ4/joomla/index.php:32
[14-Jan-2022 10:12:27 America/New_York] PHP   3. Joomla\CMS\Application\SiteApplication->execute() /var/www/html/mymuseJ4/joomla/includes/app.php:63
[14-Jan-2022 10:12:27 America/New_York] PHP   4. Joomla\CMS\Application\SiteApplication->doExecute() /var/www/html/mymuseJ4/joomla/libraries/src/Application/CMSApplication.php:278
[14-Jan-2022 10:12:27 America/New_York] PHP   5. Joomla\CMS\Application\SiteApplication->dispatch() /var/www/html/mymuseJ4/joomla/libraries/src/Application/SiteApplication.php:245
[14-Jan-2022 10:12:27 America/New_York] PHP   6. Joomla\CMS\Component\ComponentHelper::renderComponent() /var/www/html/mymuseJ4/joomla/libraries/src/Application/SiteApplication.php:206
[14-Jan-2022 10:12:27 America/New_York] PHP   7. Joomla\Component\Mymuse\Site\Dispatcher\Dispatcher->dispatch() /var/www/html/mymuseJ4/joomla/libraries/src/Component/ComponentHelper.php:389
[14-Jan-2022 10:12:27 America/New_York] PHP   8. Joomla\Component\Mymuse\Site\Dispatcher\Dispatcher->dispatch() /var/www/html/mymuseJ4/joomla/components/com_mymuse/src/Dispatcher/Dispatcher.php:56
[14-Jan-2022 10:12:27 America/New_York] PHP   9. Joomla\Component\Mymuse\Site\Controller\DisplayController->execute() /var/www/html/mymuseJ4/joomla/libraries/src/Dispatcher/ComponentDispatcher.php:146
[14-Jan-2022 10:12:27 America/New_York] PHP  10. Joomla\Component\Mymuse\Site\Controller\DisplayController->display() /var/www/html/mymuseJ4/joomla/libraries/src/MVC/Controller/BaseController.php:730
[14-Jan-2022 10:12:27 America/New_York] PHP  11. Joomla\Component\Mymuse\Site\Controller\DisplayController->display() /var/www/html/mymuseJ4/joomla/components/com_mymuse/src/Controller/DisplayController.php:296
[14-Jan-2022 10:12:27 America/New_York] PHP  12. Joomla\Component\Mymuse\Site\View\Store\HtmlView->display() /var/www/html/mymuseJ4/joomla/libraries/src/MVC/Controller/BaseController.php:692
[14-Jan-2022 10:12:27 America/New_York] PHP  13. Joomla\Component\Mymuse\Site\View\Store\HtmlView->display() /var/www/html/mymuseJ4/joomla/components/com_mymuse/src/View/Store/HtmlView.php:712
[14-Jan-2022 10:12:27 America/New_York] PHP  14. Joomla\Component\Mymuse\Site\View\Store\HtmlView->loadTemplate() /var/www/html/mymuseJ4/joomla/libraries/src/MVC/View/HtmlView.php:218
[14-Jan-2022 10:12:27 America/New_York] PHP  15. include() /var/www/html/mymuseJ4/joomla/libraries/src/MVC/View/HtmlView.php:429
[14-Jan-2022 10:12:27 America/New_York] PHP  16. Joomla\Component\Mymuse\Site\View\Store\HtmlView->loadTemplate() /var/www/html/mymuseJ4/joomla/components/com_mymuse/tmpl/store/default.php:80
[14-Jan-2022 10:12:27 America/New_York] PHP  17. include() /var/www/html/mymuseJ4/joomla/libraries/src/MVC/View/HtmlView.php:429
[14-Jan-2022 10:12:27 America/New_York] PHP  18. Joomla\CMS\Router\Route::_() /var/www/html/mymuseJ4/joomla/components/com_mymuse/tmpl/store/default_item.php:37
[14-Jan-2022 10:12:27 America/New_York] PHP  19. Joomla\CMS\Router\Route::link() /var/www/html/mymuseJ4/joomla/libraries/src/Router/Route.php:94
[14-Jan-2022 10:12:27 America/New_York] PHP  20. Joomla\CMS\Router\SiteRouter->build() /var/www/html/mymuseJ4/joomla/libraries/src/Router/Route.php:145
[14-Jan-2022 10:12:27 America/New_York] PHP  21. Joomla\CMS\Router\SiteRouter->processBuildRules() /var/www/html/mymuseJ4/joomla/libraries/src/Router/Router.php:197
[14-Jan-2022 10:12:27 America/New_York] PHP  22. Joomla\CMS\Router\SiteRouter->buildSefRoute() /var/www/html/mymuseJ4/joomla/libraries/src/Router/Router.php:425
[14-Jan-2022 10:12:27 America/New_York] PHP  23. Joomla\Component\Mymuse\Site\Service\Router->build() /var/www/html/mymuseJ4/joomla/libraries/src/Router/SiteRouter.php:477
[14-Jan-2022 10:12:27 America/New_York] PHP  24. Joomla\Component\Mymuse\Site\Service\MymuseNomenuRules->build() /var/www/html/mymuseJ4/joomla/libraries/src/Component/Router/RouterView.php:245
[14-Jan-2022 10:12:27 America/New_York] PHP Warning:  Illegal string offset 'option' in /var/www/html/mymuseJ4/joomla/libraries/src/Router/SiteRouter.php on line 481
[14-Jan-2022 10:12:27 America/New_York] PHP Stack trace:
[14-Jan-2022 10:12:27 America/New_York] PHP   1. {main}() /var/www/html/mymuseJ4/joomla/index.php:0
[14-Jan-2022 10:12:27 America/New_York] PHP   2. require_once() /var/www/html/mymuseJ4/joomla/index.php:32
[14-Jan-2022 10:12:27 America/New_York] PHP   3. Joomla\CMS\Application\SiteApplication->execute() /var/www/html/mymuseJ4/joomla/includes/app.php:63
[14-Jan-2022 10:12:27 America/New_York] PHP   4. Joomla\CMS\Application\SiteApplication->doExecute() /var/www/html/mymuseJ4/joomla/libraries/src/Application/CMSApplication.php:278
[14-Jan-2022 10:12:27 America/New_York] PHP   5. Joomla\CMS\Application\SiteApplication->dispatch() /var/www/html/mymuseJ4/joomla/libraries/src/Application/SiteApplication.php:245
[14-Jan-2022 10:12:27 America/New_York] PHP   6. Joomla\CMS\Component\ComponentHelper::renderComponent() /var/www/html/mymuseJ4/joomla/libraries/src/Application/SiteApplication.php:206
[14-Jan-2022 10:12:27 America/New_York] PHP   7. Joomla\Component\Mymuse\Site\Dispatcher\Dispatcher->dispatch() /var/www/html/mymuseJ4/joomla/libraries/src/Component/ComponentHelper.php:389
[14-Jan-2022 10:12:27 America/New_York] PHP   8. Joomla\Component\Mymuse\Site\Dispatcher\Dispatcher->dispatch() /var/www/html/mymuseJ4/joomla/components/com_mymuse/src/Dispatcher/Dispatcher.php:56
[14-Jan-2022 10:12:27 America/New_York] PHP   9. Joomla\Component\Mymuse\Site\Controller\DisplayController->execute() /var/www/html/mymuseJ4/joomla/libraries/src/Dispatcher/ComponentDispatcher.php:146
[14-Jan-2022 10:12:27 America/New_York] PHP  10. Joomla\Component\Mymuse\Site\Controller\DisplayController->display() /var/www/html/mymuseJ4/joomla/libraries/src/MVC/Controller/BaseController.php:730
[14-Jan-2022 10:12:27 America/New_York] PHP  11. Joomla\Component\Mymuse\Site\Controller\DisplayController->display() /var/www/html/mymuseJ4/joomla/components/com_mymuse/src/Controller/DisplayController.php:296
[14-Jan-2022 10:12:27 America/New_York] PHP  12. Joomla\Component\Mymuse\Site\View\Store\HtmlView->display() /var/www/html/mymuseJ4/joomla/libraries/src/MVC/Controller/BaseController.php:692
[14-Jan-2022 10:12:27 America/New_York] PHP  13. Joomla\Component\Mymuse\Site\View\Store\HtmlView->display() /var/www/html/mymuseJ4/joomla/components/com_mymuse/src/View/Store/HtmlView.php:712
[14-Jan-2022 10:12:27 America/New_York] PHP  14. Joomla\Component\Mymuse\Site\View\Store\HtmlView->loadTemplate() /var/www/html/mymuseJ4/joomla/libraries/src/MVC/View/HtmlView.php:218
[14-Jan-2022 10:12:27 America/New_York] PHP  15. include() /var/www/html/mymuseJ4/joomla/libraries/src/MVC/View/HtmlView.php:429
[14-Jan-2022 10:12:27 America/New_York] PHP  16. Joomla\Component\Mymuse\Site\View\Store\HtmlView->loadTemplate() /var/www/html/mymuseJ4/joomla/components/com_mymuse/tmpl/store/default.php:80
[14-Jan-2022 10:12:27 America/New_York] PHP  17. include() /var/www/html/mymuseJ4/joomla/libraries/src/MVC/View/HtmlView.php:429
[14-Jan-2022 10:12:27 America/New_York] PHP  18. Joomla\CMS\Router\Route::_() /var/www/html/mymuseJ4/joomla/components/com_mymuse/tmpl/store/default_item.php:37
[14-Jan-2022 10:12:27 America/New_York] PHP  19. Joomla\CMS\Router\Route::link() /var/www/html/mymuseJ4/joomla/libraries/src/Router/Route.php:94
[14-Jan-2022 10:12:27 America/New_York] PHP  20. Joomla\CMS\Router\SiteRouter->build() /var/www/html/mymuseJ4/joomla/libraries/src/Router/Route.php:145
[14-Jan-2022 10:12:27 America/New_York] PHP  21. Joomla\CMS\Router\SiteRouter->processBuildRules() /var/www/html/mymuseJ4/joomla/libraries/src/Router/Router.php:197
[14-Jan-2022 10:12:27 America/New_York] PHP  22. Joomla\CMS\Router\SiteRouter->buildSefRoute() /var/www/html/mymuseJ4/joomla/libraries/src/Router/Router.php:425
[14-Jan-2022 10:12:27 America/New_York] PHP Warning:  Illegal string offset 'option' in /var/www/html/mymuseJ4/joomla/libraries/src/Router/SiteRouter.php on line 492
[14-Jan-2022 10:12:27 America/New_York] PHP Stack trace:
[14-Jan-2022 10:12:27 America/New_York] PHP   1. {main}() /var/www/html/mymuseJ4/joomla/index.php:0
[14-Jan-2022 10:12:27 America/New_York] PHP   2. require_once() /var/www/html/mymuseJ4/joomla/index.php:32
[14-Jan-2022 10:12:27 America/New_York] PHP   3. Joomla\CMS\Application\SiteApplication->execute() /var/www/html/mymuseJ4/joomla/includes/app.php:63
[14-Jan-2022 10:12:27 America/New_York] PHP   4. Joomla\CMS\Application\SiteApplication->doExecute() /var/www/html/mymuseJ4/joomla/libraries/src/Application/CMSApplication.php:278
[14-Jan-2022 10:12:27 America/New_York] PHP   5. Joomla\CMS\Application\SiteApplication->dispatch() /var/www/html/mymuseJ4/joomla/libraries/src/Application/SiteApplication.php:245
[14-Jan-2022 10:12:27 America/New_York] PHP   6. Joomla\CMS\Component\ComponentHelper::renderComponent() /var/www/html/mymuseJ4/joomla/libraries/src/Application/SiteApplication.php:206
[14-Jan-2022 10:12:27 America/New_York] PHP   7. Joomla\Component\Mymuse\Site\Dispatcher\Dispatcher->dispatch() /var/www/html/mymuseJ4/joomla/libraries/src/Component/ComponentHelper.php:389
[14-Jan-2022 10:12:27 America/New_York] PHP   8. Joomla\Component\Mymuse\Site\Dispatcher\Dispatcher->dispatch() /var/www/html/mymuseJ4/joomla/components/com_mymuse/src/Dispatcher/Dispatcher.php:56
[14-Jan-2022 10:12:27 America/New_York] PHP   9. Joomla\Component\Mymuse\Site\Controller\DisplayController->execute() /var/www/html/mymuseJ4/joomla/libraries/src/Dispatcher/ComponentDispatcher.php:146
[14-Jan-2022 10:12:27 America/New_York] PHP  10. Joomla\Component\Mymuse\Site\Controller\DisplayController->display() /var/www/html/mymuseJ4/joomla/libraries/src/MVC/Controller/BaseController.php:730
[14-Jan-2022 10:12:27 America/New_York] PHP  11. Joomla\Component\Mymuse\Site\Controller\DisplayController->display() /var/www/html/mymuseJ4/joomla/components/com_mymuse/src/Controller/DisplayController.php:296
[14-Jan-2022 10:12:27 America/New_York] PHP  12. Joomla\Component\Mymuse\Site\View\Store\HtmlView->display() /var/www/html/mymuseJ4/joomla/libraries/src/MVC/Controller/BaseController.php:692
[14-Jan-2022 10:12:27 America/New_York] PHP  13. Joomla\Component\Mymuse\Site\View\Store\HtmlView->display() /var/www/html/mymuseJ4/joomla/components/com_mymuse/src/View/Store/HtmlView.php:712
[14-Jan-2022 10:12:27 America/New_York] PHP  14. Joomla\Component\Mymuse\Site\View\Store\HtmlView->loadTemplate() /var/www/html/mymuseJ4/joomla/libraries/src/MVC/View/HtmlView.php:218
[14-Jan-2022 10:12:27 America/New_York] PHP  15. include() /var/www/html/mymuseJ4/joomla/libraries/src/MVC/View/HtmlView.php:429
[14-Jan-2022 10:12:27 America/New_York] PHP  16. Joomla\Component\Mymuse\Site\View\Store\HtmlView->loadTemplate() /var/www/html/mymuseJ4/joomla/components/com_mymuse/tmpl/store/default.php:80
[14-Jan-2022 10:12:27 America/New_York] PHP  17. include() /var/www/html/mymuseJ4/joomla/libraries/src/MVC/View/HtmlView.php:429
[14-Jan-2022 10:12:27 America/New_York] PHP  18. Joomla\CMS\Router\Route::_() /var/www/html/mymuseJ4/joomla/components/com_mymuse/tmpl/store/default_item.php:37
[14-Jan-2022 10:12:27 America/New_York] PHP  19. Joomla\CMS\Router\Route::link() /var/www/html/mymuseJ4/joomla/libraries/src/Router/Route.php:94
[14-Jan-2022 10:12:27 America/New_York] PHP  20. Joomla\CMS\Router\SiteRouter->build() /var/www/html/mymuseJ4/joomla/libraries/src/Router/Route.php:145
[14-Jan-2022 10:12:27 America/New_York] PHP  21. Joomla\CMS\Router\SiteRouter->processBuildRules() /var/www/html/mymuseJ4/joomla/libraries/src/Router/Router.php:197
[14-Jan-2022 10:12:27 America/New_York] PHP  22. Joomla\CMS\Router\SiteRouter->buildSefRoute() /var/www/html/mymuseJ4/joomla/libraries/src/Router/Router.php:425
[14-Jan-2022 10:15:21 America/New_York] PHP Notice:  Undefined index: id in /var/www/html/mymuseJ4/joomla/components/com_mymuse/src/Service/MymuseNomenuRules.php on line 106
[14-Jan-2022 10:15:21 America/New_York] PHP Stack trace:
[14-Jan-2022 10:15:21 America/New_York] PHP   1. {main}() /var/www/html/mymuseJ4/joomla/index.php:0
[14-Jan-2022 10:15:21 America/New_York] PHP   2. require_once() /var/www/html/mymuseJ4/joomla/index.php:32
[14-Jan-2022 10:15:21 America/New_York] PHP   3. Joomla\CMS\Application\SiteApplication->execute() /var/www/html/mymuseJ4/joomla/includes/app.php:63
[14-Jan-2022 10:15:21 America/New_York] PHP   4. Joomla\CMS\Application\SiteApplication->doExecute() /var/www/html/mymuseJ4/joomla/libraries/src/Application/CMSApplication.php:278
[14-Jan-2022 10:15:21 America/New_York] PHP   5. Joomla\CMS\Application\SiteApplication->dispatch() /var/www/html/mymuseJ4/joomla/libraries/src/Application/SiteApplication.php:245
[14-Jan-2022 10:15:21 America/New_York] PHP   6. Joomla\CMS\Component\ComponentHelper::renderComponent() /var/www/html/mymuseJ4/joomla/libraries/src/Application/SiteApplication.php:206
[14-Jan-2022 10:15:21 America/New_York] PHP   7. Joomla\Component\Mymuse\Site\Dispatcher\Dispatcher->dispatch() /var/www/html/mymuseJ4/joomla/libraries/src/Component/ComponentHelper.php:389
[14-Jan-2022 10:15:21 America/New_York] PHP   8. Joomla\Component\Mymuse\Site\Dispatcher\Dispatcher->dispatch() /var/www/html/mymuseJ4/joomla/components/com_mymuse/src/Dispatcher/Dispatcher.php:56
[14-Jan-2022 10:15:21 America/New_York] PHP   9. Joomla\Component\Mymuse\Site\Controller\DisplayController->execute() /var/www/html/mymuseJ4/joomla/libraries/src/Dispatcher/ComponentDispatcher.php:146
[14-Jan-2022 10:15:21 America/New_York] PHP  10. Joomla\Component\Mymuse\Site\Controller\DisplayController->display() /var/www/html/mymuseJ4/joomla/libraries/src/MVC/Controller/BaseController.php:730
[14-Jan-2022 10:15:21 America/New_York] PHP  11. Joomla\Component\Mymuse\Site\Controller\DisplayController->display() /var/www/html/mymuseJ4/joomla/components/com_mymuse/src/Controller/DisplayController.php:296
[14-Jan-2022 10:15:21 America/New_York] PHP  12. Joomla\Component\Mymuse\Site\View\Store\HtmlView->display() /var/www/html/mymuseJ4/joomla/libraries/src/MVC/Controller/BaseController.php:692
[14-Jan-2022 10:15:21 America/New_York] PHP  13. Joomla\Component\Mymuse\Site\View\Store\HtmlView->display() /var/www/html/mymuseJ4/joomla/components/com_mymuse/src/View/Store/HtmlView.php:712
[14-Jan-2022 10:15:21 America/New_York] PHP  14. Joomla\Component\Mymuse\Site\View\Store\HtmlView->loadTemplate() /var/www/html/mymuseJ4/joomla/libraries/src/MVC/View/HtmlView.php:218
[14-Jan-2022 10:15:21 America/New_York] PHP  15. include() /var/www/html/mymuseJ4/joomla/libraries/src/MVC/View/HtmlView.php:429
[14-Jan-2022 10:15:21 America/New_York] PHP  16. Joomla\Component\Mymuse\Site\View\Store\HtmlView->loadTemplate() /var/www/html/mymuseJ4/joomla/components/com_mymuse/tmpl/store/default.php:80
[14-Jan-2022 10:15:21 America/New_York] PHP  17. include() /var/www/html/mymuseJ4/joomla/libraries/src/MVC/View/HtmlView.php:429
[14-Jan-2022 10:15:21 America/New_York] PHP  18. Joomla\CMS\Router\Route::_() /var/www/html/mymuseJ4/joomla/components/com_mymuse/tmpl/store/default_item.php:37
[14-Jan-2022 10:15:21 America/New_York] PHP  19. Joomla\CMS\Router\Route::link() /var/www/html/mymuseJ4/joomla/libraries/src/Router/Route.php:94
[14-Jan-2022 10:15:21 America/New_York] PHP  20. Joomla\CMS\Router\SiteRouter->build() /var/www/html/mymuseJ4/joomla/libraries/src/Router/Route.php:145
[14-Jan-2022 10:15:21 America/New_York] PHP  21. Joomla\CMS\Router\SiteRouter->processBuildRules() /var/www/html/mymuseJ4/joomla/libraries/src/Router/Router.php:197
[14-Jan-2022 10:15:21 America/New_York] PHP  22. Joomla\CMS\Router\SiteRouter->buildSefRoute() /var/www/html/mymuseJ4/joomla/libraries/src/Router/Router.php:425
[14-Jan-2022 10:15:21 America/New_York] PHP  23. Joomla\Component\Mymuse\Site\Service\Router->build() /var/www/html/mymuseJ4/joomla/libraries/src/Router/SiteRouter.php:477
[14-Jan-2022 10:15:21 America/New_York] PHP  24. Joomla\Component\Mymuse\Site\Service\MymuseNomenuRules->build() /var/www/html/mymuseJ4/joomla/libraries/src/Component/Router/RouterView.php:245
[14-Jan-2022 10:15:21 America/New_York] PHP Notice:  Undefined index: view in /var/www/html/mymuseJ4/joomla/components/com_mymuse/src/Service/MymuseNomenuRules.php on line 107
[14-Jan-2022 10:15:21 America/New_York] PHP Stack trace:
[14-Jan-2022 10:15:21 America/New_York] PHP   1. {main}() /var/www/html/mymuseJ4/joomla/index.php:0
[14-Jan-2022 10:15:21 America/New_York] PHP   2. require_once() /var/www/html/mymuseJ4/joomla/index.php:32
[14-Jan-2022 10:15:21 America/New_York] PHP   3. Joomla\CMS\Application\SiteApplication->execute() /var/www/html/mymuseJ4/joomla/includes/app.php:63
[14-Jan-2022 10:15:21 America/New_York] PHP   4. Joomla\CMS\Application\SiteApplication->doExecute() /var/www/html/mymuseJ4/joomla/libraries/src/Application/CMSApplication.php:278
[14-Jan-2022 10:15:21 America/New_York] PHP   5. Joomla\CMS\Application\SiteApplication->dispatch() /var/www/html/mymuseJ4/joomla/libraries/src/Application/SiteApplication.php:245
[14-Jan-2022 10:15:21 America/New_York] PHP   6. Joomla\CMS\Component\ComponentHelper::renderComponent() /var/www/html/mymuseJ4/joomla/libraries/src/Application/SiteApplication.php:206
[14-Jan-2022 10:15:21 America/New_York] PHP   7. Joomla\Component\Mymuse\Site\Dispatcher\Dispatcher->dispatch() /var/www/html/mymuseJ4/joomla/libraries/src/Component/ComponentHelper.php:389
[14-Jan-2022 10:15:21 America/New_York] PHP   8. Joomla\Component\Mymuse\Site\Dispatcher\Dispatcher->dispatch() /var/www/html/mymuseJ4/joomla/components/com_mymuse/src/Dispatcher/Dispatcher.php:56
[14-Jan-2022 10:15:21 America/New_York] PHP   9. Joomla\Component\Mymuse\Site\Controller\DisplayController->execute() /var/www/html/mymuseJ4/joomla/libraries/src/Dispatcher/ComponentDispatcher.php:146
[14-Jan-2022 10:15:21 America/New_York] PHP  10. Joomla\Component\Mymuse\Site\Controller\DisplayController->display() /var/www/html/mymuseJ4/joomla/libraries/src/MVC/Controller/BaseController.php:730
[14-Jan-2022 10:15:21 America/New_York] PHP  11. Joomla\Component\Mymuse\Site\Controller\DisplayController->display() /var/www/html/mymuseJ4/joomla/components/com_mymuse/src/Controller/DisplayController.php:296
[14-Jan-2022 10:15:21 America/New_York] PHP  12. Joomla\Component\Mymuse\Site\View\Store\HtmlView->display() /var/www/html/mymuseJ4/joomla/libraries/src/MVC/Controller/BaseController.php:692
[14-Jan-2022 10:15:21 America/New_York] PHP  13. Joomla\Component\Mymuse\Site\View\Store\HtmlView->display() /var/www/html/mymuseJ4/joomla/components/com_mymuse/src/View/Store/HtmlView.php:712
[14-Jan-2022 10:15:21 America/New_York] PHP  14. Joomla\Component\Mymuse\Site\View\Store\HtmlView->loadTemplate() /var/www/html/mymuseJ4/joomla/libraries/src/MVC/View/HtmlView.php:218
[14-Jan-2022 10:15:21 America/New_York] PHP  15. include() /var/www/html/mymuseJ4/joomla/libraries/src/MVC/View/HtmlView.php:429
[14-Jan-2022 10:15:21 America/New_York] PHP  16. Joomla\Component\Mymuse\Site\View\Store\HtmlView->loadTemplate() /var/www/html/mymuseJ4/joomla/components/com_mymuse/tmpl/store/default.php:80
[14-Jan-2022 10:15:21 America/New_York] PHP  17. include() /var/www/html/mymuseJ4/joomla/libraries/src/MVC/View/HtmlView.php:429
[14-Jan-2022 10:15:21 America/New_York] PHP  18. Joomla\CMS\Router\Route::_() /var/www/html/mymuseJ4/joomla/components/com_mymuse/tmpl/store/default_item.php:37
[14-Jan-2022 10:15:21 America/New_York] PHP  19. Joomla\CMS\Router\Route::link() /var/www/html/mymuseJ4/joomla/libraries/src/Router/Route.php:94
[14-Jan-2022 10:15:21 America/New_York] PHP  20. Joomla\CMS\Router\SiteRouter->build() /var/www/html/mymuseJ4/joomla/libraries/src/Router/Route.php:145
[14-Jan-2022 10:15:21 America/New_York] PHP  21. Joomla\CMS\Router\SiteRouter->processBuildRules() /var/www/html/mymuseJ4/joomla/libraries/src/Router/Router.php:197
[14-Jan-2022 10:15:21 America/New_York] PHP  22. Joomla\CMS\Router\SiteRouter->buildSefRoute() /var/www/html/mymuseJ4/joomla/libraries/src/Router/Router.php:425
[14-Jan-2022 10:15:21 America/New_York] PHP  23. Joomla\Component\Mymuse\Site\Service\Router->build() /var/www/html/mymuseJ4/joomla/libraries/src/Router/SiteRouter.php:477
[14-Jan-2022 10:15:21 America/New_York] PHP  24. Joomla\Component\Mymuse\Site\Service\MymuseNomenuRules->build() /var/www/html/mymuseJ4/joomla/libraries/src/Component/Router/RouterView.php:245
[14-Jan-2022 10:19:44 America/New_York] PHP Fatal error:  Cannot use isset() on the result of an expression (you can use "null !== expression" instead) in /var/www/html/mymuseJ4/joomla/components/com_mymuse/src/Service/MymuseNomenuRules.php on line 105
[14-Jan-2022 10:19:44 America/New_York] PHP Stack trace:
[14-Jan-2022 10:19:44 America/New_York] PHP   1. {main}() /var/www/html/mymuseJ4/joomla/index.php:0
[14-Jan-2022 10:19:44 America/New_York] PHP   2. require_once() /var/www/html/mymuseJ4/joomla/index.php:32
[14-Jan-2022 10:19:44 America/New_York] PHP   3. Joomla\CMS\Application\SiteApplication->execute() /var/www/html/mymuseJ4/joomla/includes/app.php:63
[14-Jan-2022 10:19:44 America/New_York] PHP   4. Joomla\CMS\Application\SiteApplication->doExecute() /var/www/html/mymuseJ4/joomla/libraries/src/Application/CMSApplication.php:278
[14-Jan-2022 10:19:44 America/New_York] PHP   5. Joomla\CMS\Application\SiteApplication->dispatch() /var/www/html/mymuseJ4/joomla/libraries/src/Application/SiteApplication.php:245
[14-Jan-2022 10:19:44 America/New_York] PHP   6. Joomla\CMS\Component\ComponentHelper::renderComponent() /var/www/html/mymuseJ4/joomla/libraries/src/Application/SiteApplication.php:206
[14-Jan-2022 10:19:44 America/New_York] PHP   7. Joomla\Component\Mymuse\Site\Dispatcher\Dispatcher->dispatch() /var/www/html/mymuseJ4/joomla/libraries/src/Component/ComponentHelper.php:389
[14-Jan-2022 10:19:44 America/New_York] PHP   8. Joomla\Component\Mymuse\Site\Dispatcher\Dispatcher->dispatch() /var/www/html/mymuseJ4/joomla/components/com_mymuse/src/Dispatcher/Dispatcher.php:56
[14-Jan-2022 10:19:44 America/New_York] PHP   9. Joomla\Component\Mymuse\Site\Controller\DisplayController->execute() /var/www/html/mymuseJ4/joomla/libraries/src/Dispatcher/ComponentDispatcher.php:146
[14-Jan-2022 10:19:44 America/New_York] PHP  10. Joomla\Component\Mymuse\Site\Controller\DisplayController->display() /var/www/html/mymuseJ4/joomla/libraries/src/MVC/Controller/BaseController.php:730
[14-Jan-2022 10:19:44 America/New_York] PHP  11. Joomla\Component\Mymuse\Site\Controller\DisplayController->display() /var/www/html/mymuseJ4/joomla/components/com_mymuse/src/Controller/DisplayController.php:296
[14-Jan-2022 10:19:44 America/New_York] PHP  12. Joomla\Component\Mymuse\Site\View\Store\HtmlView->display() /var/www/html/mymuseJ4/joomla/libraries/src/MVC/Controller/BaseController.php:692
[14-Jan-2022 10:19:44 America/New_York] PHP  13. Joomla\Component\Mymuse\Site\View\Store\HtmlView->display() /var/www/html/mymuseJ4/joomla/components/com_mymuse/src/View/Store/HtmlView.php:712
[14-Jan-2022 10:19:44 America/New_York] PHP  14. Joomla\Component\Mymuse\Site\View\Store\HtmlView->loadTemplate() /var/www/html/mymuseJ4/joomla/libraries/src/MVC/View/HtmlView.php:218
[14-Jan-2022 10:19:44 America/New_York] PHP  15. include() /var/www/html/mymuseJ4/joomla/libraries/src/MVC/View/HtmlView.php:429
[14-Jan-2022 10:19:44 America/New_York] PHP  16. Joomla\Component\Mymuse\Site\View\Store\HtmlView->loadTemplate() /var/www/html/mymuseJ4/joomla/components/com_mymuse/tmpl/store/default.php:80
[14-Jan-2022 10:19:44 America/New_York] PHP  17. include() /var/www/html/mymuseJ4/joomla/libraries/src/MVC/View/HtmlView.php:429
[14-Jan-2022 10:19:44 America/New_York] PHP  18. Joomla\CMS\Router\Route::_() /var/www/html/mymuseJ4/joomla/components/com_mymuse/tmpl/store/default_item.php:37
[14-Jan-2022 10:19:44 America/New_York] PHP  19. Joomla\CMS\Router\Route::link() /var/www/html/mymuseJ4/joomla/libraries/src/Router/Route.php:94
[14-Jan-2022 10:19:44 America/New_York] PHP  20. Joomla\CMS\Router\SiteRouter->build() /var/www/html/mymuseJ4/joomla/libraries/src/Router/Route.php:145
[14-Jan-2022 10:19:44 America/New_York] PHP  21. Joomla\CMS\Router\SiteRouter->processBuildRules() /var/www/html/mymuseJ4/joomla/libraries/src/Router/Router.php:194
[14-Jan-2022 10:19:44 America/New_York] PHP  22. Joomla\CMS\Router\SiteRouter->buildComponentPreprocess() /var/www/html/mymuseJ4/joomla/libraries/src/Router/Router.php:425
[14-Jan-2022 10:19:44 America/New_York] PHP  23. Joomla\CMS\Router\SiteRouter->getComponentRouter() /var/www/html/mymuseJ4/joomla/libraries/src/Router/SiteRouter.php:436
[14-Jan-2022 10:19:44 America/New_York] PHP  24. Joomla\Component\Mymuse\Administrator\Extension\MymuseComponent->createRouter() /var/www/html/mymuseJ4/joomla/libraries/src/Router/SiteRouter.php:613
[14-Jan-2022 10:19:44 America/New_York] PHP  25. Joomla\CMS\Component\Router\RouterFactory->createRouter() /var/www/html/mymuseJ4/joomla/libraries/src/Component/Router/RouterServiceTrait.php:44
[14-Jan-2022 10:19:44 America/New_York] PHP  26. Joomla\Component\Mymuse\Site\Service\Router->__construct() /var/www/html/mymuseJ4/joomla/libraries/src/Component/Router/RouterFactory.php:87
[14-Jan-2022 10:19:44 America/New_York] PHP  27. spl_autoload_call() /var/www/html/mymuseJ4/joomla/components/com_mymuse/src/Service/Router.php:113
[14-Jan-2022 10:19:44 America/New_York] PHP  28. Joomla\CMS\Autoload\ClassLoader->loadClass() /var/www/html/mymuseJ4/joomla/components/com_mymuse/src/Service/Router.php:113
[14-Jan-2022 10:19:44 America/New_York] PHP  29. Composer\Autoload\ClassLoader->loadClass() /var/www/html/mymuseJ4/joomla/libraries/src/Autoload/ClassLoader.php:56
[14-Jan-2022 10:19:44 America/New_York] PHP  30. Composer\Autoload\includeFile() /var/www/html/mymuseJ4/joomla/libraries/vendor/composer/ClassLoader.php:346
[14-Jan-2022 14:13:11 America/New_York] PHP Warning:  Illegal string offset 'option' in /var/www/html/mymuseJ4/joomla/libraries/src/Router/SiteRouter.php on line 481
[14-Jan-2022 14:13:11 America/New_York] PHP Stack trace:
[14-Jan-2022 14:13:11 America/New_York] PHP   1. {main}() /var/www/html/mymuseJ4/joomla/index.php:0
[14-Jan-2022 14:13:11 America/New_York] PHP   2. require_once() /var/www/html/mymuseJ4/joomla/index.php:32
[14-Jan-2022 14:13:11 America/New_York] PHP   3. Joomla\CMS\Application\SiteApplication->execute() /var/www/html/mymuseJ4/joomla/includes/app.php:63
[14-Jan-2022 14:13:11 America/New_York] PHP   4. Joomla\CMS\Application\SiteApplication->doExecute() /var/www/html/mymuseJ4/joomla/libraries/src/Application/CMSApplication.php:278
[14-Jan-2022 14:13:11 America/New_York] PHP   5. Joomla\CMS\Application\SiteApplication->dispatch() /var/www/html/mymuseJ4/joomla/libraries/src/Application/SiteApplication.php:245
[14-Jan-2022 14:13:11 America/New_York] PHP   6. Joomla\CMS\Component\ComponentHelper::renderComponent() /var/www/html/mymuseJ4/joomla/libraries/src/Application/SiteApplication.php:206
[14-Jan-2022 14:13:11 America/New_York] PHP   7. Joomla\Component\Mymuse\Site\Dispatcher\Dispatcher->dispatch() /var/www/html/mymuseJ4/joomla/libraries/src/Component/ComponentHelper.php:389
[14-Jan-2022 14:13:11 America/New_York] PHP   8. Joomla\Component\Mymuse\Site\Dispatcher\Dispatcher->dispatch() /var/www/html/mymuseJ4/joomla/components/com_mymuse/src/Dispatcher/Dispatcher.php:56
[14-Jan-2022 14:13:11 America/New_York] PHP   9. Joomla\Component\Mymuse\Site\Controller\DisplayController->execute() /var/www/html/mymuseJ4/joomla/libraries/src/Dispatcher/ComponentDispatcher.php:146
[14-Jan-2022 14:13:11 America/New_York] PHP  10. Joomla\Component\Mymuse\Site\Controller\DisplayController->display() /var/www/html/mymuseJ4/joomla/libraries/src/MVC/Controller/BaseController.php:730
[14-Jan-2022 14:13:11 America/New_York] PHP  11. Joomla\Component\Mymuse\Site\Controller\DisplayController->display() /var/www/html/mymuseJ4/joomla/components/com_mymuse/src/Controller/DisplayController.php:296
[14-Jan-2022 14:13:11 America/New_York] PHP  12. Joomla\Component\Mymuse\Site\View\Store\HtmlView->display() /var/www/html/mymuseJ4/joomla/libraries/src/MVC/Controller/BaseController.php:692
[14-Jan-2022 14:13:11 America/New_York] PHP  13. Joomla\Component\Mymuse\Site\View\Store\HtmlView->display() /var/www/html/mymuseJ4/joomla/components/com_mymuse/src/View/Store/HtmlView.php:712
[14-Jan-2022 14:13:11 America/New_York] PHP  14. Joomla\Component\Mymuse\Site\View\Store\HtmlView->loadTemplate() /var/www/html/mymuseJ4/joomla/libraries/src/MVC/View/HtmlView.php:218
[14-Jan-2022 14:13:11 America/New_York] PHP  15. include() /var/www/html/mymuseJ4/joomla/libraries/src/MVC/View/HtmlView.php:429
[14-Jan-2022 14:13:11 America/New_York] PHP  16. Joomla\Component\Mymuse\Site\View\Store\HtmlView->loadTemplate() /var/www/html/mymuseJ4/joomla/components/com_mymuse/tmpl/store/default.php:80
[14-Jan-2022 14:13:11 America/New_York] PHP  17. include() /var/www/html/mymuseJ4/joomla/libraries/src/MVC/View/HtmlView.php:429
[14-Jan-2022 14:13:11 America/New_York] PHP  18. Joomla\CMS\Router\Route::_() /var/www/html/mymuseJ4/joomla/components/com_mymuse/tmpl/store/default_item.php:37
[14-Jan-2022 14:13:11 America/New_York] PHP  19. Joomla\CMS\Router\Route::link() /var/www/html/mymuseJ4/joomla/libraries/src/Router/Route.php:94
[14-Jan-2022 14:13:11 America/New_York] PHP  20. Joomla\CMS\Router\SiteRouter->build() /var/www/html/mymuseJ4/joomla/libraries/src/Router/Route.php:145
[14-Jan-2022 14:13:11 America/New_York] PHP  21. Joomla\CMS\Router\SiteRouter->processBuildRules() /var/www/html/mymuseJ4/joomla/libraries/src/Router/Router.php:197
[14-Jan-2022 14:13:11 America/New_York] PHP  22. Joomla\CMS\Router\SiteRouter->buildSefRoute() /var/www/html/mymuseJ4/joomla/libraries/src/Router/Router.php:425
[14-Jan-2022 14:13:11 America/New_York] PHP Warning:  Illegal string offset 'option' in /var/www/html/mymuseJ4/joomla/libraries/src/Router/SiteRouter.php on line 492
[14-Jan-2022 14:13:11 America/New_York] PHP Stack trace:
[14-Jan-2022 14:13:11 America/New_York] PHP   1. {main}() /var/www/html/mymuseJ4/joomla/index.php:0
[14-Jan-2022 14:13:11 America/New_York] PHP   2. require_once() /var/www/html/mymuseJ4/joomla/index.php:32
[14-Jan-2022 14:13:11 America/New_York] PHP   3. Joomla\CMS\Application\SiteApplication->execute() /var/www/html/mymuseJ4/joomla/includes/app.php:63
[14-Jan-2022 14:13:11 America/New_York] PHP   4. Joomla\CMS\Application\SiteApplication->doExecute() /var/www/html/mymuseJ4/joomla/libraries/src/Application/CMSApplication.php:278
[14-Jan-2022 14:13:11 America/New_York] PHP   5. Joomla\CMS\Application\SiteApplication->dispatch() /var/www/html/mymuseJ4/joomla/libraries/src/Application/SiteApplication.php:245
[14-Jan-2022 14:13:11 America/New_York] PHP   6. Joomla\CMS\Component\ComponentHelper::renderComponent() /var/www/html/mymuseJ4/joomla/libraries/src/Application/SiteApplication.php:206
[14-Jan-2022 14:13:11 America/New_York] PHP   7. Joomla\Component\Mymuse\Site\Dispatcher\Dispatcher->dispatch() /var/www/html/mymuseJ4/joomla/libraries/src/Component/ComponentHelper.php:389
[14-Jan-2022 14:13:11 America/New_York] PHP   8. Joomla\Component\Mymuse\Site\Dispatcher\Dispatcher->dispatch() /var/www/html/mymuseJ4/joomla/components/com_mymuse/src/Dispatcher/Dispatcher.php:56
[14-Jan-2022 14:13:11 America/New_York] PHP   9. Joomla\Component\Mymuse\Site\Controller\DisplayController->execute() /var/www/html/mymuseJ4/joomla/libraries/src/Dispatcher/ComponentDispatcher.php:146
[14-Jan-2022 14:13:11 America/New_York] PHP  10. Joomla\Component\Mymuse\Site\Controller\DisplayController->display() /var/www/html/mymuseJ4/joomla/libraries/src/MVC/Controller/BaseController.php:730
[14-Jan-2022 14:13:11 America/New_York] PHP  11. Joomla\Component\Mymuse\Site\Controller\DisplayController->display() /var/www/html/mymuseJ4/joomla/components/com_mymuse/src/Controller/DisplayController.php:296
[14-Jan-2022 14:13:11 America/New_York] PHP  12. Joomla\Component\Mymuse\Site\View\Store\HtmlView->display() /var/www/html/mymuseJ4/joomla/libraries/src/MVC/Controller/BaseController.php:692
[14-Jan-2022 14:13:11 America/New_York] PHP  13. Joomla\Component\Mymuse\Site\View\Store\HtmlView->display() /var/www/html/mymuseJ4/joomla/components/com_mymuse/src/View/Store/HtmlView.php:712
[14-Jan-2022 14:13:11 America/New_York] PHP  14. Joomla\Component\Mymuse\Site\View\Store\HtmlView->loadTemplate() /var/www/html/mymuseJ4/joomla/libraries/src/MVC/View/HtmlView.php:218
[14-Jan-2022 14:13:11 America/New_York] PHP  15. include() /var/www/html/mymuseJ4/joomla/libraries/src/MVC/View/HtmlView.php:429
[14-Jan-2022 14:13:11 America/New_York] PHP  16. Joomla\Component\Mymuse\Site\View\Store\HtmlView->loadTemplate() /var/www/html/mymuseJ4/joomla/components/com_mymuse/tmpl/store/default.php:80
[14-Jan-2022 14:13:11 America/New_York] PHP  17. include() /var/www/html/mymuseJ4/joomla/libraries/src/MVC/View/HtmlView.php:429
[14-Jan-2022 14:13:11 America/New_York] PHP  18. Joomla\CMS\Router\Route::_() /var/www/html/mymuseJ4/joomla/components/com_mymuse/tmpl/store/default_item.php:37
[14-Jan-2022 14:13:11 America/New_York] PHP  19. Joomla\CMS\Router\Route::link() /var/www/html/mymuseJ4/joomla/libraries/src/Router/Route.php:94
[14-Jan-2022 14:13:11 America/New_York] PHP  20. Joomla\CMS\Router\SiteRouter->build() /var/www/html/mymuseJ4/joomla/libraries/src/Router/Route.php:145
[14-Jan-2022 14:13:11 America/New_York] PHP  21. Joomla\CMS\Router\SiteRouter->processBuildRules() /var/www/html/mymuseJ4/joomla/libraries/src/Router/Router.php:197
[14-Jan-2022 14:13:11 America/New_York] PHP  22. Joomla\CMS\Router\SiteRouter->buildSefRoute() /var/www/html/mymuseJ4/joomla/libraries/src/Router/Router.php:425
[14-Jan-2022 14:13:12 America/New_York] PHP Warning:  Illegal string offset 'option' in /var/www/html/mymuseJ4/joomla/libraries/src/Router/SiteRouter.php on line 481
[14-Jan-2022 14:13:12 America/New_York] PHP Stack trace:
[14-Jan-2022 14:13:12 America/New_York] PHP   1. {main}() /var/www/html/mymuseJ4/joomla/index.php:0
[14-Jan-2022 14:13:12 America/New_York] PHP   2. require_once() /var/www/html/mymuseJ4/joomla/index.php:32
[14-Jan-2022 14:13:12 America/New_York] PHP   3. Joomla\CMS\Application\SiteApplication->execute() /var/www/html/mymuseJ4/joomla/includes/app.php:63
[14-Jan-2022 14:13:12 America/New_York] PHP   4. Joomla\CMS\Application\SiteApplication->doExecute() /var/www/html/mymuseJ4/joomla/libraries/src/Application/CMSApplication.php:278
[14-Jan-2022 14:13:12 America/New_York] PHP   5. Joomla\CMS\Application\SiteApplication->dispatch() /var/www/html/mymuseJ4/joomla/libraries/src/Application/SiteApplication.php:245
[14-Jan-2022 14:13:12 America/New_York] PHP   6. Joomla\CMS\Component\ComponentHelper::renderComponent() /var/www/html/mymuseJ4/joomla/libraries/src/Application/SiteApplication.php:206
[14-Jan-2022 14:13:12 America/New_York] PHP   7. Joomla\Component\Mymuse\Site\Dispatcher\Dispatcher->dispatch() /var/www/html/mymuseJ4/joomla/libraries/src/Component/ComponentHelper.php:389
[14-Jan-2022 14:13:12 America/New_York] PHP   8. Joomla\Component\Mymuse\Site\Dispatcher\Dispatcher->dispatch() /var/www/html/mymuseJ4/joomla/components/com_mymuse/src/Dispatcher/Dispatcher.php:56
[14-Jan-2022 14:13:12 America/New_York] PHP   9. Joomla\Component\Mymuse\Site\Controller\DisplayController->execute() /var/www/html/mymuseJ4/joomla/libraries/src/Dispatcher/ComponentDispatcher.php:146
[14-Jan-2022 14:13:12 America/New_York] PHP  10. Joomla\Component\Mymuse\Site\Controller\DisplayController->display() /var/www/html/mymuseJ4/joomla/libraries/src/MVC/Controller/BaseController.php:730
[14-Jan-2022 14:13:12 America/New_York] PHP  11. Joomla\Component\Mymuse\Site\Controller\DisplayController->display() /var/www/html/mymuseJ4/joomla/components/com_mymuse/src/Controller/DisplayController.php:296
[14-Jan-2022 14:13:12 America/New_York] PHP  12. Joomla\Component\Mymuse\Site\View\Store\HtmlView->display() /var/www/html/mymuseJ4/joomla/libraries/src/MVC/Controller/BaseController.php:692
[14-Jan-2022 14:13:12 America/New_York] PHP  13. Joomla\Component\Mymuse\Site\View\Store\HtmlView->display() /var/www/html/mymuseJ4/joomla/components/com_mymuse/src/View/Store/HtmlView.php:712
[14-Jan-2022 14:13:12 America/New_York] PHP  14. Joomla\Component\Mymuse\Site\View\Store\HtmlView->loadTemplate() /var/www/html/mymuseJ4/joomla/libraries/src/MVC/View/HtmlView.php:218
[14-Jan-2022 14:13:12 America/New_York] PHP  15. include() /var/www/html/mymuseJ4/joomla/libraries/src/MVC/View/HtmlView.php:429
[14-Jan-2022 14:13:12 America/New_York] PHP  16. Joomla\Component\Mymuse\Site\View\Store\HtmlView->loadTemplate() /var/www/html/mymuseJ4/joomla/components/com_mymuse/tmpl/store/default.php:80
[14-Jan-2022 14:13:12 America/New_York] PHP  17. include() /var/www/html/mymuseJ4/joomla/libraries/src/MVC/View/HtmlView.php:429
[14-Jan-2022 14:13:12 America/New_York] PHP  18. Joomla\CMS\Router\Route::_() /var/www/html/mymuseJ4/joomla/components/com_mymuse/tmpl/store/default_item.php:37
[14-Jan-2022 14:13:12 America/New_York] PHP  19. Joomla\CMS\Router\Route::link() /var/www/html/mymuseJ4/joomla/libraries/src/Router/Route.php:94
[14-Jan-2022 14:13:12 America/New_York] PHP  20. Joomla\CMS\Router\SiteRouter->build() /var/www/html/mymuseJ4/joomla/libraries/src/Router/Route.php:145
[14-Jan-2022 14:13:12 America/New_York] PHP  21. Joomla\CMS\Router\SiteRouter->processBuildRules() /var/www/html/mymuseJ4/joomla/libraries/src/Router/Router.php:197
[14-Jan-2022 14:13:12 America/New_York] PHP  22. Joomla\CMS\Router\SiteRouter->buildSefRoute() /var/www/html/mymuseJ4/joomla/libraries/src/Router/Router.php:425
[14-Jan-2022 14:13:12 America/New_York] PHP Warning:  Illegal string offset 'option' in /var/www/html/mymuseJ4/joomla/libraries/src/Router/SiteRouter.php on line 492
[14-Jan-2022 14:13:12 America/New_York] PHP Stack trace:
[14-Jan-2022 14:13:12 America/New_York] PHP   1. {main}() /var/www/html/mymuseJ4/joomla/index.php:0
[14-Jan-2022 14:13:12 America/New_York] PHP   2. require_once() /var/www/html/mymuseJ4/joomla/index.php:32
[14-Jan-2022 14:13:12 America/New_York] PHP   3. Joomla\CMS\Application\SiteApplication->execute() /var/www/html/mymuseJ4/joomla/includes/app.php:63
[14-Jan-2022 14:13:12 America/New_York] PHP   4. Joomla\CMS\Application\SiteApplication->doExecute() /var/www/html/mymuseJ4/joomla/libraries/src/Application/CMSApplication.php:278
[14-Jan-2022 14:13:12 America/New_York] PHP   5. Joomla\CMS\Application\SiteApplication->dispatch() /var/www/html/mymuseJ4/joomla/libraries/src/Application/SiteApplication.php:245
[14-Jan-2022 14:13:12 America/New_York] PHP   6. Joomla\CMS\Component\ComponentHelper::renderComponent() /var/www/html/mymuseJ4/joomla/libraries/src/Application/SiteApplication.php:206
[14-Jan-2022 14:13:12 America/New_York] PHP   7. Joomla\Component\Mymuse\Site\Dispatcher\Dispatcher->dispatch() /var/www/html/mymuseJ4/joomla/libraries/src/Component/ComponentHelper.php:389
[14-Jan-2022 14:13:12 America/New_York] PHP   8. Joomla\Component\Mymuse\Site\Dispatcher\Dispatcher->dispatch() /var/www/html/mymuseJ4/joomla/components/com_mymuse/src/Dispatcher/Dispatcher.php:56
[14-Jan-2022 14:13:12 America/New_York] PHP   9. Joomla\Component\Mymuse\Site\Controller\DisplayController->execute() /var/www/html/mymuseJ4/joomla/libraries/src/Dispatcher/ComponentDispatcher.php:146
[14-Jan-2022 14:13:12 America/New_York] PHP  10. Joomla\Component\Mymuse\Site\Controller\DisplayController->display() /var/www/html/mymuseJ4/joomla/libraries/src/MVC/Controller/BaseController.php:730
[14-Jan-2022 14:13:12 America/New_York] PHP  11. Joomla\Component\Mymuse\Site\Controller\DisplayController->display() /var/www/html/mymuseJ4/joomla/components/com_mymuse/src/Controller/DisplayController.php:296
[14-Jan-2022 14:13:12 America/New_York] PHP  12. Joomla\Component\Mymuse\Site\View\Store\HtmlView->display() /var/www/html/mymuseJ4/joomla/libraries/src/MVC/Controller/BaseController.php:692
[14-Jan-2022 14:13:12 America/New_York] PHP  13. Joomla\Component\Mymuse\Site\View\Store\HtmlView->display() /var/www/html/mymuseJ4/joomla/components/com_mymuse/src/View/Store/HtmlView.php:712
[14-Jan-2022 14:13:12 America/New_York] PHP  14. Joomla\Component\Mymuse\Site\View\Store\HtmlView->loadTemplate() /var/www/html/mymuseJ4/joomla/libraries/src/MVC/View/HtmlView.php:218
[14-Jan-2022 14:13:12 America/New_York] PHP  15. include() /var/www/html/mymuseJ4/joomla/libraries/src/MVC/View/HtmlView.php:429
[14-Jan-2022 14:13:12 America/New_York] PHP  16. Joomla\Component\Mymuse\Site\View\Store\HtmlView->loadTemplate() /var/www/html/mymuseJ4/joomla/components/com_mymuse/tmpl/store/default.php:80
[14-Jan-2022 14:13:12 America/New_York] PHP  17. include() /var/www/html/mymuseJ4/joomla/libraries/src/MVC/View/HtmlView.php:429
[14-Jan-2022 14:13:12 America/New_York] PHP  18. Joomla\CMS\Router\Route::_() /var/www/html/mymuseJ4/joomla/components/com_mymuse/tmpl/store/default_item.php:37
[14-Jan-2022 14:13:12 America/New_York] PHP  19. Joomla\CMS\Router\Route::link() /var/www/html/mymuseJ4/joomla/libraries/src/Router/Route.php:94
[14-Jan-2022 14:13:12 America/New_York] PHP  20. Joomla\CMS\Router\SiteRouter->build() /var/www/html/mymuseJ4/joomla/libraries/src/Router/Route.php:145
[14-Jan-2022 14:13:12 America/New_York] PHP  21. Joomla\CMS\Router\SiteRouter->processBuildRules() /var/www/html/mymuseJ4/joomla/libraries/src/Router/Router.php:197
[14-Jan-2022 14:13:12 America/New_York] PHP  22. Joomla\CMS\Router\SiteRouter->buildSefRoute() /var/www/html/mymuseJ4/joomla/libraries/src/Router/Router.php:425
[14-Jan-2022 14:14:32 America/New_York] PHP Warning:  Illegal string offset 'option' in /var/www/html/mymuseJ4/joomla/libraries/src/Router/SiteRouter.php on line 481
[14-Jan-2022 14:14:32 America/New_York] PHP Stack trace:
[14-Jan-2022 14:14:32 America/New_York] PHP   1. {main}() /var/www/html/mymuseJ4/joomla/index.php:0
[14-Jan-2022 14:14:32 America/New_York] PHP   2. require_once() /var/www/html/mymuseJ4/joomla/index.php:32
[14-Jan-2022 14:14:32 America/New_York] PHP   3. Joomla\CMS\Application\SiteApplication->execute() /var/www/html/mymuseJ4/joomla/includes/app.php:63
[14-Jan-2022 14:14:32 America/New_York] PHP   4. Joomla\CMS\Application\SiteApplication->doExecute() /var/www/html/mymuseJ4/joomla/libraries/src/Application/CMSApplication.php:278
[14-Jan-2022 14:14:32 America/New_York] PHP   5. Joomla\CMS\Application\SiteApplication->dispatch() /var/www/html/mymuseJ4/joomla/libraries/src/Application/SiteApplication.php:245
[14-Jan-2022 14:14:32 America/New_York] PHP   6. Joomla\CMS\Component\ComponentHelper::renderComponent() /var/www/html/mymuseJ4/joomla/libraries/src/Application/SiteApplication.php:206
[14-Jan-2022 14:14:32 America/New_York] PHP   7. Joomla\Component\Mymuse\Site\Dispatcher\Dispatcher->dispatch() /var/www/html/mymuseJ4/joomla/libraries/src/Component/ComponentHelper.php:389
[14-Jan-2022 14:14:32 America/New_York] PHP   8. Joomla\Component\Mymuse\Site\Dispatcher\Dispatcher->dispatch() /var/www/html/mymuseJ4/joomla/components/com_mymuse/src/Dispatcher/Dispatcher.php:56
[14-Jan-2022 14:14:32 America/New_York] PHP   9. Joomla\Component\Mymuse\Site\Controller\DisplayController->execute() /var/www/html/mymuseJ4/joomla/libraries/src/Dispatcher/ComponentDispatcher.php:146
[14-Jan-2022 14:14:32 America/New_York] PHP  10. Joomla\Component\Mymuse\Site\Controller\DisplayController->display() /var/www/html/mymuseJ4/joomla/libraries/src/MVC/Controller/BaseController.php:730
[14-Jan-2022 14:14:32 America/New_York] PHP  11. Joomla\Component\Mymuse\Site\Controller\DisplayController->display() /var/www/html/mymuseJ4/joomla/components/com_mymuse/src/Controller/DisplayController.php:296
[14-Jan-2022 14:14:32 America/New_York] PHP  12. Joomla\Component\Mymuse\Site\View\Store\HtmlView->display() /var/www/html/mymuseJ4/joomla/libraries/src/MVC/Controller/BaseController.php:692
[14-Jan-2022 14:14:32 America/New_York] PHP  13. Joomla\Component\Mymuse\Site\View\Store\HtmlView->display() /var/www/html/mymuseJ4/joomla/components/com_mymuse/src/View/Store/HtmlView.php:712
[14-Jan-2022 14:14:32 America/New_York] PHP  14. Joomla\Component\Mymuse\Site\View\Store\HtmlView->loadTemplate() /var/www/html/mymuseJ4/joomla/libraries/src/MVC/View/HtmlView.php:218
[14-Jan-2022 14:14:32 America/New_York] PHP  15. include() /var/www/html/mymuseJ4/joomla/libraries/src/MVC/View/HtmlView.php:429
[14-Jan-2022 14:14:32 America/New_York] PHP  16. Joomla\Component\Mymuse\Site\View\Store\HtmlView->loadTemplate() /var/www/html/mymuseJ4/joomla/components/com_mymuse/tmpl/store/default.php:80
[14-Jan-2022 14:14:32 America/New_York] PHP  17. include() /var/www/html/mymuseJ4/joomla/libraries/src/MVC/View/HtmlView.php:429
[14-Jan-2022 14:14:32 America/New_York] PHP  18. Joomla\CMS\Router\Route::_() /var/www/html/mymuseJ4/joomla/components/com_mymuse/tmpl/store/default_item.php:40
[14-Jan-2022 14:14:32 America/New_York] PHP  19. Joomla\CMS\Router\Route::link() /var/www/html/mymuseJ4/joomla/libraries/src/Router/Route.php:94
[14-Jan-2022 14:14:32 America/New_York] PHP  20. Joomla\CMS\Router\SiteRouter->build() /var/www/html/mymuseJ4/joomla/libraries/src/Router/Route.php:145
[14-Jan-2022 14:14:32 America/New_York] PHP  21. Joomla\CMS\Router\SiteRouter->processBuildRules() /var/www/html/mymuseJ4/joomla/libraries/src/Router/Router.php:197
[14-Jan-2022 14:14:32 America/New_York] PHP  22. Joomla\CMS\Router\SiteRouter->buildSefRoute() /var/www/html/mymuseJ4/joomla/libraries/src/Router/Router.php:425
[14-Jan-2022 14:14:32 America/New_York] PHP Warning:  Illegal string offset 'option' in /var/www/html/mymuseJ4/joomla/libraries/src/Router/SiteRouter.php on line 492
[14-Jan-2022 14:14:32 America/New_York] PHP Stack trace:
[14-Jan-2022 14:14:32 America/New_York] PHP   1. {main}() /var/www/html/mymuseJ4/joomla/index.php:0
[14-Jan-2022 14:14:32 America/New_York] PHP   2. require_once() /var/www/html/mymuseJ4/joomla/index.php:32
[14-Jan-2022 14:14:32 America/New_York] PHP   3. Joomla\CMS\Application\SiteApplication->execute() /var/www/html/mymuseJ4/joomla/includes/app.php:63
[14-Jan-2022 14:14:32 America/New_York] PHP   4. Joomla\CMS\Application\SiteApplication->doExecute() /var/www/html/mymuseJ4/joomla/libraries/src/Application/CMSApplication.php:278
[14-Jan-2022 14:14:32 America/New_York] PHP   5. Joomla\CMS\Application\SiteApplication->dispatch() /var/www/html/mymuseJ4/joomla/libraries/src/Application/SiteApplication.php:245
[14-Jan-2022 14:14:32 America/New_York] PHP   6. Joomla\CMS\Component\ComponentHelper::renderComponent() /var/www/html/mymuseJ4/joomla/libraries/src/Application/SiteApplication.php:206
[14-Jan-2022 14:14:32 America/New_York] PHP   7. Joomla\Component\Mymuse\Site\Dispatcher\Dispatcher->dispatch() /var/www/html/mymuseJ4/joomla/libraries/src/Component/ComponentHelper.php:389
[14-Jan-2022 14:14:32 America/New_York] PHP   8. Joomla\Component\Mymuse\Site\Dispatcher\Dispatcher->dispatch() /var/www/html/mymuseJ4/joomla/components/com_mymuse/src/Dispatcher/Dispatcher.php:56
[14-Jan-2022 14:14:32 America/New_York] PHP   9. Joomla\Component\Mymuse\Site\Controller\DisplayController->execute() /var/www/html/mymuseJ4/joomla/libraries/src/Dispatcher/ComponentDispatcher.php:146
[14-Jan-2022 14:14:32 America/New_York] PHP  10. Joomla\Component\Mymuse\Site\Controller\DisplayController->display() /var/www/html/mymuseJ4/joomla/libraries/src/MVC/Controller/BaseController.php:730
[14-Jan-2022 14:14:32 America/New_York] PHP  11. Joomla\Component\Mymuse\Site\Controller\DisplayController->display() /var/www/html/mymuseJ4/joomla/components/com_mymuse/src/Controller/DisplayController.php:296
[14-Jan-2022 14:14:32 America/New_York] PHP  12. Joomla\Component\Mymuse\Site\View\Store\HtmlView->display() /var/www/html/mymuseJ4/joomla/libraries/src/MVC/Controller/BaseController.php:692
[14-Jan-2022 14:14:32 America/New_York] PHP  13. Joomla\Component\Mymuse\Site\View\Store\HtmlView->display() /var/www/html/mymuseJ4/joomla/components/com_mymuse/src/View/Store/HtmlView.php:712
[14-Jan-2022 14:14:32 America/New_York] PHP  14. Joomla\Component\Mymuse\Site\View\Store\HtmlView->loadTemplate() /var/www/html/mymuseJ4/joomla/libraries/src/MVC/View/HtmlView.php:218
[14-Jan-2022 14:14:32 America/New_York] PHP  15. include() /var/www/html/mymuseJ4/joomla/libraries/src/MVC/View/HtmlView.php:429
[14-Jan-2022 14:14:32 America/New_York] PHP  16. Joomla\Component\Mymuse\Site\View\Store\HtmlView->loadTemplate() /var/www/html/mymuseJ4/joomla/components/com_mymuse/tmpl/store/default.php:80
[14-Jan-2022 14:14:32 America/New_York] PHP  17. include() /var/www/html/mymuseJ4/joomla/libraries/src/MVC/View/HtmlView.php:429
[14-Jan-2022 14:14:32 America/New_York] PHP  18. Joomla\CMS\Router\Route::_() /var/www/html/mymuseJ4/joomla/components/com_mymuse/tmpl/store/default_item.php:40
[14-Jan-2022 14:14:32 America/New_York] PHP  19. Joomla\CMS\Router\Route::link() /var/www/html/mymuseJ4/joomla/libraries/src/Router/Route.php:94
[14-Jan-2022 14:14:32 America/New_York] PHP  20. Joomla\CMS\Router\SiteRouter->build() /var/www/html/mymuseJ4/joomla/libraries/src/Router/Route.php:145
[14-Jan-2022 14:14:32 America/New_York] PHP  21. Joomla\CMS\Router\SiteRouter->processBuildRules() /var/www/html/mymuseJ4/joomla/libraries/src/Router/Router.php:197
[14-Jan-2022 14:14:32 America/New_York] PHP  22. Joomla\CMS\Router\SiteRouter->buildSefRoute() /var/www/html/mymuseJ4/joomla/libraries/src/Router/Router.php:425
[14-Jan-2022 14:16:10 America/New_York] PHP Warning:  Illegal string offset 'option' in /var/www/html/mymuseJ4/joomla/libraries/src/Router/SiteRouter.php on line 481
[14-Jan-2022 14:16:10 America/New_York] PHP Stack trace:
[14-Jan-2022 14:16:10 America/New_York] PHP   1. {main}() /var/www/html/mymuseJ4/joomla/index.php:0
[14-Jan-2022 14:16:10 America/New_York] PHP   2. require_once() /var/www/html/mymuseJ4/joomla/index.php:32
[14-Jan-2022 14:16:10 America/New_York] PHP   3. Joomla\CMS\Application\SiteApplication->execute() /var/www/html/mymuseJ4/joomla/includes/app.php:63
[14-Jan-2022 14:16:10 America/New_York] PHP   4. Joomla\CMS\Application\SiteApplication->doExecute() /var/www/html/mymuseJ4/joomla/libraries/src/Application/CMSApplication.php:278
[14-Jan-2022 14:16:10 America/New_York] PHP   5. Joomla\CMS\Application\SiteApplication->dispatch() /var/www/html/mymuseJ4/joomla/libraries/src/Application/SiteApplication.php:245
[14-Jan-2022 14:16:10 America/New_York] PHP   6. Joomla\CMS\Component\ComponentHelper::renderComponent() /var/www/html/mymuseJ4/joomla/libraries/src/Application/SiteApplication.php:206
[14-Jan-2022 14:16:10 America/New_York] PHP   7. Joomla\Component\Mymuse\Site\Dispatcher\Dispatcher->dispatch() /var/www/html/mymuseJ4/joomla/libraries/src/Component/ComponentHelper.php:389
[14-Jan-2022 14:16:10 America/New_York] PHP   8. Joomla\Component\Mymuse\Site\Dispatcher\Dispatcher->dispatch() /var/www/html/mymuseJ4/joomla/components/com_mymuse/src/Dispatcher/Dispatcher.php:56
[14-Jan-2022 14:16:10 America/New_York] PHP   9. Joomla\Component\Mymuse\Site\Controller\DisplayController->execute() /var/www/html/mymuseJ4/joomla/libraries/src/Dispatcher/ComponentDispatcher.php:146
[14-Jan-2022 14:16:10 America/New_York] PHP  10. Joomla\Component\Mymuse\Site\Controller\DisplayController->display() /var/www/html/mymuseJ4/joomla/libraries/src/MVC/Controller/BaseController.php:730
[14-Jan-2022 14:16:10 America/New_York] PHP  11. Joomla\Component\Mymuse\Site\Controller\DisplayController->display() /var/www/html/mymuseJ4/joomla/components/com_mymuse/src/Controller/DisplayController.php:296
[14-Jan-2022 14:16:10 America/New_York] PHP  12. Joomla\Component\Mymuse\Site\View\Store\HtmlView->display() /var/www/html/mymuseJ4/joomla/libraries/src/MVC/Controller/BaseController.php:692
[14-Jan-2022 14:16:10 America/New_York] PHP  13. Joomla\Component\Mymuse\Site\View\Store\HtmlView->display() /var/www/html/mymuseJ4/joomla/components/com_mymuse/src/View/Store/HtmlView.php:712
[14-Jan-2022 14:16:10 America/New_York] PHP  14. Joomla\Component\Mymuse\Site\View\Store\HtmlView->loadTemplate() /var/www/html/mymuseJ4/joomla/libraries/src/MVC/View/HtmlView.php:218
[14-Jan-2022 14:16:10 America/New_York] PHP  15. include() /var/www/html/mymuseJ4/joomla/libraries/src/MVC/View/HtmlView.php:429
[14-Jan-2022 14:16:10 America/New_York] PHP  16. Joomla\Component\Mymuse\Site\View\Store\HtmlView->loadTemplate() /var/www/html/mymuseJ4/joomla/components/com_mymuse/tmpl/store/default.php:80
[14-Jan-2022 14:16:10 America/New_York] PHP  17. include() /var/www/html/mymuseJ4/joomla/libraries/src/MVC/View/HtmlView.php:429
[14-Jan-2022 14:16:10 America/New_York] PHP  18. Joomla\CMS\Router\Route::_() /var/www/html/mymuseJ4/joomla/components/com_mymuse/tmpl/store/default_item.php:40
[14-Jan-2022 14:16:10 America/New_York] PHP  19. Joomla\CMS\Router\Route::link() /var/www/html/mymuseJ4/joomla/libraries/src/Router/Route.php:94
[14-Jan-2022 14:16:10 America/New_York] PHP  20. Joomla\CMS\Router\SiteRouter->build() /var/www/html/mymuseJ4/joomla/libraries/src/Router/Route.php:145
[14-Jan-2022 14:16:10 America/New_York] PHP  21. Joomla\CMS\Router\SiteRouter->processBuildRules() /var/www/html/mymuseJ4/joomla/libraries/src/Router/Router.php:197
[14-Jan-2022 14:16:10 America/New_York] PHP  22. Joomla\CMS\Router\SiteRouter->buildSefRoute() /var/www/html/mymuseJ4/joomla/libraries/src/Router/Router.php:425
[14-Jan-2022 14:16:10 America/New_York] PHP Warning:  Illegal string offset 'option' in /var/www/html/mymuseJ4/joomla/libraries/src/Router/SiteRouter.php on line 492
[14-Jan-2022 14:16:10 America/New_York] PHP Stack trace:
[14-Jan-2022 14:16:10 America/New_York] PHP   1. {main}() /var/www/html/mymuseJ4/joomla/index.php:0
[14-Jan-2022 14:16:10 America/New_York] PHP   2. require_once() /var/www/html/mymuseJ4/joomla/index.php:32
[14-Jan-2022 14:16:10 America/New_York] PHP   3. Joomla\CMS\Application\SiteApplication->execute() /var/www/html/mymuseJ4/joomla/includes/app.php:63
[14-Jan-2022 14:16:10 America/New_York] PHP   4. Joomla\CMS\Application\SiteApplication->doExecute() /var/www/html/mymuseJ4/joomla/libraries/src/Application/CMSApplication.php:278
[14-Jan-2022 14:16:10 America/New_York] PHP   5. Joomla\CMS\Application\SiteApplication->dispatch() /var/www/html/mymuseJ4/joomla/libraries/src/Application/SiteApplication.php:245
[14-Jan-2022 14:16:10 America/New_York] PHP   6. Joomla\CMS\Component\ComponentHelper::renderComponent() /var/www/html/mymuseJ4/joomla/libraries/src/Application/SiteApplication.php:206
[14-Jan-2022 14:16:10 America/New_York] PHP   7. Joomla\Component\Mymuse\Site\Dispatcher\Dispatcher->dispatch() /var/www/html/mymuseJ4/joomla/libraries/src/Component/ComponentHelper.php:389
[14-Jan-2022 14:16:10 America/New_York] PHP   8. Joomla\Component\Mymuse\Site\Dispatcher\Dispatcher->dispatch() /var/www/html/mymuseJ4/joomla/components/com_mymuse/src/Dispatcher/Dispatcher.php:56
[14-Jan-2022 14:16:10 America/New_York] PHP   9. Joomla\Component\Mymuse\Site\Controller\DisplayController->execute() /var/www/html/mymuseJ4/joomla/libraries/src/Dispatcher/ComponentDispatcher.php:146
[14-Jan-2022 14:16:10 America/New_York] PHP  10. Joomla\Component\Mymuse\Site\Controller\DisplayController->display() /var/www/html/mymuseJ4/joomla/libraries/src/MVC/Controller/BaseController.php:730
[14-Jan-2022 14:16:10 America/New_York] PHP  11. Joomla\Component\Mymuse\Site\Controller\DisplayController->display() /var/www/html/mymuseJ4/joomla/components/com_mymuse/src/Controller/DisplayController.php:296
[14-Jan-2022 14:16:10 America/New_York] PHP  12. Joomla\Component\Mymuse\Site\View\Store\HtmlView->display() /var/www/html/mymuseJ4/joomla/libraries/src/MVC/Controller/BaseController.php:692
[14-Jan-2022 14:16:10 America/New_York] PHP  13. Joomla\Component\Mymuse\Site\View\Store\HtmlView->display() /var/www/html/mymuseJ4/joomla/components/com_mymuse/src/View/Store/HtmlView.php:712
[14-Jan-2022 14:16:10 America/New_York] PHP  14. Joomla\Component\Mymuse\Site\View\Store\HtmlView->loadTemplate() /var/www/html/mymuseJ4/joomla/libraries/src/MVC/View/HtmlView.php:218
[14-Jan-2022 14:16:10 America/New_York] PHP  15. include() /var/www/html/mymuseJ4/joomla/libraries/src/MVC/View/HtmlView.php:429
[14-Jan-2022 14:16:10 America/New_York] PHP  16. Joomla\Component\Mymuse\Site\View\Store\HtmlView->loadTemplate() /var/www/html/mymuseJ4/joomla/components/com_mymuse/tmpl/store/default.php:80
[14-Jan-2022 14:16:10 America/New_York] PHP  17. include() /var/www/html/mymuseJ4/joomla/libraries/src/MVC/View/HtmlView.php:429
[14-Jan-2022 14:16:10 America/New_York] PHP  18. Joomla\CMS\Router\Route::_() /var/www/html/mymuseJ4/joomla/components/com_mymuse/tmpl/store/default_item.php:40
[14-Jan-2022 14:16:10 America/New_York] PHP  19. Joomla\CMS\Router\Route::link() /var/www/html/mymuseJ4/joomla/libraries/src/Router/Route.php:94
[14-Jan-2022 14:16:10 America/New_York] PHP  20. Joomla\CMS\Router\SiteRouter->build() /var/www/html/mymuseJ4/joomla/libraries/src/Router/Route.php:145
[14-Jan-2022 14:16:10 America/New_York] PHP  21. Joomla\CMS\Router\SiteRouter->processBuildRules() /var/www/html/mymuseJ4/joomla/libraries/src/Router/Router.php:197
[14-Jan-2022 14:16:10 America/New_York] PHP  22. Joomla\CMS\Router\SiteRouter->buildSefRoute() /var/www/html/mymuseJ4/joomla/libraries/src/Router/Router.php:425
[14-Jan-2022 14:16:30 America/New_York] PHP Warning:  Illegal string offset 'option' in /var/www/html/mymuseJ4/joomla/libraries/src/Router/SiteRouter.php on line 481
[14-Jan-2022 14:16:30 America/New_York] PHP Stack trace:
[14-Jan-2022 14:16:30 America/New_York] PHP   1. {main}() /var/www/html/mymuseJ4/joomla/index.php:0
[14-Jan-2022 14:16:30 America/New_York] PHP   2. require_once() /var/www/html/mymuseJ4/joomla/index.php:32
[14-Jan-2022 14:16:30 America/New_York] PHP   3. Joomla\CMS\Application\SiteApplication->execute() /var/www/html/mymuseJ4/joomla/includes/app.php:63
[14-Jan-2022 14:16:30 America/New_York] PHP   4. Joomla\CMS\Application\SiteApplication->doExecute() /var/www/html/mymuseJ4/joomla/libraries/src/Application/CMSApplication.php:278
[14-Jan-2022 14:16:30 America/New_York] PHP   5. Joomla\CMS\Application\SiteApplication->dispatch() /var/www/html/mymuseJ4/joomla/libraries/src/Application/SiteApplication.php:245
[14-Jan-2022 14:16:30 America/New_York] PHP   6. Joomla\CMS\Component\ComponentHelper::renderComponent() /var/www/html/mymuseJ4/joomla/libraries/src/Application/SiteApplication.php:206
[14-Jan-2022 14:16:30 America/New_York] PHP   7. Joomla\Component\Mymuse\Site\Dispatcher\Dispatcher->dispatch() /var/www/html/mymuseJ4/joomla/libraries/src/Component/ComponentHelper.php:389
[14-Jan-2022 14:16:30 America/New_York] PHP   8. Joomla\Component\Mymuse\Site\Dispatcher\Dispatcher->dispatch() /var/www/html/mymuseJ4/joomla/components/com_mymuse/src/Dispatcher/Dispatcher.php:56
[14-Jan-2022 14:16:30 America/New_York] PHP   9. Joomla\Component\Mymuse\Site\Controller\DisplayController->execute() /var/www/html/mymuseJ4/joomla/libraries/src/Dispatcher/ComponentDispatcher.php:146
[14-Jan-2022 14:16:30 America/New_York] PHP  10. Joomla\Component\Mymuse\Site\Controller\DisplayController->display() /var/www/html/mymuseJ4/joomla/libraries/src/MVC/Controller/BaseController.php:730
[14-Jan-2022 14:16:30 America/New_York] PHP  11. Joomla\Component\Mymuse\Site\Controller\DisplayController->display() /var/www/html/mymuseJ4/joomla/components/com_mymuse/src/Controller/DisplayController.php:296
[14-Jan-2022 14:16:30 America/New_York] PHP  12. Joomla\Component\Mymuse\Site\View\Store\HtmlView->display() /var/www/html/mymuseJ4/joomla/libraries/src/MVC/Controller/BaseController.php:692
[14-Jan-2022 14:16:30 America/New_York] PHP  13. Joomla\Component\Mymuse\Site\View\Store\HtmlView->display() /var/www/html/mymuseJ4/joomla/components/com_mymuse/src/View/Store/HtmlView.php:712
[14-Jan-2022 14:16:30 America/New_York] PHP  14. Joomla\Component\Mymuse\Site\View\Store\HtmlView->loadTemplate() /var/www/html/mymuseJ4/joomla/libraries/src/MVC/View/HtmlView.php:218
[14-Jan-2022 14:16:30 America/New_York] PHP  15. include() /var/www/html/mymuseJ4/joomla/libraries/src/MVC/View/HtmlView.php:429
[14-Jan-2022 14:16:30 America/New_York] PHP  16. Joomla\Component\Mymuse\Site\View\Store\HtmlView->loadTemplate() /var/www/html/mymuseJ4/joomla/components/com_mymuse/tmpl/store/default.php:80
[14-Jan-2022 14:16:30 America/New_York] PHP  17. include() /var/www/html/mymuseJ4/joomla/libraries/src/MVC/View/HtmlView.php:429
[14-Jan-2022 14:16:30 America/New_York] PHP  18. Joomla\CMS\Router\Route::_() /var/www/html/mymuseJ4/joomla/components/com_mymuse/tmpl/store/default_item.php:40
[14-Jan-2022 14:16:30 America/New_York] PHP  19. Joomla\CMS\Router\Route::link() /var/www/html/mymuseJ4/joomla/libraries/src/Router/Route.php:94
[14-Jan-2022 14:16:30 America/New_York] PHP  20. Joomla\CMS\Router\SiteRouter->build() /var/www/html/mymuseJ4/joomla/libraries/src/Router/Route.php:145
[14-Jan-2022 14:16:30 America/New_York] PHP  21. Joomla\CMS\Router\SiteRouter->processBuildRules() /var/www/html/mymuseJ4/joomla/libraries/src/Router/Router.php:197
[14-Jan-2022 14:16:30 America/New_York] PHP  22. Joomla\CMS\Router\SiteRouter->buildSefRoute() /var/www/html/mymuseJ4/joomla/libraries/src/Router/Router.php:425
[14-Jan-2022 14:16:30 America/New_York] PHP Warning:  Illegal string offset 'option' in /var/www/html/mymuseJ4/joomla/libraries/src/Router/SiteRouter.php on line 492
[14-Jan-2022 14:16:30 America/New_York] PHP Stack trace:
[14-Jan-2022 14:16:30 America/New_York] PHP   1. {main}() /var/www/html/mymuseJ4/joomla/index.php:0
[14-Jan-2022 14:16:30 America/New_York] PHP   2. require_once() /var/www/html/mymuseJ4/joomla/index.php:32
[14-Jan-2022 14:16:30 America/New_York] PHP   3. Joomla\CMS\Application\SiteApplication->execute() /var/www/html/mymuseJ4/joomla/includes/app.php:63
[14-Jan-2022 14:16:30 America/New_York] PHP   4. Joomla\CMS\Application\SiteApplication->doExecute() /var/www/html/mymuseJ4/joomla/libraries/src/Application/CMSApplication.php:278
[14-Jan-2022 14:16:30 America/New_York] PHP   5. Joomla\CMS\Application\SiteApplication->dispatch() /var/www/html/mymuseJ4/joomla/libraries/src/Application/SiteApplication.php:245
[14-Jan-2022 14:16:30 America/New_York] PHP   6. Joomla\CMS\Component\ComponentHelper::renderComponent() /var/www/html/mymuseJ4/joomla/libraries/src/Application/SiteApplication.php:206
[14-Jan-2022 14:16:30 America/New_York] PHP   7. Joomla\Component\Mymuse\Site\Dispatcher\Dispatcher->dispatch() /var/www/html/mymuseJ4/joomla/libraries/src/Component/ComponentHelper.php:389
[14-Jan-2022 14:16:30 America/New_York] PHP   8. Joomla\Component\Mymuse\Site\Dispatcher\Dispatcher->dispatch() /var/www/html/mymuseJ4/joomla/components/com_mymuse/src/Dispatcher/Dispatcher.php:56
[14-Jan-2022 14:16:30 America/New_York] PHP   9. Joomla\Component\Mymuse\Site\Controller\DisplayController->execute() /var/www/html/mymuseJ4/joomla/libraries/src/Dispatcher/ComponentDispatcher.php:146
[14-Jan-2022 14:16:30 America/New_York] PHP  10. Joomla\Component\Mymuse\Site\Controller\DisplayController->display() /var/www/html/mymuseJ4/joomla/libraries/src/MVC/Controller/BaseController.php:730
[14-Jan-2022 14:16:30 America/New_York] PHP  11. Joomla\Component\Mymuse\Site\Controller\DisplayController->display() /var/www/html/mymuseJ4/joomla/components/com_mymuse/src/Controller/DisplayController.php:296
[14-Jan-2022 14:16:30 America/New_York] PHP  12. Joomla\Component\Mymuse\Site\View\Store\HtmlView->display() /var/www/html/mymuseJ4/joomla/libraries/src/MVC/Controller/BaseController.php:692
[14-Jan-2022 14:16:30 America/New_York] PHP  13. Joomla\Component\Mymuse\Site\View\Store\HtmlView->display() /var/www/html/mymuseJ4/joomla/components/com_mymuse/src/View/Store/HtmlView.php:712
[14-Jan-2022 14:16:30 America/New_York] PHP  14. Joomla\Component\Mymuse\Site\View\Store\HtmlView->loadTemplate() /var/www/html/mymuseJ4/joomla/libraries/src/MVC/View/HtmlView.php:218
[14-Jan-2022 14:16:30 America/New_York] PHP  15. include() /var/www/html/mymuseJ4/joomla/libraries/src/MVC/View/HtmlView.php:429
[14-Jan-2022 14:16:30 America/New_York] PHP  16. Joomla\Component\Mymuse\Site\View\Store\HtmlView->loadTemplate() /var/www/html/mymuseJ4/joomla/components/com_mymuse/tmpl/store/default.php:80
[14-Jan-2022 14:16:30 America/New_York] PHP  17. include() /var/www/html/mymuseJ4/joomla/libraries/src/MVC/View/HtmlView.php:429
[14-Jan-2022 14:16:30 America/New_York] PHP  18. Joomla\CMS\Router\Route::_() /var/www/html/mymuseJ4/joomla/components/com_mymuse/tmpl/store/default_item.php:40
[14-Jan-2022 14:16:30 America/New_York] PHP  19. Joomla\CMS\Router\Route::link() /var/www/html/mymuseJ4/joomla/libraries/src/Router/Route.php:94
[14-Jan-2022 14:16:30 America/New_York] PHP  20. Joomla\CMS\Router\SiteRouter->build() /var/www/html/mymuseJ4/joomla/libraries/src/Router/Route.php:145
[14-Jan-2022 14:16:30 America/New_York] PHP  21. Joomla\CMS\Router\SiteRouter->processBuildRules() /var/www/html/mymuseJ4/joomla/libraries/src/Router/Router.php:197
[14-Jan-2022 14:16:30 America/New_York] PHP  22. Joomla\CMS\Router\SiteRouter->buildSefRoute() /var/www/html/mymuseJ4/joomla/libraries/src/Router/Router.php:425
[14-Jan-2022 14:17:17 America/New_York] PHP Warning:  Illegal string offset 'option' in /var/www/html/mymuseJ4/joomla/libraries/src/Router/SiteRouter.php on line 481
[14-Jan-2022 14:17:17 America/New_York] PHP Stack trace:
[14-Jan-2022 14:17:17 America/New_York] PHP   1. {main}() /var/www/html/mymuseJ4/joomla/index.php:0
[14-Jan-2022 14:17:17 America/New_York] PHP   2. require_once() /var/www/html/mymuseJ4/joomla/index.php:32
[14-Jan-2022 14:17:17 America/New_York] PHP   3. Joomla\CMS\Application\SiteApplication->execute() /var/www/html/mymuseJ4/joomla/includes/app.php:63
[14-Jan-2022 14:17:17 America/New_York] PHP   4. Joomla\CMS\Application\SiteApplication->doExecute() /var/www/html/mymuseJ4/joomla/libraries/src/Application/CMSApplication.php:278
[14-Jan-2022 14:17:17 America/New_York] PHP   5. Joomla\CMS\Application\SiteApplication->dispatch() /var/www/html/mymuseJ4/joomla/libraries/src/Application/SiteApplication.php:245
[14-Jan-2022 14:17:17 America/New_York] PHP   6. Joomla\CMS\Component\ComponentHelper::renderComponent() /var/www/html/mymuseJ4/joomla/libraries/src/Application/SiteApplication.php:206
[14-Jan-2022 14:17:17 America/New_York] PHP   7. Joomla\Component\Mymuse\Site\Dispatcher\Dispatcher->dispatch() /var/www/html/mymuseJ4/joomla/libraries/src/Component/ComponentHelper.php:389
[14-Jan-2022 14:17:17 America/New_York] PHP   8. Joomla\Component\Mymuse\Site\Dispatcher\Dispatcher->dispatch() /var/www/html/mymuseJ4/joomla/components/com_mymuse/src/Dispatcher/Dispatcher.php:56
[14-Jan-2022 14:17:17 America/New_York] PHP   9. Joomla\Component\Mymuse\Site\Controller\DisplayController->execute() /var/www/html/mymuseJ4/joomla/libraries/src/Dispatcher/ComponentDispatcher.php:146
[14-Jan-2022 14:17:17 America/New_York] PHP  10. Joomla\Component\Mymuse\Site\Controller\DisplayController->display() /var/www/html/mymuseJ4/joomla/libraries/src/MVC/Controller/BaseController.php:730
[14-Jan-2022 14:17:17 America/New_York] PHP  11. Joomla\Component\Mymuse\Site\Controller\DisplayController->display() /var/www/html/mymuseJ4/joomla/components/com_mymuse/src/Controller/DisplayController.php:296
[14-Jan-2022 14:17:17 America/New_York] PHP  12. Joomla\Component\Mymuse\Site\View\Store\HtmlView->display() /var/www/html/mymuseJ4/joomla/libraries/src/MVC/Controller/BaseController.php:692
[14-Jan-2022 14:17:17 America/New_York] PHP  13. Joomla\Component\Mymuse\Site\View\Store\HtmlView->display() /var/www/html/mymuseJ4/joomla/components/com_mymuse/src/View/Store/HtmlView.php:712
[14-Jan-2022 14:17:17 America/New_York] PHP  14. Joomla\Component\Mymuse\Site\View\Store\HtmlView->loadTemplate() /var/www/html/mymuseJ4/joomla/libraries/src/MVC/View/HtmlView.php:218
[14-Jan-2022 14:17:17 America/New_York] PHP  15. include() /var/www/html/mymuseJ4/joomla/libraries/src/MVC/View/HtmlView.php:429
[14-Jan-2022 14:17:17 America/New_York] PHP  16. Joomla\Component\Mymuse\Site\View\Store\HtmlView->loadTemplate() /var/www/html/mymuseJ4/joomla/components/com_mymuse/tmpl/store/default.php:80
[14-Jan-2022 14:17:17 America/New_York] PHP  17. include() /var/www/html/mymuseJ4/joomla/libraries/src/MVC/View/HtmlView.php:429
[14-Jan-2022 14:17:17 America/New_York] PHP  18. Joomla\CMS\Router\Route::_() /var/www/html/mymuseJ4/joomla/components/com_mymuse/tmpl/store/default_item.php:40
[14-Jan-2022 14:17:17 America/New_York] PHP  19. Joomla\CMS\Router\Route::link() /var/www/html/mymuseJ4/joomla/libraries/src/Router/Route.php:94
[14-Jan-2022 14:17:17 America/New_York] PHP  20. Joomla\CMS\Router\SiteRouter->build() /var/www/html/mymuseJ4/joomla/libraries/src/Router/Route.php:145
[14-Jan-2022 14:17:17 America/New_York] PHP  21. Joomla\CMS\Router\SiteRouter->processBuildRules() /var/www/html/mymuseJ4/joomla/libraries/src/Router/Router.php:197
[14-Jan-2022 14:17:17 America/New_York] PHP  22. Joomla\CMS\Router\SiteRouter->buildSefRoute() /var/www/html/mymuseJ4/joomla/libraries/src/Router/Router.php:425
[14-Jan-2022 14:17:17 America/New_York] PHP Warning:  Illegal string offset 'option' in /var/www/html/mymuseJ4/joomla/libraries/src/Router/SiteRouter.php on line 492
[14-Jan-2022 14:17:17 America/New_York] PHP Stack trace:
[14-Jan-2022 14:17:17 America/New_York] PHP   1. {main}() /var/www/html/mymuseJ4/joomla/index.php:0
[14-Jan-2022 14:17:17 America/New_York] PHP   2. require_once() /var/www/html/mymuseJ4/joomla/index.php:32
[14-Jan-2022 14:17:17 America/New_York] PHP   3. Joomla\CMS\Application\SiteApplication->execute() /var/www/html/mymuseJ4/joomla/includes/app.php:63
[14-Jan-2022 14:17:17 America/New_York] PHP   4. Joomla\CMS\Application\SiteApplication->doExecute() /var/www/html/mymuseJ4/joomla/libraries/src/Application/CMSApplication.php:278
[14-Jan-2022 14:17:17 America/New_York] PHP   5. Joomla\CMS\Application\SiteApplication->dispatch() /var/www/html/mymuseJ4/joomla/libraries/src/Application/SiteApplication.php:245
[14-Jan-2022 14:17:17 America/New_York] PHP   6. Joomla\CMS\Component\ComponentHelper::renderComponent() /var/www/html/mymuseJ4/joomla/libraries/src/Application/SiteApplication.php:206
[14-Jan-2022 14:17:17 America/New_York] PHP   7. Joomla\Component\Mymuse\Site\Dispatcher\Dispatcher->dispatch() /var/www/html/mymuseJ4/joomla/libraries/src/Component/ComponentHelper.php:389
[14-Jan-2022 14:17:17 America/New_York] PHP   8. Joomla\Component\Mymuse\Site\Dispatcher\Dispatcher->dispatch() /var/www/html/mymuseJ4/joomla/components/com_mymuse/src/Dispatcher/Dispatcher.php:56
[14-Jan-2022 14:17:17 America/New_York] PHP   9. Joomla\Component\Mymuse\Site\Controller\DisplayController->execute() /var/www/html/mymuseJ4/joomla/libraries/src/Dispatcher/ComponentDispatcher.php:146
[14-Jan-2022 14:17:17 America/New_York] PHP  10. Joomla\Component\Mymuse\Site\Controller\DisplayController->display() /var/www/html/mymuseJ4/joomla/libraries/src/MVC/Controller/BaseController.php:730
[14-Jan-2022 14:17:17 America/New_York] PHP  11. Joomla\Component\Mymuse\Site\Controller\DisplayController->display() /var/www/html/mymuseJ4/joomla/components/com_mymuse/src/Controller/DisplayController.php:296
[14-Jan-2022 14:17:17 America/New_York] PHP  12. Joomla\Component\Mymuse\Site\View\Store\HtmlView->display() /var/www/html/mymuseJ4/joomla/libraries/src/MVC/Controller/BaseController.php:692
[14-Jan-2022 14:17:17 America/New_York] PHP  13. Joomla\Component\Mymuse\Site\View\Store\HtmlView->display() /var/www/html/mymuseJ4/joomla/components/com_mymuse/src/View/Store/HtmlView.php:712
[14-Jan-2022 14:17:17 America/New_York] PHP  14. Joomla\Component\Mymuse\Site\View\Store\HtmlView->loadTemplate() /var/www/html/mymuseJ4/joomla/libraries/src/MVC/View/HtmlView.php:218
[14-Jan-2022 14:17:17 America/New_York] PHP  15. include() /var/www/html/mymuseJ4/joomla/libraries/src/MVC/View/HtmlView.php:429
[14-Jan-2022 14:17:17 America/New_York] PHP  16. Joomla\Component\Mymuse\Site\View\Store\HtmlView->loadTemplate() /var/www/html/mymuseJ4/joomla/components/com_mymuse/tmpl/store/default.php:80
[14-Jan-2022 14:17:17 America/New_York] PHP  17. include() /var/www/html/mymuseJ4/joomla/libraries/src/MVC/View/HtmlView.php:429
[14-Jan-2022 14:17:17 America/New_York] PHP  18. Joomla\CMS\Router\Route::_() /var/www/html/mymuseJ4/joomla/components/com_mymuse/tmpl/store/default_item.php:40
[14-Jan-2022 14:17:17 America/New_York] PHP  19. Joomla\CMS\Router\Route::link() /var/www/html/mymuseJ4/joomla/libraries/src/Router/Route.php:94
[14-Jan-2022 14:17:17 America/New_York] PHP  20. Joomla\CMS\Router\SiteRouter->build() /var/www/html/mymuseJ4/joomla/libraries/src/Router/Route.php:145
[14-Jan-2022 14:17:17 America/New_York] PHP  21. Joomla\CMS\Router\SiteRouter->processBuildRules() /var/www/html/mymuseJ4/joomla/libraries/src/Router/Router.php:197
[14-Jan-2022 14:17:17 America/New_York] PHP  22. Joomla\CMS\Router\SiteRouter->buildSefRoute() /var/www/html/mymuseJ4/joomla/libraries/src/Router/Router.php:425
[14-Jan-2022 14:18:25 America/New_York] PHP Notice:  Undefined index: view in /var/www/html/mymuseJ4/joomla/components/com_mymuse/src/Service/MymuseNomenuRules.php on line 102
[14-Jan-2022 14:18:25 America/New_York] PHP Stack trace:
[14-Jan-2022 14:18:25 America/New_York] PHP   1. {main}() /var/www/html/mymuseJ4/joomla/index.php:0
[14-Jan-2022 14:18:25 America/New_York] PHP   2. require_once() /var/www/html/mymuseJ4/joomla/index.php:32
[14-Jan-2022 14:18:25 America/New_York] PHP   3. Joomla\CMS\Application\SiteApplication->execute() /var/www/html/mymuseJ4/joomla/includes/app.php:63
[14-Jan-2022 14:18:25 America/New_York] PHP   4. Joomla\CMS\Application\SiteApplication->doExecute() /var/www/html/mymuseJ4/joomla/libraries/src/Application/CMSApplication.php:278
[14-Jan-2022 14:18:25 America/New_York] PHP   5. Joomla\CMS\Application\SiteApplication->dispatch() /var/www/html/mymuseJ4/joomla/libraries/src/Application/SiteApplication.php:245
[14-Jan-2022 14:18:25 America/New_York] PHP   6. Joomla\CMS\Component\ComponentHelper::renderComponent() /var/www/html/mymuseJ4/joomla/libraries/src/Application/SiteApplication.php:206
[14-Jan-2022 14:18:25 America/New_York] PHP   7. Joomla\Component\Mymuse\Site\Dispatcher\Dispatcher->dispatch() /var/www/html/mymuseJ4/joomla/libraries/src/Component/ComponentHelper.php:389
[14-Jan-2022 14:18:25 America/New_York] PHP   8. Joomla\Component\Mymuse\Site\Dispatcher\Dispatcher->dispatch() /var/www/html/mymuseJ4/joomla/components/com_mymuse/src/Dispatcher/Dispatcher.php:56
[14-Jan-2022 14:18:25 America/New_York] PHP   9. Joomla\Component\Mymuse\Site\Controller\DisplayController->execute() /var/www/html/mymuseJ4/joomla/libraries/src/Dispatcher/ComponentDispatcher.php:146
[14-Jan-2022 14:18:25 America/New_York] PHP  10. Joomla\Component\Mymuse\Site\Controller\DisplayController->display() /var/www/html/mymuseJ4/joomla/libraries/src/MVC/Controller/BaseController.php:730
[14-Jan-2022 14:18:25 America/New_York] PHP  11. Joomla\Component\Mymuse\Site\Controller\DisplayController->display() /var/www/html/mymuseJ4/joomla/components/com_mymuse/src/Controller/DisplayController.php:296
[14-Jan-2022 14:18:25 America/New_York] PHP  12. Joomla\Component\Mymuse\Site\View\Store\HtmlView->display() /var/www/html/mymuseJ4/joomla/libraries/src/MVC/Controller/BaseController.php:692
[14-Jan-2022 14:18:25 America/New_York] PHP  13. Joomla\Component\Mymuse\Site\View\Store\HtmlView->display() /var/www/html/mymuseJ4/joomla/components/com_mymuse/src/View/Store/HtmlView.php:712
[14-Jan-2022 14:18:25 America/New_York] PHP  14. Joomla\Component\Mymuse\Site\View\Store\HtmlView->loadTemplate() /var/www/html/mymuseJ4/joomla/libraries/src/MVC/View/HtmlView.php:218
[14-Jan-2022 14:18:25 America/New_York] PHP  15. include() /var/www/html/mymuseJ4/joomla/libraries/src/MVC/View/HtmlView.php:429
[14-Jan-2022 14:18:25 America/New_York] PHP  16. Joomla\Component\Mymuse\Site\View\Store\HtmlView->loadTemplate() /var/www/html/mymuseJ4/joomla/components/com_mymuse/tmpl/store/default.php:80
[14-Jan-2022 14:18:25 America/New_York] PHP  17. include() /var/www/html/mymuseJ4/joomla/libraries/src/MVC/View/HtmlView.php:429
[14-Jan-2022 14:18:25 America/New_York] PHP  18. Joomla\CMS\Router\Route::_() /var/www/html/mymuseJ4/joomla/components/com_mymuse/tmpl/store/default_item.php:40
[14-Jan-2022 14:18:25 America/New_York] PHP  19. Joomla\CMS\Router\Route::link() /var/www/html/mymuseJ4/joomla/libraries/src/Router/Route.php:94
[14-Jan-2022 14:18:25 America/New_York] PHP  20. Joomla\CMS\Router\SiteRouter->build() /var/www/html/mymuseJ4/joomla/libraries/src/Router/Route.php:145
[14-Jan-2022 14:18:25 America/New_York] PHP  21. Joomla\CMS\Router\SiteRouter->processBuildRules() /var/www/html/mymuseJ4/joomla/libraries/src/Router/Router.php:197
[14-Jan-2022 14:18:25 America/New_York] PHP  22. Joomla\CMS\Router\SiteRouter->buildSefRoute() /var/www/html/mymuseJ4/joomla/libraries/src/Router/Router.php:425
[14-Jan-2022 14:18:25 America/New_York] PHP  23. Joomla\Component\Mymuse\Site\Service\Router->build() /var/www/html/mymuseJ4/joomla/libraries/src/Router/SiteRouter.php:477
[14-Jan-2022 14:18:25 America/New_York] PHP  24. Joomla\Component\Mymuse\Site\Service\MymuseNomenuRules->build() /var/www/html/mymuseJ4/joomla/libraries/src/Component/Router/RouterView.php:245
[14-Jan-2022 14:18:25 America/New_York] PHP Notice:  Undefined index: view in /var/www/html/mymuseJ4/joomla/components/com_mymuse/src/Service/MymuseNomenuRules.php on line 102
[14-Jan-2022 14:18:25 America/New_York] PHP Stack trace:
[14-Jan-2022 14:18:25 America/New_York] PHP   1. {main}() /var/www/html/mymuseJ4/joomla/index.php:0
[14-Jan-2022 14:18:25 America/New_York] PHP   2. require_once() /var/www/html/mymuseJ4/joomla/index.php:32
[14-Jan-2022 14:18:25 America/New_York] PHP   3. Joomla\CMS\Application\SiteApplication->execute() /var/www/html/mymuseJ4/joomla/includes/app.php:63
[14-Jan-2022 14:18:25 America/New_York] PHP   4. Joomla\CMS\Application\SiteApplication->doExecute() /var/www/html/mymuseJ4/joomla/libraries/src/Application/CMSApplication.php:278
[14-Jan-2022 14:18:25 America/New_York] PHP   5. Joomla\CMS\Application\SiteApplication->dispatch() /var/www/html/mymuseJ4/joomla/libraries/src/Application/SiteApplication.php:245
[14-Jan-2022 14:18:25 America/New_York] PHP   6. Joomla\CMS\Component\ComponentHelper::renderComponent() /var/www/html/mymuseJ4/joomla/libraries/src/Application/SiteApplication.php:206
[14-Jan-2022 14:18:25 America/New_York] PHP   7. Joomla\Component\Mymuse\Site\Dispatcher\Dispatcher->dispatch() /var/www/html/mymuseJ4/joomla/libraries/src/Component/ComponentHelper.php:389
[14-Jan-2022 14:18:25 America/New_York] PHP   8. Joomla\Component\Mymuse\Site\Dispatcher\Dispatcher->dispatch() /var/www/html/mymuseJ4/joomla/components/com_mymuse/src/Dispatcher/Dispatcher.php:56
[14-Jan-2022 14:18:25 America/New_York] PHP   9. Joomla\Component\Mymuse\Site\Controller\DisplayController->execute() /var/www/html/mymuseJ4/joomla/libraries/src/Dispatcher/ComponentDispatcher.php:146
[14-Jan-2022 14:18:25 America/New_York] PHP  10. Joomla\Component\Mymuse\Site\Controller\DisplayController->display() /var/www/html/mymuseJ4/joomla/libraries/src/MVC/Controller/BaseController.php:730
[14-Jan-2022 14:18:25 America/New_York] PHP  11. Joomla\Component\Mymuse\Site\Controller\DisplayController->display() /var/www/html/mymuseJ4/joomla/components/com_mymuse/src/Controller/DisplayController.php:296
[14-Jan-2022 14:18:25 America/New_York] PHP  12. Joomla\Component\Mymuse\Site\View\Store\HtmlView->display() /var/www/html/mymuseJ4/joomla/libraries/src/MVC/Controller/BaseController.php:692
[14-Jan-2022 14:18:25 America/New_York] PHP  13. Joomla\Component\Mymuse\Site\View\Store\HtmlView->display() /var/www/html/mymuseJ4/joomla/components/com_mymuse/src/View/Store/HtmlView.php:712
[14-Jan-2022 14:18:25 America/New_York] PHP  14. Joomla\Component\Mymuse\Site\View\Store\HtmlView->loadTemplate() /var/www/html/mymuseJ4/joomla/libraries/src/MVC/View/HtmlView.php:218
[14-Jan-2022 14:18:25 America/New_York] PHP  15. include() /var/www/html/mymuseJ4/joomla/libraries/src/MVC/View/HtmlView.php:429
[14-Jan-2022 14:18:25 America/New_York] PHP  16. Joomla\Component\Mymuse\Site\View\Store\HtmlView->loadTemplate() /var/www/html/mymuseJ4/joomla/components/com_mymuse/tmpl/store/default.php:80
[14-Jan-2022 14:18:25 America/New_York] PHP  17. include() /var/www/html/mymuseJ4/joomla/libraries/src/MVC/View/HtmlView.php:429
[14-Jan-2022 14:18:25 America/New_York] PHP  18. Joomla\CMS\Router\Route::_() /var/www/html/mymuseJ4/joomla/components/com_mymuse/tmpl/store/default_item.php:59
[14-Jan-2022 14:18:25 America/New_York] PHP  19. Joomla\CMS\Router\Route::link() /var/www/html/mymuseJ4/joomla/libraries/src/Router/Route.php:94
[14-Jan-2022 14:18:25 America/New_York] PHP  20. Joomla\CMS\Router\SiteRouter->build() /var/www/html/mymuseJ4/joomla/libraries/src/Router/Route.php:145
[14-Jan-2022 14:18:25 America/New_York] PHP  21. Joomla\CMS\Router\SiteRouter->processBuildRules() /var/www/html/mymuseJ4/joomla/libraries/src/Router/Router.php:197
[14-Jan-2022 14:18:25 America/New_York] PHP  22. Joomla\CMS\Router\SiteRouter->buildSefRoute() /var/www/html/mymuseJ4/joomla/libraries/src/Router/Router.php:425
[14-Jan-2022 14:18:25 America/New_York] PHP  23. Joomla\Component\Mymuse\Site\Service\Router->build() /var/www/html/mymuseJ4/joomla/libraries/src/Router/SiteRouter.php:477
[14-Jan-2022 14:18:25 America/New_York] PHP  24. Joomla\Component\Mymuse\Site\Service\MymuseNomenuRules->build() /var/www/html/mymuseJ4/joomla/libraries/src/Component/Router/RouterView.php:245
[14-Jan-2022 14:18:25 America/New_York] PHP Notice:  Undefined index: view in /var/www/html/mymuseJ4/joomla/components/com_mymuse/src/Service/MymuseNomenuRules.php on line 102
[14-Jan-2022 14:18:25 America/New_York] PHP Stack trace:
[14-Jan-2022 14:18:25 America/New_York] PHP   1. {main}() /var/www/html/mymuseJ4/joomla/index.php:0
[14-Jan-2022 14:18:25 America/New_York] PHP   2. require_once() /var/www/html/mymuseJ4/joomla/index.php:32
[14-Jan-2022 14:18:25 America/New_York] PHP   3. Joomla\CMS\Application\SiteApplication->execute() /var/www/html/mymuseJ4/joomla/includes/app.php:63
[14-Jan-2022 14:18:25 America/New_York] PHP   4. Joomla\CMS\Application\SiteApplication->doExecute() /var/www/html/mymuseJ4/joomla/libraries/src/Application/CMSApplication.php:278
[14-Jan-2022 14:18:25 America/New_York] PHP   5. Joomla\CMS\Application\SiteApplication->dispatch() /var/www/html/mymuseJ4/joomla/libraries/src/Application/SiteApplication.php:245
[14-Jan-2022 14:18:25 America/New_York] PHP   6. Joomla\CMS\Application\SiteApplication->triggerEvent() /var/www/html/mymuseJ4/joomla/libraries/src/Application/SiteApplication.php:211
[14-Jan-2022 14:18:25 America/New_York] PHP   7. Joomla\Event\Dispatcher->dispatch() /var/www/html/mymuseJ4/joomla/libraries/src/Application/EventAware.php:111
[14-Jan-2022 14:18:25 America/New_York] PHP   8. PlgSystemLanguageFilter->Joomla\CMS\Plugin\{closure:/var/www/html/mymuseJ4/joomla/libraries/src/Plugin/CMSPlugin.php:267-296}() /var/www/html/mymuseJ4/joomla/libraries/vendor/joomla/event/src/Dispatcher.php:486
[14-Jan-2022 14:18:25 America/New_York] PHP   9. PlgSystemLanguageFilter->onAfterDispatch() /var/www/html/mymuseJ4/joomla/libraries/src/Plugin/CMSPlugin.php:285
[14-Jan-2022 14:18:25 America/New_York] PHP  10. Joomla\CMS\Router\Route::_() /var/www/html/mymuseJ4/joomla/plugins/system/languagefilter/languagefilter.php:771
[14-Jan-2022 14:18:25 America/New_York] PHP  11. Joomla\CMS\Router\Route::link() /var/www/html/mymuseJ4/joomla/libraries/src/Router/Route.php:94
[14-Jan-2022 14:18:25 America/New_York] PHP  12. Joomla\CMS\Router\SiteRouter->build() /var/www/html/mymuseJ4/joomla/libraries/src/Router/Route.php:145
[14-Jan-2022 14:18:25 America/New_York] PHP  13. Joomla\CMS\Router\SiteRouter->processBuildRules() /var/www/html/mymuseJ4/joomla/libraries/src/Router/Router.php:197
[14-Jan-2022 14:18:25 America/New_York] PHP  14. Joomla\CMS\Router\SiteRouter->buildSefRoute() /var/www/html/mymuseJ4/joomla/libraries/src/Router/Router.php:425
[14-Jan-2022 14:18:25 America/New_York] PHP  15. Joomla\Component\Mymuse\Site\Service\Router->build() /var/www/html/mymuseJ4/joomla/libraries/src/Router/SiteRouter.php:477
[14-Jan-2022 14:18:25 America/New_York] PHP  16. Joomla\Component\Mymuse\Site\Service\MymuseNomenuRules->build() /var/www/html/mymuseJ4/joomla/libraries/src/Component/Router/RouterView.php:245
[14-Jan-2022 14:18:25 America/New_York] PHP Notice:  Undefined index: view in /var/www/html/mymuseJ4/joomla/components/com_mymuse/src/Service/MymuseNomenuRules.php on line 102
[14-Jan-2022 14:18:25 America/New_York] PHP Stack trace:
[14-Jan-2022 14:18:25 America/New_York] PHP   1. {main}() /var/www/html/mymuseJ4/joomla/index.php:0
[14-Jan-2022 14:18:25 America/New_York] PHP   2. require_once() /var/www/html/mymuseJ4/joomla/index.php:32
[14-Jan-2022 14:18:25 America/New_York] PHP   3. Joomla\CMS\Application\SiteApplication->execute() /var/www/html/mymuseJ4/joomla/includes/app.php:63
[14-Jan-2022 14:18:25 America/New_York] PHP   4. Joomla\CMS\Application\SiteApplication->render() /var/www/html/mymuseJ4/joomla/libraries/src/Application/CMSApplication.php:284
[14-Jan-2022 14:18:25 America/New_York] PHP   5. Joomla\CMS\Application\SiteApplication->render() /var/www/html/mymuseJ4/joomla/libraries/src/Application/SiteApplication.php:804
[14-Jan-2022 14:18:25 America/New_York] PHP   6. Joomla\CMS\Document\HtmlDocument->parse() /var/www/html/mymuseJ4/joomla/libraries/src/Application/CMSApplication.php:1022
[14-Jan-2022 14:18:25 America/New_York] PHP   7. Joomla\CMS\Document\HtmlDocument->_fetchTemplate() /var/www/html/mymuseJ4/joomla/libraries/src/Document/HtmlDocument.php:631
[14-Jan-2022 14:18:25 America/New_York] PHP   8. Joomla\CMS\Document\HtmlDocument->_loadTemplate() /var/www/html/mymuseJ4/joomla/libraries/src/Document/HtmlDocument.php:828
[14-Jan-2022 14:18:25 America/New_York] PHP   9. require() /var/www/html/mymuseJ4/joomla/libraries/src/Document/HtmlDocument.php:769
[14-Jan-2022 14:18:25 America/New_York] PHP  10. Joomla\CMS\Document\HtmlDocument->countModules() /var/www/html/mymuseJ4/joomla/templates/cassiopeia/index.php:112
[14-Jan-2022 14:18:25 America/New_York] PHP  11. Joomla\CMS\Document\Renderer\Html\ModuleRenderer->render() /var/www/html/mymuseJ4/joomla/libraries/src/Document/HtmlDocument.php:696
[14-Jan-2022 14:18:25 America/New_York] PHP  12. Joomla\CMS\Helper\ModuleHelper::renderModule() /var/www/html/mymuseJ4/joomla/libraries/src/Document/Renderer/Html/ModuleRenderer.php:102
[14-Jan-2022 14:18:25 America/New_York] PHP  13. Joomla\CMS\Helper\ModuleHelper::renderRawModule() /var/www/html/mymuseJ4/joomla/libraries/src/Helper/ModuleHelper.php:167
[14-Jan-2022 14:18:25 America/New_York] PHP  14. Joomla\CMS\Dispatcher\ModuleDispatcher->dispatch() /var/www/html/mymuseJ4/joomla/libraries/src/Helper/ModuleHelper.php:295
[14-Jan-2022 14:18:25 America/New_York] PHP  15. Joomla\CMS\Dispatcher\ModuleDispatcher::Joomla\CMS\Dispatcher\{closure:/var/www/html/mymuseJ4/joomla/libraries/src/Dispatcher/ModuleDispatcher.php:41-55}() /var/www/html/mymuseJ4/joomla/libraries/src/Dispatcher/ModuleDispatcher.php:57
[14-Jan-2022 14:18:25 America/New_York] PHP  16. include() /var/www/html/mymuseJ4/joomla/libraries/src/Dispatcher/ModuleDispatcher.php:54
[14-Jan-2022 14:18:25 America/New_York] PHP  17. Joomla\Module\Menu\Site\Helper\MenuHelper::getList() /var/www/html/mymuseJ4/joomla/modules/mod_menu/mod_menu.php:15
[14-Jan-2022 14:18:25 America/New_York] PHP  18. Joomla\CMS\Router\Route::_() /var/www/html/mymuseJ4/joomla/modules/mod_menu/src/Helper/MenuHelper.php:163
[14-Jan-2022 14:18:25 America/New_York] PHP  19. Joomla\CMS\Router\Route::link() /var/www/html/mymuseJ4/joomla/libraries/src/Router/Route.php:94
[14-Jan-2022 14:18:25 America/New_York] PHP  20. Joomla\CMS\Router\SiteRouter->build() /var/www/html/mymuseJ4/joomla/libraries/src/Router/Route.php:145
[14-Jan-2022 14:18:25 America/New_York] PHP  21. Joomla\CMS\Router\SiteRouter->processBuildRules() /var/www/html/mymuseJ4/joomla/libraries/src/Router/Router.php:197
[14-Jan-2022 14:18:25 America/New_York] PHP  22. Joomla\CMS\Router\SiteRouter->buildSefRoute() /var/www/html/mymuseJ4/joomla/libraries/src/Router/Router.php:425
[14-Jan-2022 14:18:25 America/New_York] PHP  23. Joomla\Component\Mymuse\Site\Service\Router->build() /var/www/html/mymuseJ4/joomla/libraries/src/Router/SiteRouter.php:477
[14-Jan-2022 14:18:25 America/New_York] PHP  24. Joomla\Component\Mymuse\Site\Service\MymuseNomenuRules->build() /var/www/html/mymuseJ4/joomla/libraries/src/Component/Router/RouterView.php:245
[14-Jan-2022 14:18:25 America/New_York] PHP Notice:  Undefined index: view in /var/www/html/mymuseJ4/joomla/components/com_mymuse/src/Service/MymuseNomenuRules.php on line 102
[14-Jan-2022 14:18:25 America/New_York] PHP Stack trace:
[14-Jan-2022 14:18:25 America/New_York] PHP   1. {main}() /var/www/html/mymuseJ4/joomla/index.php:0
[14-Jan-2022 14:18:25 America/New_York] PHP   2. require_once() /var/www/html/mymuseJ4/joomla/index.php:32
[14-Jan-2022 14:18:25 America/New_York] PHP   3. Joomla\CMS\Application\SiteApplication->execute() /var/www/html/mymuseJ4/joomla/includes/app.php:63
[14-Jan-2022 14:18:25 America/New_York] PHP   4. Joomla\CMS\Application\SiteApplication->render() /var/www/html/mymuseJ4/joomla/libraries/src/Application/CMSApplication.php:284
[14-Jan-2022 14:18:25 America/New_York] PHP   5. Joomla\CMS\Application\SiteApplication->render() /var/www/html/mymuseJ4/joomla/libraries/src/Application/SiteApplication.php:804
[14-Jan-2022 14:18:25 America/New_York] PHP   6. Joomla\CMS\Document\HtmlDocument->parse() /var/www/html/mymuseJ4/joomla/libraries/src/Application/CMSApplication.php:1022
[14-Jan-2022 14:18:25 America/New_York] PHP   7. Joomla\CMS\Document\HtmlDocument->_fetchTemplate() /var/www/html/mymuseJ4/joomla/libraries/src/Document/HtmlDocument.php:631
[14-Jan-2022 14:18:25 America/New_York] PHP   8. Joomla\CMS\Document\HtmlDocument->_loadTemplate() /var/www/html/mymuseJ4/joomla/libraries/src/Document/HtmlDocument.php:828
[14-Jan-2022 14:18:25 America/New_York] PHP   9. require() /var/www/html/mymuseJ4/joomla/libraries/src/Document/HtmlDocument.php:769
[14-Jan-2022 14:18:25 America/New_York] PHP  10. Joomla\CMS\Document\HtmlDocument->countModules() /var/www/html/mymuseJ4/joomla/templates/cassiopeia/index.php:112
[14-Jan-2022 14:18:25 America/New_York] PHP  11. Joomla\CMS\Document\Renderer\Html\ModuleRenderer->render() /var/www/html/mymuseJ4/joomla/libraries/src/Document/HtmlDocument.php:696
[14-Jan-2022 14:18:25 America/New_York] PHP  12. Joomla\CMS\Helper\ModuleHelper::renderModule() /var/www/html/mymuseJ4/joomla/libraries/src/Document/Renderer/Html/ModuleRenderer.php:102
[14-Jan-2022 14:18:25 America/New_York] PHP  13. Joomla\CMS\Helper\ModuleHelper::renderRawModule() /var/www/html/mymuseJ4/joomla/libraries/src/Helper/ModuleHelper.php:167
[14-Jan-2022 14:18:25 America/New_York] PHP  14. Joomla\CMS\Dispatcher\ModuleDispatcher->dispatch() /var/www/html/mymuseJ4/joomla/libraries/src/Helper/ModuleHelper.php:295
[14-Jan-2022 14:18:25 America/New_York] PHP  15. Joomla\CMS\Dispatcher\ModuleDispatcher::Joomla\CMS\Dispatcher\{closure:/var/www/html/mymuseJ4/joomla/libraries/src/Dispatcher/ModuleDispatcher.php:41-55}() /var/www/html/mymuseJ4/joomla/libraries/src/Dispatcher/ModuleDispatcher.php:57
[14-Jan-2022 14:18:25 America/New_York] PHP  16. include() /var/www/html/mymuseJ4/joomla/libraries/src/Dispatcher/ModuleDispatcher.php:54
[14-Jan-2022 14:18:25 America/New_York] PHP  17. Joomla\Module\Menu\Site\Helper\MenuHelper::getList() /var/www/html/mymuseJ4/joomla/modules/mod_menu/mod_menu.php:15
[14-Jan-2022 14:18:25 America/New_York] PHP  18. Joomla\CMS\Router\Route::_() /var/www/html/mymuseJ4/joomla/modules/mod_menu/src/Helper/MenuHelper.php:163
[14-Jan-2022 14:18:25 America/New_York] PHP  19. Joomla\CMS\Router\Route::link() /var/www/html/mymuseJ4/joomla/libraries/src/Router/Route.php:94
[14-Jan-2022 14:18:25 America/New_York] PHP  20. Joomla\CMS\Router\SiteRouter->build() /var/www/html/mymuseJ4/joomla/libraries/src/Router/Route.php:145
[14-Jan-2022 14:18:25 America/New_York] PHP  21. Joomla\CMS\Router\SiteRouter->processBuildRules() /var/www/html/mymuseJ4/joomla/libraries/src/Router/Router.php:197
[14-Jan-2022 14:18:25 America/New_York] PHP  22. Joomla\CMS\Router\SiteRouter->buildSefRoute() /var/www/html/mymuseJ4/joomla/libraries/src/Router/Router.php:425
[14-Jan-2022 14:18:25 America/New_York] PHP  23. Joomla\Component\Mymuse\Site\Service\Router->build() /var/www/html/mymuseJ4/joomla/libraries/src/Router/SiteRouter.php:477
[14-Jan-2022 14:18:25 America/New_York] PHP  24. Joomla\Component\Mymuse\Site\Service\MymuseNomenuRules->build() /var/www/html/mymuseJ4/joomla/libraries/src/Component/Router/RouterView.php:245
[14-Jan-2022 14:18:25 America/New_York] PHP Notice:  Undefined index: view in /var/www/html/mymuseJ4/joomla/components/com_mymuse/src/Service/MymuseNomenuRules.php on line 102
[14-Jan-2022 14:18:25 America/New_York] PHP Stack trace:
[14-Jan-2022 14:18:25 America/New_York] PHP   1. {main}() /var/www/html/mymuseJ4/joomla/index.php:0
[14-Jan-2022 14:18:25 America/New_York] PHP   2. require_once() /var/www/html/mymuseJ4/joomla/index.php:32
[14-Jan-2022 14:18:25 America/New_York] PHP   3. Joomla\CMS\Application\SiteApplication->execute() /var/www/html/mymuseJ4/joomla/includes/app.php:63
[14-Jan-2022 14:18:25 America/New_York] PHP   4. Joomla\CMS\Application\SiteApplication->render() /var/www/html/mymuseJ4/joomla/libraries/src/Application/CMSApplication.php:284
[14-Jan-2022 14:18:25 America/New_York] PHP   5. Joomla\CMS\Application\SiteApplication->render() /var/www/html/mymuseJ4/joomla/libraries/src/Application/SiteApplication.php:804
[14-Jan-2022 14:18:25 America/New_York] PHP   6. Joomla\CMS\Document\HtmlDocument->parse() /var/www/html/mymuseJ4/joomla/libraries/src/Application/CMSApplication.php:1022
[14-Jan-2022 14:18:25 America/New_York] PHP   7. Joomla\CMS\Document\HtmlDocument->_fetchTemplate() /var/www/html/mymuseJ4/joomla/libraries/src/Document/HtmlDocument.php:631
[14-Jan-2022 14:18:25 America/New_York] PHP   8. Joomla\CMS\Document\HtmlDocument->_loadTemplate() /var/www/html/mymuseJ4/joomla/libraries/src/Document/HtmlDocument.php:828
[14-Jan-2022 14:18:25 America/New_York] PHP   9. require() /var/www/html/mymuseJ4/joomla/libraries/src/Document/HtmlDocument.php:769
[14-Jan-2022 14:18:25 America/New_York] PHP  10. Joomla\CMS\Document\HtmlDocument->countModules() /var/www/html/mymuseJ4/joomla/templates/cassiopeia/index.php:112
[14-Jan-2022 14:18:25 America/New_York] PHP  11. Joomla\CMS\Document\Renderer\Html\ModuleRenderer->render() /var/www/html/mymuseJ4/joomla/libraries/src/Document/HtmlDocument.php:696
[14-Jan-2022 14:18:25 America/New_York] PHP  12. Joomla\CMS\Helper\ModuleHelper::renderModule() /var/www/html/mymuseJ4/joomla/libraries/src/Document/Renderer/Html/ModuleRenderer.php:102
[14-Jan-2022 14:18:25 America/New_York] PHP  13. Joomla\CMS\Helper\ModuleHelper::renderRawModule() /var/www/html/mymuseJ4/joomla/libraries/src/Helper/ModuleHelper.php:167
[14-Jan-2022 14:18:25 America/New_York] PHP  14. Joomla\CMS\Dispatcher\ModuleDispatcher->dispatch() /var/www/html/mymuseJ4/joomla/libraries/src/Helper/ModuleHelper.php:295
[14-Jan-2022 14:18:25 America/New_York] PHP  15. Joomla\CMS\Dispatcher\ModuleDispatcher::Joomla\CMS\Dispatcher\{closure:/var/www/html/mymuseJ4/joomla/libraries/src/Dispatcher/ModuleDispatcher.php:41-55}() /var/www/html/mymuseJ4/joomla/libraries/src/Dispatcher/ModuleDispatcher.php:57
[14-Jan-2022 14:18:25 America/New_York] PHP  16. include() /var/www/html/mymuseJ4/joomla/libraries/src/Dispatcher/ModuleDispatcher.php:54
[14-Jan-2022 14:18:25 America/New_York] PHP  17. Joomla\Module\Menu\Site\Helper\MenuHelper::getList() /var/www/html/mymuseJ4/joomla/modules/mod_menu/mod_menu.php:15
[14-Jan-2022 14:18:25 America/New_York] PHP  18. Joomla\CMS\Router\Route::_() /var/www/html/mymuseJ4/joomla/modules/mod_menu/src/Helper/MenuHelper.php:163
[14-Jan-2022 14:18:25 America/New_York] PHP  19. Joomla\CMS\Router\Route::link() /var/www/html/mymuseJ4/joomla/libraries/src/Router/Route.php:94
[14-Jan-2022 14:18:25 America/New_York] PHP  20. Joomla\CMS\Router\SiteRouter->build() /var/www/html/mymuseJ4/joomla/libraries/src/Router/Route.php:145
[14-Jan-2022 14:18:25 America/New_York] PHP  21. Joomla\CMS\Router\SiteRouter->processBuildRules() /var/www/html/mymuseJ4/joomla/libraries/src/Router/Router.php:197
[14-Jan-2022 14:18:25 America/New_York] PHP  22. Joomla\CMS\Router\SiteRouter->buildSefRoute() /var/www/html/mymuseJ4/joomla/libraries/src/Router/Router.php:425
[14-Jan-2022 14:18:25 America/New_York] PHP  23. Joomla\Component\Mymuse\Site\Service\Router->build() /var/www/html/mymuseJ4/joomla/libraries/src/Router/SiteRouter.php:477
[14-Jan-2022 14:18:25 America/New_York] PHP  24. Joomla\Component\Mymuse\Site\Service\MymuseNomenuRules->build() /var/www/html/mymuseJ4/joomla/libraries/src/Component/Router/RouterView.php:245
[14-Jan-2022 14:18:25 America/New_York] PHP Notice:  Undefined index: view in /var/www/html/mymuseJ4/joomla/components/com_mymuse/src/Service/MymuseNomenuRules.php on line 102
[14-Jan-2022 14:18:25 America/New_York] PHP Stack trace:
[14-Jan-2022 14:18:25 America/New_York] PHP   1. {main}() /var/www/html/mymuseJ4/joomla/index.php:0
[14-Jan-2022 14:18:25 America/New_York] PHP   2. require_once() /var/www/html/mymuseJ4/joomla/index.php:32
[14-Jan-2022 14:18:25 America/New_York] PHP   3. Joomla\CMS\Application\SiteApplication->execute() /var/www/html/mymuseJ4/joomla/includes/app.php:63
[14-Jan-2022 14:18:25 America/New_York] PHP   4. Joomla\CMS\Application\SiteApplication->render() /var/www/html/mymuseJ4/joomla/libraries/src/Application/CMSApplication.php:284
[14-Jan-2022 14:18:25 America/New_York] PHP   5. Joomla\CMS\Application\SiteApplication->render() /var/www/html/mymuseJ4/joomla/libraries/src/Application/SiteApplication.php:804
[14-Jan-2022 14:18:25 America/New_York] PHP   6. Joomla\CMS\Document\HtmlDocument->parse() /var/www/html/mymuseJ4/joomla/libraries/src/Application/CMSApplication.php:1022
[14-Jan-2022 14:18:25 America/New_York] PHP   7. Joomla\CMS\Document\HtmlDocument->_fetchTemplate() /var/www/html/mymuseJ4/joomla/libraries/src/Document/HtmlDocument.php:631
[14-Jan-2022 14:18:25 America/New_York] PHP   8. Joomla\CMS\Document\HtmlDocument->_loadTemplate() /var/www/html/mymuseJ4/joomla/libraries/src/Document/HtmlDocument.php:828
[14-Jan-2022 14:18:25 America/New_York] PHP   9. require() /var/www/html/mymuseJ4/joomla/libraries/src/Document/HtmlDocument.php:769
[14-Jan-2022 14:18:25 America/New_York] PHP  10. Joomla\CMS\Document\HtmlDocument->countModules() /var/www/html/mymuseJ4/joomla/templates/cassiopeia/index.php:112
[14-Jan-2022 14:18:25 America/New_York] PHP  11. Joomla\CMS\Document\Renderer\Html\ModuleRenderer->render() /var/www/html/mymuseJ4/joomla/libraries/src/Document/HtmlDocument.php:696
[14-Jan-2022 14:18:25 America/New_York] PHP  12. Joomla\CMS\Helper\ModuleHelper::renderModule() /var/www/html/mymuseJ4/joomla/libraries/src/Document/Renderer/Html/ModuleRenderer.php:102
[14-Jan-2022 14:18:25 America/New_York] PHP  13. Joomla\CMS\Helper\ModuleHelper::renderRawModule() /var/www/html/mymuseJ4/joomla/libraries/src/Helper/ModuleHelper.php:167
[14-Jan-2022 14:18:25 America/New_York] PHP  14. Joomla\CMS\Dispatcher\ModuleDispatcher->dispatch() /var/www/html/mymuseJ4/joomla/libraries/src/Helper/ModuleHelper.php:295
[14-Jan-2022 14:18:25 America/New_York] PHP  15. Joomla\CMS\Dispatcher\ModuleDispatcher::Joomla\CMS\Dispatcher\{closure:/var/www/html/mymuseJ4/joomla/libraries/src/Dispatcher/ModuleDispatcher.php:41-55}() /var/www/html/mymuseJ4/joomla/libraries/src/Dispatcher/ModuleDispatcher.php:57
[14-Jan-2022 14:18:25 America/New_York] PHP  16. include() /var/www/html/mymuseJ4/joomla/libraries/src/Dispatcher/ModuleDispatcher.php:54
[14-Jan-2022 14:18:25 America/New_York] PHP  17. require() /var/www/html/mymuseJ4/joomla/modules/mod_login/mod_login.php:35
[14-Jan-2022 14:18:25 America/New_York] PHP  18. Joomla\CMS\Router\Route::_() /var/www/html/mymuseJ4/joomla/modules/mod_login/tmpl/default.php:26
[14-Jan-2022 14:18:25 America/New_York] PHP  19. Joomla\CMS\Router\Route::link() /var/www/html/mymuseJ4/joomla/libraries/src/Router/Route.php:94
[14-Jan-2022 14:18:25 America/New_York] PHP  20. Joomla\CMS\Router\SiteRouter->build() /var/www/html/mymuseJ4/joomla/libraries/src/Router/Route.php:145
[14-Jan-2022 14:18:25 America/New_York] PHP  21. Joomla\CMS\Router\SiteRouter->processBuildRules() /var/www/html/mymuseJ4/joomla/libraries/src/Router/Router.php:197
[14-Jan-2022 14:18:25 America/New_York] PHP  22. Joomla\CMS\Router\SiteRouter->buildSefRoute() /var/www/html/mymuseJ4/joomla/libraries/src/Router/Router.php:425
[14-Jan-2022 14:18:25 America/New_York] PHP  23. Joomla\Component\Mymuse\Site\Service\Router->build() /var/www/html/mymuseJ4/joomla/libraries/src/Router/SiteRouter.php:477
[14-Jan-2022 14:18:25 America/New_York] PHP  24. Joomla\Component\Mymuse\Site\Service\MymuseNomenuRules->build() /var/www/html/mymuseJ4/joomla/libraries/src/Component/Router/RouterView.php:245
[14-Jan-2022 14:28:11 America/New_York] PHP Notice:  Undefined variable: dbo in /var/www/html/mymuseJ4/joomla/components/com_mymuse/src/Service/MymuseNomenuRules.php on line 110
[14-Jan-2022 14:28:11 America/New_York] PHP Stack trace:
[14-Jan-2022 14:28:11 America/New_York] PHP   1. {main}() /var/www/html/mymuseJ4/joomla/index.php:0
[14-Jan-2022 14:28:11 America/New_York] PHP   2. require_once() /var/www/html/mymuseJ4/joomla/index.php:32
[14-Jan-2022 14:28:11 America/New_York] PHP   3. Joomla\CMS\Application\SiteApplication->execute() /var/www/html/mymuseJ4/joomla/includes/app.php:63
[14-Jan-2022 14:28:11 America/New_York] PHP   4. Joomla\CMS\Application\SiteApplication->doExecute() /var/www/html/mymuseJ4/joomla/libraries/src/Application/CMSApplication.php:278
[14-Jan-2022 14:28:11 America/New_York] PHP   5. Joomla\CMS\Application\SiteApplication->dispatch() /var/www/html/mymuseJ4/joomla/libraries/src/Application/SiteApplication.php:245
[14-Jan-2022 14:28:11 America/New_York] PHP   6. Joomla\CMS\Component\ComponentHelper::renderComponent() /var/www/html/mymuseJ4/joomla/libraries/src/Application/SiteApplication.php:206
[14-Jan-2022 14:28:11 America/New_York] PHP   7. Joomla\Component\Mymuse\Site\Dispatcher\Dispatcher->dispatch() /var/www/html/mymuseJ4/joomla/libraries/src/Component/ComponentHelper.php:389
[14-Jan-2022 14:28:11 America/New_York] PHP   8. Joomla\Component\Mymuse\Site\Dispatcher\Dispatcher->dispatch() /var/www/html/mymuseJ4/joomla/components/com_mymuse/src/Dispatcher/Dispatcher.php:56
[14-Jan-2022 14:28:11 America/New_York] PHP   9. Joomla\Component\Mymuse\Site\Controller\DisplayController->execute() /var/www/html/mymuseJ4/joomla/libraries/src/Dispatcher/ComponentDispatcher.php:146
[14-Jan-2022 14:28:11 America/New_York] PHP  10. Joomla\Component\Mymuse\Site\Controller\DisplayController->display() /var/www/html/mymuseJ4/joomla/libraries/src/MVC/Controller/BaseController.php:730
[14-Jan-2022 14:28:11 America/New_York] PHP  11. Joomla\Component\Mymuse\Site\Controller\DisplayController->display() /var/www/html/mymuseJ4/joomla/components/com_mymuse/src/Controller/DisplayController.php:296
[14-Jan-2022 14:28:11 America/New_York] PHP  12. Joomla\Component\Mymuse\Site\View\Store\HtmlView->display() /var/www/html/mymuseJ4/joomla/libraries/src/MVC/Controller/BaseController.php:692
[14-Jan-2022 14:28:11 America/New_York] PHP  13. Joomla\Component\Mymuse\Site\View\Store\HtmlView->display() /var/www/html/mymuseJ4/joomla/components/com_mymuse/src/View/Store/HtmlView.php:712
[14-Jan-2022 14:28:11 America/New_York] PHP  14. Joomla\Component\Mymuse\Site\View\Store\HtmlView->loadTemplate() /var/www/html/mymuseJ4/joomla/libraries/src/MVC/View/HtmlView.php:218
[14-Jan-2022 14:28:11 America/New_York] PHP  15. include() /var/www/html/mymuseJ4/joomla/libraries/src/MVC/View/HtmlView.php:429
[14-Jan-2022 14:28:11 America/New_York] PHP  16. Joomla\Component\Mymuse\Site\View\Store\HtmlView->loadTemplate() /var/www/html/mymuseJ4/joomla/components/com_mymuse/tmpl/store/default.php:80
[14-Jan-2022 14:28:11 America/New_York] PHP  17. include() /var/www/html/mymuseJ4/joomla/libraries/src/MVC/View/HtmlView.php:429
[14-Jan-2022 14:28:11 America/New_York] PHP  18. Joomla\CMS\Router\Route::_() /var/www/html/mymuseJ4/joomla/components/com_mymuse/tmpl/store/default_item.php:40
[14-Jan-2022 14:28:11 America/New_York] PHP  19. Joomla\CMS\Router\Route::link() /var/www/html/mymuseJ4/joomla/libraries/src/Router/Route.php:94
[14-Jan-2022 14:28:11 America/New_York] PHP  20. Joomla\CMS\Router\SiteRouter->build() /var/www/html/mymuseJ4/joomla/libraries/src/Router/Route.php:145
[14-Jan-2022 14:28:11 America/New_York] PHP  21. Joomla\CMS\Router\SiteRouter->processBuildRules() /var/www/html/mymuseJ4/joomla/libraries/src/Router/Router.php:197
[14-Jan-2022 14:28:11 America/New_York] PHP  22. Joomla\CMS\Router\SiteRouter->buildSefRoute() /var/www/html/mymuseJ4/joomla/libraries/src/Router/Router.php:425
[14-Jan-2022 14:28:11 America/New_York] PHP  23. Joomla\Component\Mymuse\Site\Service\Router->build() /var/www/html/mymuseJ4/joomla/libraries/src/Router/SiteRouter.php:477
[14-Jan-2022 14:28:11 America/New_York] PHP  24. Joomla\Component\Mymuse\Site\Service\MymuseNomenuRules->build() /var/www/html/mymuseJ4/joomla/libraries/src/Component/Router/RouterView.php:245
[14-Jan-2022 14:48:55 America/New_York] PHP Notice:  Undefined property: stdClass::$category_language in /var/www/html/mymuseJ4/joomla/layouts/joomla/content/info_block/category.php on line 23
[14-Jan-2022 14:48:55 America/New_York] PHP Stack trace:
[14-Jan-2022 14:48:55 America/New_York] PHP   1. {main}() /var/www/html/mymuseJ4/joomla/index.php:0
[14-Jan-2022 14:48:55 America/New_York] PHP   2. require_once() /var/www/html/mymuseJ4/joomla/index.php:32
[14-Jan-2022 14:48:55 America/New_York] PHP   3. Joomla\CMS\Application\SiteApplication->execute() /var/www/html/mymuseJ4/joomla/includes/app.php:63
[14-Jan-2022 14:48:55 America/New_York] PHP   4. Joomla\CMS\Application\SiteApplication->doExecute() /var/www/html/mymuseJ4/joomla/libraries/src/Application/CMSApplication.php:278
[14-Jan-2022 14:48:55 America/New_York] PHP   5. Joomla\CMS\Application\SiteApplication->dispatch() /var/www/html/mymuseJ4/joomla/libraries/src/Application/SiteApplication.php:245
[14-Jan-2022 14:48:55 America/New_York] PHP   6. Joomla\CMS\Component\ComponentHelper::renderComponent() /var/www/html/mymuseJ4/joomla/libraries/src/Application/SiteApplication.php:206
[14-Jan-2022 14:48:55 America/New_York] PHP   7. Joomla\Component\Mymuse\Site\Dispatcher\Dispatcher->dispatch() /var/www/html/mymuseJ4/joomla/libraries/src/Component/ComponentHelper.php:389
[14-Jan-2022 14:48:55 America/New_York] PHP   8. Joomla\Component\Mymuse\Site\Dispatcher\Dispatcher->dispatch() /var/www/html/mymuseJ4/joomla/components/com_mymuse/src/Dispatcher/Dispatcher.php:56
[14-Jan-2022 14:48:55 America/New_York] PHP   9. Joomla\Component\Mymuse\Site\Controller\DisplayController->execute() /var/www/html/mymuseJ4/joomla/libraries/src/Dispatcher/ComponentDispatcher.php:146
[14-Jan-2022 14:48:55 America/New_York] PHP  10. Joomla\Component\Mymuse\Site\Controller\DisplayController->display() /var/www/html/mymuseJ4/joomla/libraries/src/MVC/Controller/BaseController.php:730
[14-Jan-2022 14:48:55 America/New_York] PHP  11. Joomla\Component\Mymuse\Site\Controller\DisplayController->display() /var/www/html/mymuseJ4/joomla/components/com_mymuse/src/Controller/DisplayController.php:296
[14-Jan-2022 14:48:55 America/New_York] PHP  12. Joomla\Component\Mymuse\Site\View\Category\HtmlView->display() /var/www/html/mymuseJ4/joomla/libraries/src/MVC/Controller/BaseController.php:692
[14-Jan-2022 14:48:55 America/New_York] PHP  13. Joomla\Component\Mymuse\Site\View\Category\HtmlView->display() /var/www/html/mymuseJ4/joomla/components/com_mymuse/src/View/Category/HtmlView.php:211
[14-Jan-2022 14:48:55 America/New_York] PHP  14. Joomla\Component\Mymuse\Site\View\Category\HtmlView->display() /var/www/html/mymuseJ4/joomla/libraries/src/MVC/View/CategoryView.php:268
[14-Jan-2022 14:48:55 America/New_York] PHP  15. Joomla\Component\Mymuse\Site\View\Category\HtmlView->loadTemplate() /var/www/html/mymuseJ4/joomla/libraries/src/MVC/View/HtmlView.php:218
[14-Jan-2022 14:48:55 America/New_York] PHP  16. include() /var/www/html/mymuseJ4/joomla/libraries/src/MVC/View/HtmlView.php:429
[14-Jan-2022 14:48:55 America/New_York] PHP  17. Joomla\Component\Mymuse\Site\View\Category\HtmlView->loadTemplate() /var/www/html/mymuseJ4/joomla/components/com_mymuse/tmpl/category/blog.php:104
[14-Jan-2022 14:48:55 America/New_York] PHP  18. include() /var/www/html/mymuseJ4/joomla/libraries/src/MVC/View/HtmlView.php:429
[14-Jan-2022 14:48:55 America/New_York] PHP  19. Joomla\CMS\Layout\LayoutHelper::render() /var/www/html/mymuseJ4/joomla/components/com_mymuse/tmpl/category/blog_item.php:93
[14-Jan-2022 14:48:55 America/New_York] PHP  20. Joomla\CMS\Layout\FileLayout->render() /var/www/html/mymuseJ4/joomla/libraries/src/Layout/LayoutHelper.php:73
[14-Jan-2022 14:48:55 America/New_York] PHP  21. include() /var/www/html/mymuseJ4/joomla/libraries/src/Layout/FileLayout.php:128
[14-Jan-2022 14:48:55 America/New_York] PHP  22. Joomla\CMS\Layout\FileLayout->sublayout() /var/www/html/mymuseJ4/joomla/layouts/joomla/content/info_block.php:38
[14-Jan-2022 14:48:55 America/New_York] PHP  23. Joomla\CMS\Layout\FileLayout->render() /var/www/html/mymuseJ4/joomla/libraries/src/Layout/FileLayout.php:643
[14-Jan-2022 14:48:55 America/New_York] PHP  24. include() /var/www/html/mymuseJ4/joomla/libraries/src/Layout/FileLayout.php:128
[14-Jan-2022 14:48:55 America/New_York] PHP Notice:  Undefined property: stdClass::$readmore in /var/www/html/mymuseJ4/joomla/components/com_mymuse/tmpl/category/blog_item.php on line 118
[14-Jan-2022 14:48:55 America/New_York] PHP Stack trace:
[14-Jan-2022 14:48:55 America/New_York] PHP   1. {main}() /var/www/html/mymuseJ4/joomla/index.php:0
[14-Jan-2022 14:48:55 America/New_York] PHP   2. require_once() /var/www/html/mymuseJ4/joomla/index.php:32
[14-Jan-2022 14:48:55 America/New_York] PHP   3. Joomla\CMS\Application\SiteApplication->execute() /var/www/html/mymuseJ4/joomla/includes/app.php:63
[14-Jan-2022 14:48:55 America/New_York] PHP   4. Joomla\CMS\Application\SiteApplication->doExecute() /var/www/html/mymuseJ4/joomla/libraries/src/Application/CMSApplication.php:278
[14-Jan-2022 14:48:55 America/New_York] PHP   5. Joomla\CMS\Application\SiteApplication->dispatch() /var/www/html/mymuseJ4/joomla/libraries/src/Application/SiteApplication.php:245
[14-Jan-2022 14:48:55 America/New_York] PHP   6. Joomla\CMS\Component\ComponentHelper::renderComponent() /var/www/html/mymuseJ4/joomla/libraries/src/Application/SiteApplication.php:206
[14-Jan-2022 14:48:55 America/New_York] PHP   7. Joomla\Component\Mymuse\Site\Dispatcher\Dispatcher->dispatch() /var/www/html/mymuseJ4/joomla/libraries/src/Component/ComponentHelper.php:389
[14-Jan-2022 14:48:55 America/New_York] PHP   8. Joomla\Component\Mymuse\Site\Dispatcher\Dispatcher->dispatch() /var/www/html/mymuseJ4/joomla/components/com_mymuse/src/Dispatcher/Dispatcher.php:56
[14-Jan-2022 14:48:55 America/New_York] PHP   9. Joomla\Component\Mymuse\Site\Controller\DisplayController->execute() /var/www/html/mymuseJ4/joomla/libraries/src/Dispatcher/ComponentDispatcher.php:146
[14-Jan-2022 14:48:55 America/New_York] PHP  10. Joomla\Component\Mymuse\Site\Controller\DisplayController->display() /var/www/html/mymuseJ4/joomla/libraries/src/MVC/Controller/BaseController.php:730
[14-Jan-2022 14:48:55 America/New_York] PHP  11. Joomla\Component\Mymuse\Site\Controller\DisplayController->display() /var/www/html/mymuseJ4/joomla/components/com_mymuse/src/Controller/DisplayController.php:296
[14-Jan-2022 14:48:55 America/New_York] PHP  12. Joomla\Component\Mymuse\Site\View\Category\HtmlView->display() /var/www/html/mymuseJ4/joomla/libraries/src/MVC/Controller/BaseController.php:692
[14-Jan-2022 14:48:55 America/New_York] PHP  13. Joomla\Component\Mymuse\Site\View\Category\HtmlView->display() /var/www/html/mymuseJ4/joomla/components/com_mymuse/src/View/Category/HtmlView.php:211
[14-Jan-2022 14:48:55 America/New_York] PHP  14. Joomla\Component\Mymuse\Site\View\Category\HtmlView->display() /var/www/html/mymuseJ4/joomla/libraries/src/MVC/View/CategoryView.php:268
[14-Jan-2022 14:48:55 America/New_York] PHP  15. Joomla\Component\Mymuse\Site\View\Category\HtmlView->loadTemplate() /var/www/html/mymuseJ4/joomla/libraries/src/MVC/View/HtmlView.php:218
[14-Jan-2022 14:48:55 America/New_York] PHP  16. include() /var/www/html/mymuseJ4/joomla/libraries/src/MVC/View/HtmlView.php:429
[14-Jan-2022 14:48:55 America/New_York] PHP  17. Joomla\Component\Mymuse\Site\View\Category\HtmlView->loadTemplate() /var/www/html/mymuseJ4/joomla/components/com_mymuse/tmpl/category/blog.php:104
[14-Jan-2022 14:48:55 America/New_York] PHP  18. include() /var/www/html/mymuseJ4/joomla/libraries/src/MVC/View/HtmlView.php:429
[14-Jan-2022 14:48:55 America/New_York] PHP Notice:  Undefined property: stdClass::$category_language in /var/www/html/mymuseJ4/joomla/layouts/joomla/content/info_block/category.php on line 23
[14-Jan-2022 14:48:55 America/New_York] PHP Stack trace:
[14-Jan-2022 14:48:55 America/New_York] PHP   1. {main}() /var/www/html/mymuseJ4/joomla/index.php:0
[14-Jan-2022 14:48:55 America/New_York] PHP   2. require_once() /var/www/html/mymuseJ4/joomla/index.php:32
[14-Jan-2022 14:48:55 America/New_York] PHP   3. Joomla\CMS\Application\SiteApplication->execute() /var/www/html/mymuseJ4/joomla/includes/app.php:63
[14-Jan-2022 14:48:55 America/New_York] PHP   4. Joomla\CMS\Application\SiteApplication->doExecute() /var/www/html/mymuseJ4/joomla/libraries/src/Application/CMSApplication.php:278
[14-Jan-2022 14:48:55 America/New_York] PHP   5. Joomla\CMS\Application\SiteApplication->dispatch() /var/www/html/mymuseJ4/joomla/libraries/src/Application/SiteApplication.php:245
[14-Jan-2022 14:48:55 America/New_York] PHP   6. Joomla\CMS\Component\ComponentHelper::renderComponent() /var/www/html/mymuseJ4/joomla/libraries/src/Application/SiteApplication.php:206
[14-Jan-2022 14:48:55 America/New_York] PHP   7. Joomla\Component\Mymuse\Site\Dispatcher\Dispatcher->dispatch() /var/www/html/mymuseJ4/joomla/libraries/src/Component/ComponentHelper.php:389
[14-Jan-2022 14:48:55 America/New_York] PHP   8. Joomla\Component\Mymuse\Site\Dispatcher\Dispatcher->dispatch() /var/www/html/mymuseJ4/joomla/components/com_mymuse/src/Dispatcher/Dispatcher.php:56
[14-Jan-2022 14:48:55 America/New_York] PHP   9. Joomla\Component\Mymuse\Site\Controller\DisplayController->execute() /var/www/html/mymuseJ4/joomla/libraries/src/Dispatcher/ComponentDispatcher.php:146
[14-Jan-2022 14:48:55 America/New_York] PHP  10. Joomla\Component\Mymuse\Site\Controller\DisplayController->display() /var/www/html/mymuseJ4/joomla/libraries/src/MVC/Controller/BaseController.php:730
[14-Jan-2022 14:48:55 America/New_York] PHP  11. Joomla\Component\Mymuse\Site\Controller\DisplayController->display() /var/www/html/mymuseJ4/joomla/components/com_mymuse/src/Controller/DisplayController.php:296
[14-Jan-2022 14:48:55 America/New_York] PHP  12. Joomla\Component\Mymuse\Site\View\Category\HtmlView->display() /var/www/html/mymuseJ4/joomla/libraries/src/MVC/Controller/BaseController.php:692
[14-Jan-2022 14:48:55 America/New_York] PHP  13. Joomla\Component\Mymuse\Site\View\Category\HtmlView->display() /var/www/html/mymuseJ4/joomla/components/com_mymuse/src/View/Category/HtmlView.php:211
[14-Jan-2022 14:48:55 America/New_York] PHP  14. Joomla\Component\Mymuse\Site\View\Category\HtmlView->display() /var/www/html/mymuseJ4/joomla/libraries/src/MVC/View/CategoryView.php:268
[14-Jan-2022 14:48:55 America/New_York] PHP  15. Joomla\Component\Mymuse\Site\View\Category\HtmlView->loadTemplate() /var/www/html/mymuseJ4/joomla/libraries/src/MVC/View/HtmlView.php:218
[14-Jan-2022 14:48:55 America/New_York] PHP  16. include() /var/www/html/mymuseJ4/joomla/libraries/src/MVC/View/HtmlView.php:429
[14-Jan-2022 14:48:55 America/New_York] PHP  17. Joomla\Component\Mymuse\Site\View\Category\HtmlView->loadTemplate() /var/www/html/mymuseJ4/joomla/components/com_mymuse/tmpl/category/blog.php:129
[14-Jan-2022 14:48:55 America/New_York] PHP  18. include() /var/www/html/mymuseJ4/joomla/libraries/src/MVC/View/HtmlView.php:429
[14-Jan-2022 14:48:55 America/New_York] PHP  19. Joomla\CMS\Layout\LayoutHelper::render() /var/www/html/mymuseJ4/joomla/components/com_mymuse/tmpl/category/blog_item.php:93
[14-Jan-2022 14:48:55 America/New_York] PHP  20. Joomla\CMS\Layout\FileLayout->render() /var/www/html/mymuseJ4/joomla/libraries/src/Layout/LayoutHelper.php:73
[14-Jan-2022 14:48:55 America/New_York] PHP  21. include() /var/www/html/mymuseJ4/joomla/libraries/src/Layout/FileLayout.php:128
[14-Jan-2022 14:48:55 America/New_York] PHP  22. Joomla\CMS\Layout\FileLayout->sublayout() /var/www/html/mymuseJ4/joomla/layouts/joomla/content/info_block.php:38
[14-Jan-2022 14:48:55 America/New_York] PHP  23. Joomla\CMS\Layout\FileLayout->render() /var/www/html/mymuseJ4/joomla/libraries/src/Layout/FileLayout.php:643
[14-Jan-2022 14:48:55 America/New_York] PHP  24. include() /var/www/html/mymuseJ4/joomla/libraries/src/Layout/FileLayout.php:128
[14-Jan-2022 14:48:55 America/New_York] PHP Notice:  Undefined property: stdClass::$readmore in /var/www/html/mymuseJ4/joomla/components/com_mymuse/tmpl/category/blog_item.php on line 118
[14-Jan-2022 14:48:55 America/New_York] PHP Stack trace:
[14-Jan-2022 14:48:55 America/New_York] PHP   1. {main}() /var/www/html/mymuseJ4/joomla/index.php:0
[14-Jan-2022 14:48:55 America/New_York] PHP   2. require_once() /var/www/html/mymuseJ4/joomla/index.php:32
[14-Jan-2022 14:48:55 America/New_York] PHP   3. Joomla\CMS\Application\SiteApplication->execute() /var/www/html/mymuseJ4/joomla/includes/app.php:63
[14-Jan-2022 14:48:55 America/New_York] PHP   4. Joomla\CMS\Application\SiteApplication->doExecute() /var/www/html/mymuseJ4/joomla/libraries/src/Application/CMSApplication.php:278
[14-Jan-2022 14:48:55 America/New_York] PHP   5. Joomla\CMS\Application\SiteApplication->dispatch() /var/www/html/mymuseJ4/joomla/libraries/src/Application/SiteApplication.php:245
[14-Jan-2022 14:48:55 America/New_York] PHP   6. Joomla\CMS\Component\ComponentHelper::renderComponent() /var/www/html/mymuseJ4/joomla/libraries/src/Application/SiteApplication.php:206
[14-Jan-2022 14:48:55 America/New_York] PHP   7. Joomla\Component\Mymuse\Site\Dispatcher\Dispatcher->dispatch() /var/www/html/mymuseJ4/joomla/libraries/src/Component/ComponentHelper.php:389
[14-Jan-2022 14:48:55 America/New_York] PHP   8. Joomla\Component\Mymuse\Site\Dispatcher\Dispatcher->dispatch() /var/www/html/mymuseJ4/joomla/components/com_mymuse/src/Dispatcher/Dispatcher.php:56
[14-Jan-2022 14:48:55 America/New_York] PHP   9. Joomla\Component\Mymuse\Site\Controller\DisplayController->execute() /var/www/html/mymuseJ4/joomla/libraries/src/Dispatcher/ComponentDispatcher.php:146
[14-Jan-2022 14:48:55 America/New_York] PHP  10. Joomla\Component\Mymuse\Site\Controller\DisplayController->display() /var/www/html/mymuseJ4/joomla/libraries/src/MVC/Controller/BaseController.php:730
[14-Jan-2022 14:48:55 America/New_York] PHP  11. Joomla\Component\Mymuse\Site\Controller\DisplayController->display() /var/www/html/mymuseJ4/joomla/components/com_mymuse/src/Controller/DisplayController.php:296
[14-Jan-2022 14:48:55 America/New_York] PHP  12. Joomla\Component\Mymuse\Site\View\Category\HtmlView->display() /var/www/html/mymuseJ4/joomla/libraries/src/MVC/Controller/BaseController.php:692
[14-Jan-2022 14:48:55 America/New_York] PHP  13. Joomla\Component\Mymuse\Site\View\Category\HtmlView->display() /var/www/html/mymuseJ4/joomla/components/com_mymuse/src/View/Category/HtmlView.php:211
[14-Jan-2022 14:48:55 America/New_York] PHP  14. Joomla\Component\Mymuse\Site\View\Category\HtmlView->display() /var/www/html/mymuseJ4/joomla/libraries/src/MVC/View/CategoryView.php:268
[14-Jan-2022 14:48:55 America/New_York] PHP  15. Joomla\Component\Mymuse\Site\View\Category\HtmlView->loadTemplate() /var/www/html/mymuseJ4/joomla/libraries/src/MVC/View/HtmlView.php:218
[14-Jan-2022 14:48:55 America/New_York] PHP  16. include() /var/www/html/mymuseJ4/joomla/libraries/src/MVC/View/HtmlView.php:429
[14-Jan-2022 14:48:55 America/New_York] PHP  17. Joomla\Component\Mymuse\Site\View\Category\HtmlView->loadTemplate() /var/www/html/mymuseJ4/joomla/components/com_mymuse/tmpl/category/blog.php:129
[14-Jan-2022 14:48:55 America/New_York] PHP  18. include() /var/www/html/mymuseJ4/joomla/libraries/src/MVC/View/HtmlView.php:429
[14-Jan-2022 14:50:14 America/New_York] PHP Notice:  Undefined property: stdClass::$category_language in /var/www/html/mymuseJ4/joomla/layouts/joomla/content/info_block/category.php on line 23
[14-Jan-2022 14:50:14 America/New_York] PHP Stack trace:
[14-Jan-2022 14:50:14 America/New_York] PHP   1. {main}() /var/www/html/mymuseJ4/joomla/index.php:0
[14-Jan-2022 14:50:14 America/New_York] PHP   2. require_once() /var/www/html/mymuseJ4/joomla/index.php:32
[14-Jan-2022 14:50:14 America/New_York] PHP   3. Joomla\CMS\Application\SiteApplication->execute() /var/www/html/mymuseJ4/joomla/includes/app.php:63
[14-Jan-2022 14:50:14 America/New_York] PHP   4. Joomla\CMS\Application\SiteApplication->doExecute() /var/www/html/mymuseJ4/joomla/libraries/src/Application/CMSApplication.php:278
[14-Jan-2022 14:50:14 America/New_York] PHP   5. Joomla\CMS\Application\SiteApplication->dispatch() /var/www/html/mymuseJ4/joomla/libraries/src/Application/SiteApplication.php:245
[14-Jan-2022 14:50:14 America/New_York] PHP   6. Joomla\CMS\Component\ComponentHelper::renderComponent() /var/www/html/mymuseJ4/joomla/libraries/src/Application/SiteApplication.php:206
[14-Jan-2022 14:50:14 America/New_York] PHP   7. Joomla\Component\Mymuse\Site\Dispatcher\Dispatcher->dispatch() /var/www/html/mymuseJ4/joomla/libraries/src/Component/ComponentHelper.php:389
[14-Jan-2022 14:50:14 America/New_York] PHP   8. Joomla\Component\Mymuse\Site\Dispatcher\Dispatcher->dispatch() /var/www/html/mymuseJ4/joomla/components/com_mymuse/src/Dispatcher/Dispatcher.php:56
[14-Jan-2022 14:50:14 America/New_York] PHP   9. Joomla\Component\Mymuse\Site\Controller\DisplayController->execute() /var/www/html/mymuseJ4/joomla/libraries/src/Dispatcher/ComponentDispatcher.php:146
[14-Jan-2022 14:50:14 America/New_York] PHP  10. Joomla\Component\Mymuse\Site\Controller\DisplayController->display() /var/www/html/mymuseJ4/joomla/libraries/src/MVC/Controller/BaseController.php:730
[14-Jan-2022 14:50:14 America/New_York] PHP  11. Joomla\Component\Mymuse\Site\Controller\DisplayController->display() /var/www/html/mymuseJ4/joomla/components/com_mymuse/src/Controller/DisplayController.php:296
[14-Jan-2022 14:50:14 America/New_York] PHP  12. Joomla\Component\Mymuse\Site\View\Category\HtmlView->display() /var/www/html/mymuseJ4/joomla/libraries/src/MVC/Controller/BaseController.php:692
[14-Jan-2022 14:50:14 America/New_York] PHP  13. Joomla\Component\Mymuse\Site\View\Category\HtmlView->display() /var/www/html/mymuseJ4/joomla/components/com_mymuse/src/View/Category/HtmlView.php:211
[14-Jan-2022 14:50:14 America/New_York] PHP  14. Joomla\Component\Mymuse\Site\View\Category\HtmlView->display() /var/www/html/mymuseJ4/joomla/libraries/src/MVC/View/CategoryView.php:268
[14-Jan-2022 14:50:14 America/New_York] PHP  15. Joomla\Component\Mymuse\Site\View\Category\HtmlView->loadTemplate() /var/www/html/mymuseJ4/joomla/libraries/src/MVC/View/HtmlView.php:218
[14-Jan-2022 14:50:14 America/New_York] PHP  16. include() /var/www/html/mymuseJ4/joomla/libraries/src/MVC/View/HtmlView.php:429
[14-Jan-2022 14:50:14 America/New_York] PHP  17. Joomla\Component\Mymuse\Site\View\Category\HtmlView->loadTemplate() /var/www/html/mymuseJ4/joomla/components/com_mymuse/tmpl/category/blog.php:104
[14-Jan-2022 14:50:14 America/New_York] PHP  18. include() /var/www/html/mymuseJ4/joomla/libraries/src/MVC/View/HtmlView.php:429
[14-Jan-2022 14:50:14 America/New_York] PHP  19. Joomla\CMS\Layout\LayoutHelper::render() /var/www/html/mymuseJ4/joomla/components/com_mymuse/tmpl/category/blog_item.php:93
[14-Jan-2022 14:50:14 America/New_York] PHP  20. Joomla\CMS\Layout\FileLayout->render() /var/www/html/mymuseJ4/joomla/libraries/src/Layout/LayoutHelper.php:73
[14-Jan-2022 14:50:14 America/New_York] PHP  21. include() /var/www/html/mymuseJ4/joomla/libraries/src/Layout/FileLayout.php:128
[14-Jan-2022 14:50:14 America/New_York] PHP  22. Joomla\CMS\Layout\FileLayout->sublayout() /var/www/html/mymuseJ4/joomla/layouts/joomla/content/info_block.php:38
[14-Jan-2022 14:50:14 America/New_York] PHP  23. Joomla\CMS\Layout\FileLayout->render() /var/www/html/mymuseJ4/joomla/libraries/src/Layout/FileLayout.php:643
[14-Jan-2022 14:50:14 America/New_York] PHP  24. include() /var/www/html/mymuseJ4/joomla/libraries/src/Layout/FileLayout.php:128
[14-Jan-2022 14:50:14 America/New_York] PHP Notice:  Undefined property: stdClass::$readmore in /var/www/html/mymuseJ4/joomla/components/com_mymuse/tmpl/category/blog_item.php on line 118
[14-Jan-2022 14:50:14 America/New_York] PHP Stack trace:
[14-Jan-2022 14:50:14 America/New_York] PHP   1. {main}() /var/www/html/mymuseJ4/joomla/index.php:0
[14-Jan-2022 14:50:14 America/New_York] PHP   2. require_once() /var/www/html/mymuseJ4/joomla/index.php:32
[14-Jan-2022 14:50:14 America/New_York] PHP   3. Joomla\CMS\Application\SiteApplication->execute() /var/www/html/mymuseJ4/joomla/includes/app.php:63
[14-Jan-2022 14:50:14 America/New_York] PHP   4. Joomla\CMS\Application\SiteApplication->doExecute() /var/www/html/mymuseJ4/joomla/libraries/src/Application/CMSApplication.php:278
[14-Jan-2022 14:50:14 America/New_York] PHP   5. Joomla\CMS\Application\SiteApplication->dispatch() /var/www/html/mymuseJ4/joomla/libraries/src/Application/SiteApplication.php:245
[14-Jan-2022 14:50:14 America/New_York] PHP   6. Joomla\CMS\Component\ComponentHelper::renderComponent() /var/www/html/mymuseJ4/joomla/libraries/src/Application/SiteApplication.php:206
[14-Jan-2022 14:50:14 America/New_York] PHP   7. Joomla\Component\Mymuse\Site\Dispatcher\Dispatcher->dispatch() /var/www/html/mymuseJ4/joomla/libraries/src/Component/ComponentHelper.php:389
[14-Jan-2022 14:50:14 America/New_York] PHP   8. Joomla\Component\Mymuse\Site\Dispatcher\Dispatcher->dispatch() /var/www/html/mymuseJ4/joomla/components/com_mymuse/src/Dispatcher/Dispatcher.php:56
[14-Jan-2022 14:50:14 America/New_York] PHP   9. Joomla\Component\Mymuse\Site\Controller\DisplayController->execute() /var/www/html/mymuseJ4/joomla/libraries/src/Dispatcher/ComponentDispatcher.php:146
[14-Jan-2022 14:50:14 America/New_York] PHP  10. Joomla\Component\Mymuse\Site\Controller\DisplayController->display() /var/www/html/mymuseJ4/joomla/libraries/src/MVC/Controller/BaseController.php:730
[14-Jan-2022 14:50:14 America/New_York] PHP  11. Joomla\Component\Mymuse\Site\Controller\DisplayController->display() /var/www/html/mymuseJ4/joomla/components/com_mymuse/src/Controller/DisplayController.php:296
[14-Jan-2022 14:50:14 America/New_York] PHP  12. Joomla\Component\Mymuse\Site\View\Category\HtmlView->display() /var/www/html/mymuseJ4/joomla/libraries/src/MVC/Controller/BaseController.php:692
[14-Jan-2022 14:50:14 America/New_York] PHP  13. Joomla\Component\Mymuse\Site\View\Category\HtmlView->display() /var/www/html/mymuseJ4/joomla/components/com_mymuse/src/View/Category/HtmlView.php:211
[14-Jan-2022 14:50:14 America/New_York] PHP  14. Joomla\Component\Mymuse\Site\View\Category\HtmlView->display() /var/www/html/mymuseJ4/joomla/libraries/src/MVC/View/CategoryView.php:268
[14-Jan-2022 14:50:14 America/New_York] PHP  15. Joomla\Component\Mymuse\Site\View\Category\HtmlView->loadTemplate() /var/www/html/mymuseJ4/joomla/libraries/src/MVC/View/HtmlView.php:218
[14-Jan-2022 14:50:14 America/New_York] PHP  16. include() /var/www/html/mymuseJ4/joomla/libraries/src/MVC/View/HtmlView.php:429
[14-Jan-2022 14:50:14 America/New_York] PHP  17. Joomla\Component\Mymuse\Site\View\Category\HtmlView->loadTemplate() /var/www/html/mymuseJ4/joomla/components/com_mymuse/tmpl/category/blog.php:104
[14-Jan-2022 14:50:14 America/New_York] PHP  18. include() /var/www/html/mymuseJ4/joomla/libraries/src/MVC/View/HtmlView.php:429
[14-Jan-2022 14:50:14 America/New_York] PHP Notice:  Undefined property: stdClass::$category_language in /var/www/html/mymuseJ4/joomla/layouts/joomla/content/info_block/category.php on line 23
[14-Jan-2022 14:50:14 America/New_York] PHP Stack trace:
[14-Jan-2022 14:50:14 America/New_York] PHP   1. {main}() /var/www/html/mymuseJ4/joomla/index.php:0
[14-Jan-2022 14:50:14 America/New_York] PHP   2. require_once() /var/www/html/mymuseJ4/joomla/index.php:32
[14-Jan-2022 14:50:14 America/New_York] PHP   3. Joomla\CMS\Application\SiteApplication->execute() /var/www/html/mymuseJ4/joomla/includes/app.php:63
[14-Jan-2022 14:50:14 America/New_York] PHP   4. Joomla\CMS\Application\SiteApplication->doExecute() /var/www/html/mymuseJ4/joomla/libraries/src/Application/CMSApplication.php:278
[14-Jan-2022 14:50:14 America/New_York] PHP   5. Joomla\CMS\Application\SiteApplication->dispatch() /var/www/html/mymuseJ4/joomla/libraries/src/Application/SiteApplication.php:245
[14-Jan-2022 14:50:14 America/New_York] PHP   6. Joomla\CMS\Component\ComponentHelper::renderComponent() /var/www/html/mymuseJ4/joomla/libraries/src/Application/SiteApplication.php:206
[14-Jan-2022 14:50:14 America/New_York] PHP   7. Joomla\Component\Mymuse\Site\Dispatcher\Dispatcher->dispatch() /var/www/html/mymuseJ4/joomla/libraries/src/Component/ComponentHelper.php:389
[14-Jan-2022 14:50:14 America/New_York] PHP   8. Joomla\Component\Mymuse\Site\Dispatcher\Dispatcher->dispatch() /var/www/html/mymuseJ4/joomla/components/com_mymuse/src/Dispatcher/Dispatcher.php:56
[14-Jan-2022 14:50:14 America/New_York] PHP   9. Joomla\Component\Mymuse\Site\Controller\DisplayController->execute() /var/www/html/mymuseJ4/joomla/libraries/src/Dispatcher/ComponentDispatcher.php:146
[14-Jan-2022 14:50:14 America/New_York] PHP  10. Joomla\Component\Mymuse\Site\Controller\DisplayController->display() /var/www/html/mymuseJ4/joomla/libraries/src/MVC/Controller/BaseController.php:730
[14-Jan-2022 14:50:14 America/New_York] PHP  11. Joomla\Component\Mymuse\Site\Controller\DisplayController->display() /var/www/html/mymuseJ4/joomla/components/com_mymuse/src/Controller/DisplayController.php:296
[14-Jan-2022 14:50:14 America/New_York] PHP  12. Joomla\Component\Mymuse\Site\View\Category\HtmlView->display() /var/www/html/mymuseJ4/joomla/libraries/src/MVC/Controller/BaseController.php:692
[14-Jan-2022 14:50:14 America/New_York] PHP  13. Joomla\Component\Mymuse\Site\View\Category\HtmlView->display() /var/www/html/mymuseJ4/joomla/components/com_mymuse/src/View/Category/HtmlView.php:211
[14-Jan-2022 14:50:14 America/New_York] PHP  14. Joomla\Component\Mymuse\Site\View\Category\HtmlView->display() /var/www/html/mymuseJ4/joomla/libraries/src/MVC/View/CategoryView.php:268
[14-Jan-2022 14:50:14 America/New_York] PHP  15. Joomla\Component\Mymuse\Site\View\Category\HtmlView->loadTemplate() /var/www/html/mymuseJ4/joomla/libraries/src/MVC/View/HtmlView.php:218
[14-Jan-2022 14:50:14 America/New_York] PHP  16. include() /var/www/html/mymuseJ4/joomla/libraries/src/MVC/View/HtmlView.php:429
[14-Jan-2022 14:50:14 America/New_York] PHP  17. Joomla\Component\Mymuse\Site\View\Category\HtmlView->loadTemplate() /var/www/html/mymuseJ4/joomla/components/com_mymuse/tmpl/category/blog.php:129
[14-Jan-2022 14:50:14 America/New_York] PHP  18. include() /var/www/html/mymuseJ4/joomla/libraries/src/MVC/View/HtmlView.php:429
[14-Jan-2022 14:50:14 America/New_York] PHP  19. Joomla\CMS\Layout\LayoutHelper::render() /var/www/html/mymuseJ4/joomla/components/com_mymuse/tmpl/category/blog_item.php:93
[14-Jan-2022 14:50:14 America/New_York] PHP  20. Joomla\CMS\Layout\FileLayout->render() /var/www/html/mymuseJ4/joomla/libraries/src/Layout/LayoutHelper.php:73
[14-Jan-2022 14:50:14 America/New_York] PHP  21. include() /var/www/html/mymuseJ4/joomla/libraries/src/Layout/FileLayout.php:128
[14-Jan-2022 14:50:14 America/New_York] PHP  22. Joomla\CMS\Layout\FileLayout->sublayout() /var/www/html/mymuseJ4/joomla/layouts/joomla/content/info_block.php:38
[14-Jan-2022 14:50:14 America/New_York] PHP  23. Joomla\CMS\Layout\FileLayout->render() /var/www/html/mymuseJ4/joomla/libraries/src/Layout/FileLayout.php:643
[14-Jan-2022 14:50:14 America/New_York] PHP  24. include() /var/www/html/mymuseJ4/joomla/libraries/src/Layout/FileLayout.php:128
[14-Jan-2022 14:50:14 America/New_York] PHP Notice:  Undefined property: stdClass::$readmore in /var/www/html/mymuseJ4/joomla/components/com_mymuse/tmpl/category/blog_item.php on line 118
[14-Jan-2022 14:50:14 America/New_York] PHP Stack trace:
[14-Jan-2022 14:50:14 America/New_York] PHP   1. {main}() /var/www/html/mymuseJ4/joomla/index.php:0
[14-Jan-2022 14:50:14 America/New_York] PHP   2. require_once() /var/www/html/mymuseJ4/joomla/index.php:32
[14-Jan-2022 14:50:14 America/New_York] PHP   3. Joomla\CMS\Application\SiteApplication->execute() /var/www/html/mymuseJ4/joomla/includes/app.php:63
[14-Jan-2022 14:50:14 America/New_York] PHP   4. Joomla\CMS\Application\SiteApplication->doExecute() /var/www/html/mymuseJ4/joomla/libraries/src/Application/CMSApplication.php:278
[14-Jan-2022 14:50:14 America/New_York] PHP   5. Joomla\CMS\Application\SiteApplication->dispatch() /var/www/html/mymuseJ4/joomla/libraries/src/Application/SiteApplication.php:245
[14-Jan-2022 14:50:14 America/New_York] PHP   6. Joomla\CMS\Component\ComponentHelper::renderComponent() /var/www/html/mymuseJ4/joomla/libraries/src/Application/SiteApplication.php:206
[14-Jan-2022 14:50:14 America/New_York] PHP   7. Joomla\Component\Mymuse\Site\Dispatcher\Dispatcher->dispatch() /var/www/html/mymuseJ4/joomla/libraries/src/Component/ComponentHelper.php:389
[14-Jan-2022 14:50:14 America/New_York] PHP   8. Joomla\Component\Mymuse\Site\Dispatcher\Dispatcher->dispatch() /var/www/html/mymuseJ4/joomla/components/com_mymuse/src/Dispatcher/Dispatcher.php:56
[14-Jan-2022 14:50:14 America/New_York] PHP   9. Joomla\Component\Mymuse\Site\Controller\DisplayController->execute() /var/www/html/mymuseJ4/joomla/libraries/src/Dispatcher/ComponentDispatcher.php:146
[14-Jan-2022 14:50:14 America/New_York] PHP  10. Joomla\Component\Mymuse\Site\Controller\DisplayController->display() /var/www/html/mymuseJ4/joomla/libraries/src/MVC/Controller/BaseController.php:730
[14-Jan-2022 14:50:14 America/New_York] PHP  11. Joomla\Component\Mymuse\Site\Controller\DisplayController->display() /var/www/html/mymuseJ4/joomla/components/com_mymuse/src/Controller/DisplayController.php:296
[14-Jan-2022 14:50:14 America/New_York] PHP  12. Joomla\Component\Mymuse\Site\View\Category\HtmlView->display() /var/www/html/mymuseJ4/joomla/libraries/src/MVC/Controller/BaseController.php:692
[14-Jan-2022 14:50:14 America/New_York] PHP  13. Joomla\Component\Mymuse\Site\View\Category\HtmlView->display() /var/www/html/mymuseJ4/joomla/components/com_mymuse/src/View/Category/HtmlView.php:211
[14-Jan-2022 14:50:14 America/New_York] PHP  14. Joomla\Component\Mymuse\Site\View\Category\HtmlView->display() /var/www/html/mymuseJ4/joomla/libraries/src/MVC/View/CategoryView.php:268
[14-Jan-2022 14:50:14 America/New_York] PHP  15. Joomla\Component\Mymuse\Site\View\Category\HtmlView->loadTemplate() /var/www/html/mymuseJ4/joomla/libraries/src/MVC/View/HtmlView.php:218
[14-Jan-2022 14:50:14 America/New_York] PHP  16. include() /var/www/html/mymuseJ4/joomla/libraries/src/MVC/View/HtmlView.php:429
[14-Jan-2022 14:50:14 America/New_York] PHP  17. Joomla\Component\Mymuse\Site\View\Category\HtmlView->loadTemplate() /var/www/html/mymuseJ4/joomla/components/com_mymuse/tmpl/category/blog.php:129
[14-Jan-2022 14:50:14 America/New_York] PHP  18. include() /var/www/html/mymuseJ4/joomla/libraries/src/MVC/View/HtmlView.php:429
[14-Jan-2022 14:50:59 America/New_York] PHP Notice:  Undefined property: stdClass::$category_language in /var/www/html/mymuseJ4/joomla/layouts/joomla/content/info_block/category.php on line 23
[14-Jan-2022 14:50:59 America/New_York] PHP Stack trace:
[14-Jan-2022 14:50:59 America/New_York] PHP   1. {main}() /var/www/html/mymuseJ4/joomla/index.php:0
[14-Jan-2022 14:50:59 America/New_York] PHP   2. require_once() /var/www/html/mymuseJ4/joomla/index.php:32
[14-Jan-2022 14:50:59 America/New_York] PHP   3. Joomla\CMS\Application\SiteApplication->execute() /var/www/html/mymuseJ4/joomla/includes/app.php:63
[14-Jan-2022 14:50:59 America/New_York] PHP   4. Joomla\CMS\Application\SiteApplication->doExecute() /var/www/html/mymuseJ4/joomla/libraries/src/Application/CMSApplication.php:278
[14-Jan-2022 14:50:59 America/New_York] PHP   5. Joomla\CMS\Application\SiteApplication->dispatch() /var/www/html/mymuseJ4/joomla/libraries/src/Application/SiteApplication.php:245
[14-Jan-2022 14:50:59 America/New_York] PHP   6. Joomla\CMS\Component\ComponentHelper::renderComponent() /var/www/html/mymuseJ4/joomla/libraries/src/Application/SiteApplication.php:206
[14-Jan-2022 14:50:59 America/New_York] PHP   7. Joomla\Component\Mymuse\Site\Dispatcher\Dispatcher->dispatch() /var/www/html/mymuseJ4/joomla/libraries/src/Component/ComponentHelper.php:389
[14-Jan-2022 14:50:59 America/New_York] PHP   8. Joomla\Component\Mymuse\Site\Dispatcher\Dispatcher->dispatch() /var/www/html/mymuseJ4/joomla/components/com_mymuse/src/Dispatcher/Dispatcher.php:56
[14-Jan-2022 14:50:59 America/New_York] PHP   9. Joomla\Component\Mymuse\Site\Controller\DisplayController->execute() /var/www/html/mymuseJ4/joomla/libraries/src/Dispatcher/ComponentDispatcher.php:146
[14-Jan-2022 14:50:59 America/New_York] PHP  10. Joomla\Component\Mymuse\Site\Controller\DisplayController->display() /var/www/html/mymuseJ4/joomla/libraries/src/MVC/Controller/BaseController.php:730
[14-Jan-2022 14:50:59 America/New_York] PHP  11. Joomla\Component\Mymuse\Site\Controller\DisplayController->display() /var/www/html/mymuseJ4/joomla/components/com_mymuse/src/Controller/DisplayController.php:296
[14-Jan-2022 14:50:59 America/New_York] PHP  12. Joomla\Component\Mymuse\Site\View\Category\HtmlView->display() /var/www/html/mymuseJ4/joomla/libraries/src/MVC/Controller/BaseController.php:692
[14-Jan-2022 14:50:59 America/New_York] PHP  13. Joomla\Component\Mymuse\Site\View\Category\HtmlView->display() /var/www/html/mymuseJ4/joomla/components/com_mymuse/src/View/Category/HtmlView.php:211
[14-Jan-2022 14:50:59 America/New_York] PHP  14. Joomla\Component\Mymuse\Site\View\Category\HtmlView->display() /var/www/html/mymuseJ4/joomla/libraries/src/MVC/View/CategoryView.php:268
[14-Jan-2022 14:50:59 America/New_York] PHP  15. Joomla\Component\Mymuse\Site\View\Category\HtmlView->loadTemplate() /var/www/html/mymuseJ4/joomla/libraries/src/MVC/View/HtmlView.php:218
[14-Jan-2022 14:50:59 America/New_York] PHP  16. include() /var/www/html/mymuseJ4/joomla/libraries/src/MVC/View/HtmlView.php:429
[14-Jan-2022 14:50:59 America/New_York] PHP  17. Joomla\Component\Mymuse\Site\View\Category\HtmlView->loadTemplate() /var/www/html/mymuseJ4/joomla/components/com_mymuse/tmpl/category/blog.php:104
[14-Jan-2022 14:50:59 America/New_York] PHP  18. include() /var/www/html/mymuseJ4/joomla/libraries/src/MVC/View/HtmlView.php:429
[14-Jan-2022 14:50:59 America/New_York] PHP  19. Joomla\CMS\Layout\LayoutHelper::render() /var/www/html/mymuseJ4/joomla/components/com_mymuse/tmpl/category/blog_item.php:93
[14-Jan-2022 14:50:59 America/New_York] PHP  20. Joomla\CMS\Layout\FileLayout->render() /var/www/html/mymuseJ4/joomla/libraries/src/Layout/LayoutHelper.php:73
[14-Jan-2022 14:50:59 America/New_York] PHP  21. include() /var/www/html/mymuseJ4/joomla/libraries/src/Layout/FileLayout.php:128
[14-Jan-2022 14:50:59 America/New_York] PHP  22. Joomla\CMS\Layout\FileLayout->sublayout() /var/www/html/mymuseJ4/joomla/layouts/joomla/content/info_block.php:38
[14-Jan-2022 14:50:59 America/New_York] PHP  23. Joomla\CMS\Layout\FileLayout->render() /var/www/html/mymuseJ4/joomla/libraries/src/Layout/FileLayout.php:643
[14-Jan-2022 14:50:59 America/New_York] PHP  24. include() /var/www/html/mymuseJ4/joomla/libraries/src/Layout/FileLayout.php:128
[14-Jan-2022 14:50:59 America/New_York] PHP Notice:  Undefined property: stdClass::$readmore in /var/www/html/mymuseJ4/joomla/components/com_mymuse/tmpl/category/blog_item.php on line 118
[14-Jan-2022 14:50:59 America/New_York] PHP Stack trace:
[14-Jan-2022 14:50:59 America/New_York] PHP   1. {main}() /var/www/html/mymuseJ4/joomla/index.php:0
[14-Jan-2022 14:50:59 America/New_York] PHP   2. require_once() /var/www/html/mymuseJ4/joomla/index.php:32
[14-Jan-2022 14:50:59 America/New_York] PHP   3. Joomla\CMS\Application\SiteApplication->execute() /var/www/html/mymuseJ4/joomla/includes/app.php:63
[14-Jan-2022 14:50:59 America/New_York] PHP   4. Joomla\CMS\Application\SiteApplication->doExecute() /var/www/html/mymuseJ4/joomla/libraries/src/Application/CMSApplication.php:278
[14-Jan-2022 14:50:59 America/New_York] PHP   5. Joomla\CMS\Application\SiteApplication->dispatch() /var/www/html/mymuseJ4/joomla/libraries/src/Application/SiteApplication.php:245
[14-Jan-2022 14:50:59 America/New_York] PHP   6. Joomla\CMS\Component\ComponentHelper::renderComponent() /var/www/html/mymuseJ4/joomla/libraries/src/Application/SiteApplication.php:206
[14-Jan-2022 14:50:59 America/New_York] PHP   7. Joomla\Component\Mymuse\Site\Dispatcher\Dispatcher->dispatch() /var/www/html/mymuseJ4/joomla/libraries/src/Component/ComponentHelper.php:389
[14-Jan-2022 14:50:59 America/New_York] PHP   8. Joomla\Component\Mymuse\Site\Dispatcher\Dispatcher->dispatch() /var/www/html/mymuseJ4/joomla/components/com_mymuse/src/Dispatcher/Dispatcher.php:56
[14-Jan-2022 14:50:59 America/New_York] PHP   9. Joomla\Component\Mymuse\Site\Controller\DisplayController->execute() /var/www/html/mymuseJ4/joomla/libraries/src/Dispatcher/ComponentDispatcher.php:146
[14-Jan-2022 14:50:59 America/New_York] PHP  10. Joomla\Component\Mymuse\Site\Controller\DisplayController->display() /var/www/html/mymuseJ4/joomla/libraries/src/MVC/Controller/BaseController.php:730
[14-Jan-2022 14:50:59 America/New_York] PHP  11. Joomla\Component\Mymuse\Site\Controller\DisplayController->display() /var/www/html/mymuseJ4/joomla/components/com_mymuse/src/Controller/DisplayController.php:296
[14-Jan-2022 14:50:59 America/New_York] PHP  12. Joomla\Component\Mymuse\Site\View\Category\HtmlView->display() /var/www/html/mymuseJ4/joomla/libraries/src/MVC/Controller/BaseController.php:692
[14-Jan-2022 14:50:59 America/New_York] PHP  13. Joomla\Component\Mymuse\Site\View\Category\HtmlView->display() /var/www/html/mymuseJ4/joomla/components/com_mymuse/src/View/Category/HtmlView.php:211
[14-Jan-2022 14:50:59 America/New_York] PHP  14. Joomla\Component\Mymuse\Site\View\Category\HtmlView->display() /var/www/html/mymuseJ4/joomla/libraries/src/MVC/View/CategoryView.php:268
[14-Jan-2022 14:50:59 America/New_York] PHP  15. Joomla\Component\Mymuse\Site\View\Category\HtmlView->loadTemplate() /var/www/html/mymuseJ4/joomla/libraries/src/MVC/View/HtmlView.php:218
[14-Jan-2022 14:50:59 America/New_York] PHP  16. include() /var/www/html/mymuseJ4/joomla/libraries/src/MVC/View/HtmlView.php:429
[14-Jan-2022 14:50:59 America/New_York] PHP  17. Joomla\Component\Mymuse\Site\View\Category\HtmlView->loadTemplate() /var/www/html/mymuseJ4/joomla/components/com_mymuse/tmpl/category/blog.php:104
[14-Jan-2022 14:50:59 America/New_York] PHP  18. include() /var/www/html/mymuseJ4/joomla/libraries/src/MVC/View/HtmlView.php:429
[14-Jan-2022 14:50:59 America/New_York] PHP Notice:  Undefined property: stdClass::$category_language in /var/www/html/mymuseJ4/joomla/layouts/joomla/content/info_block/category.php on line 23
[14-Jan-2022 14:50:59 America/New_York] PHP Stack trace:
[14-Jan-2022 14:50:59 America/New_York] PHP   1. {main}() /var/www/html/mymuseJ4/joomla/index.php:0
[14-Jan-2022 14:50:59 America/New_York] PHP   2. require_once() /var/www/html/mymuseJ4/joomla/index.php:32
[14-Jan-2022 14:50:59 America/New_York] PHP   3. Joomla\CMS\Application\SiteApplication->execute() /var/www/html/mymuseJ4/joomla/includes/app.php:63
[14-Jan-2022 14:50:59 America/New_York] PHP   4. Joomla\CMS\Application\SiteApplication->doExecute() /var/www/html/mymuseJ4/joomla/libraries/src/Application/CMSApplication.php:278
[14-Jan-2022 14:50:59 America/New_York] PHP   5. Joomla\CMS\Application\SiteApplication->dispatch() /var/www/html/mymuseJ4/joomla/libraries/src/Application/SiteApplication.php:245
[14-Jan-2022 14:50:59 America/New_York] PHP   6. Joomla\CMS\Component\ComponentHelper::renderComponent() /var/www/html/mymuseJ4/joomla/libraries/src/Application/SiteApplication.php:206
[14-Jan-2022 14:50:59 America/New_York] PHP   7. Joomla\Component\Mymuse\Site\Dispatcher\Dispatcher->dispatch() /var/www/html/mymuseJ4/joomla/libraries/src/Component/ComponentHelper.php:389
[14-Jan-2022 14:50:59 America/New_York] PHP   8. Joomla\Component\Mymuse\Site\Dispatcher\Dispatcher->dispatch() /var/www/html/mymuseJ4/joomla/components/com_mymuse/src/Dispatcher/Dispatcher.php:56
[14-Jan-2022 14:50:59 America/New_York] PHP   9. Joomla\Component\Mymuse\Site\Controller\DisplayController->execute() /var/www/html/mymuseJ4/joomla/libraries/src/Dispatcher/ComponentDispatcher.php:146
[14-Jan-2022 14:50:59 America/New_York] PHP  10. Joomla\Component\Mymuse\Site\Controller\DisplayController->display() /var/www/html/mymuseJ4/joomla/libraries/src/MVC/Controller/BaseController.php:730
[14-Jan-2022 14:50:59 America/New_York] PHP  11. Joomla\Component\Mymuse\Site\Controller\DisplayController->display() /var/www/html/mymuseJ4/joomla/components/com_mymuse/src/Controller/DisplayController.php:296
[14-Jan-2022 14:50:59 America/New_York] PHP  12. Joomla\Component\Mymuse\Site\View\Category\HtmlView->display() /var/www/html/mymuseJ4/joomla/libraries/src/MVC/Controller/BaseController.php:692
[14-Jan-2022 14:50:59 America/New_York] PHP  13. Joomla\Component\Mymuse\Site\View\Category\HtmlView->display() /var/www/html/mymuseJ4/joomla/components/com_mymuse/src/View/Category/HtmlView.php:211
[14-Jan-2022 14:50:59 America/New_York] PHP  14. Joomla\Component\Mymuse\Site\View\Category\HtmlView->display() /var/www/html/mymuseJ4/joomla/libraries/src/MVC/View/CategoryView.php:268
[14-Jan-2022 14:50:59 America/New_York] PHP  15. Joomla\Component\Mymuse\Site\View\Category\HtmlView->loadTemplate() /var/www/html/mymuseJ4/joomla/libraries/src/MVC/View/HtmlView.php:218
[14-Jan-2022 14:50:59 America/New_York] PHP  16. include() /var/www/html/mymuseJ4/joomla/libraries/src/MVC/View/HtmlView.php:429
[14-Jan-2022 14:50:59 America/New_York] PHP  17. Joomla\Component\Mymuse\Site\View\Category\HtmlView->loadTemplate() /var/www/html/mymuseJ4/joomla/components/com_mymuse/tmpl/category/blog.php:129
[14-Jan-2022 14:50:59 America/New_York] PHP  18. include() /var/www/html/mymuseJ4/joomla/libraries/src/MVC/View/HtmlView.php:429
[14-Jan-2022 14:50:59 America/New_York] PHP  19. Joomla\CMS\Layout\LayoutHelper::render() /var/www/html/mymuseJ4/joomla/components/com_mymuse/tmpl/category/blog_item.php:93
[14-Jan-2022 14:50:59 America/New_York] PHP  20. Joomla\CMS\Layout\FileLayout->render() /var/www/html/mymuseJ4/joomla/libraries/src/Layout/LayoutHelper.php:73
[14-Jan-2022 14:50:59 America/New_York] PHP  21. include() /var/www/html/mymuseJ4/joomla/libraries/src/Layout/FileLayout.php:128
[14-Jan-2022 14:50:59 America/New_York] PHP  22. Joomla\CMS\Layout\FileLayout->sublayout() /var/www/html/mymuseJ4/joomla/layouts/joomla/content/info_block.php:38
[14-Jan-2022 14:50:59 America/New_York] PHP  23. Joomla\CMS\Layout\FileLayout->render() /var/www/html/mymuseJ4/joomla/libraries/src/Layout/FileLayout.php:643
[14-Jan-2022 14:50:59 America/New_York] PHP  24. include() /var/www/html/mymuseJ4/joomla/libraries/src/Layout/FileLayout.php:128
[14-Jan-2022 14:50:59 America/New_York] PHP Notice:  Undefined property: stdClass::$readmore in /var/www/html/mymuseJ4/joomla/components/com_mymuse/tmpl/category/blog_item.php on line 118
[14-Jan-2022 14:50:59 America/New_York] PHP Stack trace:
[14-Jan-2022 14:50:59 America/New_York] PHP   1. {main}() /var/www/html/mymuseJ4/joomla/index.php:0
[14-Jan-2022 14:50:59 America/New_York] PHP   2. require_once() /var/www/html/mymuseJ4/joomla/index.php:32
[14-Jan-2022 14:50:59 America/New_York] PHP   3. Joomla\CMS\Application\SiteApplication->execute() /var/www/html/mymuseJ4/joomla/includes/app.php:63
[14-Jan-2022 14:50:59 America/New_York] PHP   4. Joomla\CMS\Application\SiteApplication->doExecute() /var/www/html/mymuseJ4/joomla/libraries/src/Application/CMSApplication.php:278
[14-Jan-2022 14:50:59 America/New_York] PHP   5. Joomla\CMS\Application\SiteApplication->dispatch() /var/www/html/mymuseJ4/joomla/libraries/src/Application/SiteApplication.php:245
[14-Jan-2022 14:50:59 America/New_York] PHP   6. Joomla\CMS\Component\ComponentHelper::renderComponent() /var/www/html/mymuseJ4/joomla/libraries/src/Application/SiteApplication.php:206
[14-Jan-2022 14:50:59 America/New_York] PHP   7. Joomla\Component\Mymuse\Site\Dispatcher\Dispatcher->dispatch() /var/www/html/mymuseJ4/joomla/libraries/src/Component/ComponentHelper.php:389
[14-Jan-2022 14:50:59 America/New_York] PHP   8. Joomla\Component\Mymuse\Site\Dispatcher\Dispatcher->dispatch() /var/www/html/mymuseJ4/joomla/components/com_mymuse/src/Dispatcher/Dispatcher.php:56
[14-Jan-2022 14:50:59 America/New_York] PHP   9. Joomla\Component\Mymuse\Site\Controller\DisplayController->execute() /var/www/html/mymuseJ4/joomla/libraries/src/Dispatcher/ComponentDispatcher.php:146
[14-Jan-2022 14:50:59 America/New_York] PHP  10. Joomla\Component\Mymuse\Site\Controller\DisplayController->display() /var/www/html/mymuseJ4/joomla/libraries/src/MVC/Controller/BaseController.php:730
[14-Jan-2022 14:50:59 America/New_York] PHP  11. Joomla\Component\Mymuse\Site\Controller\DisplayController->display() /var/www/html/mymuseJ4/joomla/components/com_mymuse/src/Controller/DisplayController.php:296
[14-Jan-2022 14:50:59 America/New_York] PHP  12. Joomla\Component\Mymuse\Site\View\Category\HtmlView->display() /var/www/html/mymuseJ4/joomla/libraries/src/MVC/Controller/BaseController.php:692
[14-Jan-2022 14:50:59 America/New_York] PHP  13. Joomla\Component\Mymuse\Site\View\Category\HtmlView->display() /var/www/html/mymuseJ4/joomla/components/com_mymuse/src/View/Category/HtmlView.php:211
[14-Jan-2022 14:50:59 America/New_York] PHP  14. Joomla\Component\Mymuse\Site\View\Category\HtmlView->display() /var/www/html/mymuseJ4/joomla/libraries/src/MVC/View/CategoryView.php:268
[14-Jan-2022 14:50:59 America/New_York] PHP  15. Joomla\Component\Mymuse\Site\View\Category\HtmlView->loadTemplate() /var/www/html/mymuseJ4/joomla/libraries/src/MVC/View/HtmlView.php:218
[14-Jan-2022 14:50:59 America/New_York] PHP  16. include() /var/www/html/mymuseJ4/joomla/libraries/src/MVC/View/HtmlView.php:429
[14-Jan-2022 14:50:59 America/New_York] PHP  17. Joomla\Component\Mymuse\Site\View\Category\HtmlView->loadTemplate() /var/www/html/mymuseJ4/joomla/components/com_mymuse/tmpl/category/blog.php:129
[14-Jan-2022 14:50:59 America/New_York] PHP  18. include() /var/www/html/mymuseJ4/joomla/libraries/src/MVC/View/HtmlView.php:429
[14-Jan-2022 14:51:53 America/New_York] PHP Notice:  Undefined property: stdClass::$category_language in /var/www/html/mymuseJ4/joomla/layouts/joomla/content/info_block/category.php on line 23
[14-Jan-2022 14:51:53 America/New_York] PHP Stack trace:
[14-Jan-2022 14:51:53 America/New_York] PHP   1. {main}() /var/www/html/mymuseJ4/joomla/index.php:0
[14-Jan-2022 14:51:53 America/New_York] PHP   2. require_once() /var/www/html/mymuseJ4/joomla/index.php:32
[14-Jan-2022 14:51:53 America/New_York] PHP   3. Joomla\CMS\Application\SiteApplication->execute() /var/www/html/mymuseJ4/joomla/includes/app.php:63
[14-Jan-2022 14:51:53 America/New_York] PHP   4. Joomla\CMS\Application\SiteApplication->doExecute() /var/www/html/mymuseJ4/joomla/libraries/src/Application/CMSApplication.php:278
[14-Jan-2022 14:51:53 America/New_York] PHP   5. Joomla\CMS\Application\SiteApplication->dispatch() /var/www/html/mymuseJ4/joomla/libraries/src/Application/SiteApplication.php:245
[14-Jan-2022 14:51:53 America/New_York] PHP   6. Joomla\CMS\Component\ComponentHelper::renderComponent() /var/www/html/mymuseJ4/joomla/libraries/src/Application/SiteApplication.php:206
[14-Jan-2022 14:51:53 America/New_York] PHP   7. Joomla\Component\Mymuse\Site\Dispatcher\Dispatcher->dispatch() /var/www/html/mymuseJ4/joomla/libraries/src/Component/ComponentHelper.php:389
[14-Jan-2022 14:51:53 America/New_York] PHP   8. Joomla\Component\Mymuse\Site\Dispatcher\Dispatcher->dispatch() /var/www/html/mymuseJ4/joomla/components/com_mymuse/src/Dispatcher/Dispatcher.php:56
[14-Jan-2022 14:51:53 America/New_York] PHP   9. Joomla\Component\Mymuse\Site\Controller\DisplayController->execute() /var/www/html/mymuseJ4/joomla/libraries/src/Dispatcher/ComponentDispatcher.php:146
[14-Jan-2022 14:51:53 America/New_York] PHP  10. Joomla\Component\Mymuse\Site\Controller\DisplayController->display() /var/www/html/mymuseJ4/joomla/libraries/src/MVC/Controller/BaseController.php:730
[14-Jan-2022 14:51:53 America/New_York] PHP  11. Joomla\Component\Mymuse\Site\Controller\DisplayController->display() /var/www/html/mymuseJ4/joomla/components/com_mymuse/src/Controller/DisplayController.php:296
[14-Jan-2022 14:51:53 America/New_York] PHP  12. Joomla\Component\Mymuse\Site\View\Category\HtmlView->display() /var/www/html/mymuseJ4/joomla/libraries/src/MVC/Controller/BaseController.php:692
[14-Jan-2022 14:51:53 America/New_York] PHP  13. Joomla\Component\Mymuse\Site\View\Category\HtmlView->display() /var/www/html/mymuseJ4/joomla/components/com_mymuse/src/View/Category/HtmlView.php:211
[14-Jan-2022 14:51:53 America/New_York] PHP  14. Joomla\Component\Mymuse\Site\View\Category\HtmlView->display() /var/www/html/mymuseJ4/joomla/libraries/src/MVC/View/CategoryView.php:268
[14-Jan-2022 14:51:53 America/New_York] PHP  15. Joomla\Component\Mymuse\Site\View\Category\HtmlView->loadTemplate() /var/www/html/mymuseJ4/joomla/libraries/src/MVC/View/HtmlView.php:218
[14-Jan-2022 14:51:53 America/New_York] PHP  16. include() /var/www/html/mymuseJ4/joomla/libraries/src/MVC/View/HtmlView.php:429
[14-Jan-2022 14:51:53 America/New_York] PHP  17. Joomla\Component\Mymuse\Site\View\Category\HtmlView->loadTemplate() /var/www/html/mymuseJ4/joomla/components/com_mymuse/tmpl/category/blog.php:104
[14-Jan-2022 14:51:53 America/New_York] PHP  18. include() /var/www/html/mymuseJ4/joomla/libraries/src/MVC/View/HtmlView.php:429
[14-Jan-2022 14:51:53 America/New_York] PHP  19. Joomla\CMS\Layout\LayoutHelper::render() /var/www/html/mymuseJ4/joomla/components/com_mymuse/tmpl/category/blog_item.php:93
[14-Jan-2022 14:51:53 America/New_York] PHP  20. Joomla\CMS\Layout\FileLayout->render() /var/www/html/mymuseJ4/joomla/libraries/src/Layout/LayoutHelper.php:73
[14-Jan-2022 14:51:53 America/New_York] PHP  21. include() /var/www/html/mymuseJ4/joomla/libraries/src/Layout/FileLayout.php:128
[14-Jan-2022 14:51:53 America/New_York] PHP  22. Joomla\CMS\Layout\FileLayout->sublayout() /var/www/html/mymuseJ4/joomla/layouts/joomla/content/info_block.php:38
[14-Jan-2022 14:51:53 America/New_York] PHP  23. Joomla\CMS\Layout\FileLayout->render() /var/www/html/mymuseJ4/joomla/libraries/src/Layout/FileLayout.php:643
[14-Jan-2022 14:51:53 America/New_York] PHP  24. include() /var/www/html/mymuseJ4/joomla/libraries/src/Layout/FileLayout.php:128
[14-Jan-2022 14:51:53 America/New_York] PHP Notice:  Undefined property: stdClass::$readmore in /var/www/html/mymuseJ4/joomla/components/com_mymuse/tmpl/category/blog_item.php on line 118
[14-Jan-2022 14:51:53 America/New_York] PHP Stack trace:
[14-Jan-2022 14:51:53 America/New_York] PHP   1. {main}() /var/www/html/mymuseJ4/joomla/index.php:0
[14-Jan-2022 14:51:53 America/New_York] PHP   2. require_once() /var/www/html/mymuseJ4/joomla/index.php:32
[14-Jan-2022 14:51:53 America/New_York] PHP   3. Joomla\CMS\Application\SiteApplication->execute() /var/www/html/mymuseJ4/joomla/includes/app.php:63
[14-Jan-2022 14:51:53 America/New_York] PHP   4. Joomla\CMS\Application\SiteApplication->doExecute() /var/www/html/mymuseJ4/joomla/libraries/src/Application/CMSApplication.php:278
[14-Jan-2022 14:51:53 America/New_York] PHP   5. Joomla\CMS\Application\SiteApplication->dispatch() /var/www/html/mymuseJ4/joomla/libraries/src/Application/SiteApplication.php:245
[14-Jan-2022 14:51:53 America/New_York] PHP   6. Joomla\CMS\Component\ComponentHelper::renderComponent() /var/www/html/mymuseJ4/joomla/libraries/src/Application/SiteApplication.php:206
[14-Jan-2022 14:51:53 America/New_York] PHP   7. Joomla\Component\Mymuse\Site\Dispatcher\Dispatcher->dispatch() /var/www/html/mymuseJ4/joomla/libraries/src/Component/ComponentHelper.php:389
[14-Jan-2022 14:51:53 America/New_York] PHP   8. Joomla\Component\Mymuse\Site\Dispatcher\Dispatcher->dispatch() /var/www/html/mymuseJ4/joomla/components/com_mymuse/src/Dispatcher/Dispatcher.php:56
[14-Jan-2022 14:51:53 America/New_York] PHP   9. Joomla\Component\Mymuse\Site\Controller\DisplayController->execute() /var/www/html/mymuseJ4/joomla/libraries/src/Dispatcher/ComponentDispatcher.php:146
[14-Jan-2022 14:51:53 America/New_York] PHP  10. Joomla\Component\Mymuse\Site\Controller\DisplayController->display() /var/www/html/mymuseJ4/joomla/libraries/src/MVC/Controller/BaseController.php:730
[14-Jan-2022 14:51:53 America/New_York] PHP  11. Joomla\Component\Mymuse\Site\Controller\DisplayController->display() /var/www/html/mymuseJ4/joomla/components/com_mymuse/src/Controller/DisplayController.php:296
[14-Jan-2022 14:51:53 America/New_York] PHP  12. Joomla\Component\Mymuse\Site\View\Category\HtmlView->display() /var/www/html/mymuseJ4/joomla/libraries/src/MVC/Controller/BaseController.php:692
[14-Jan-2022 14:51:53 America/New_York] PHP  13. Joomla\Component\Mymuse\Site\View\Category\HtmlView->display() /var/www/html/mymuseJ4/joomla/components/com_mymuse/src/View/Category/HtmlView.php:211
[14-Jan-2022 14:51:53 America/New_York] PHP  14. Joomla\Component\Mymuse\Site\View\Category\HtmlView->display() /var/www/html/mymuseJ4/joomla/libraries/src/MVC/View/CategoryView.php:268
[14-Jan-2022 14:51:53 America/New_York] PHP  15. Joomla\Component\Mymuse\Site\View\Category\HtmlView->loadTemplate() /var/www/html/mymuseJ4/joomla/libraries/src/MVC/View/HtmlView.php:218
[14-Jan-2022 14:51:53 America/New_York] PHP  16. include() /var/www/html/mymuseJ4/joomla/libraries/src/MVC/View/HtmlView.php:429
[14-Jan-2022 14:51:53 America/New_York] PHP  17. Joomla\Component\Mymuse\Site\View\Category\HtmlView->loadTemplate() /var/www/html/mymuseJ4/joomla/components/com_mymuse/tmpl/category/blog.php:104
[14-Jan-2022 14:51:53 America/New_York] PHP  18. include() /var/www/html/mymuseJ4/joomla/libraries/src/MVC/View/HtmlView.php:429
[14-Jan-2022 14:51:53 America/New_York] PHP Notice:  Undefined property: stdClass::$category_language in /var/www/html/mymuseJ4/joomla/layouts/joomla/content/info_block/category.php on line 23
[14-Jan-2022 14:51:53 America/New_York] PHP Stack trace:
[14-Jan-2022 14:51:53 America/New_York] PHP   1. {main}() /var/www/html/mymuseJ4/joomla/index.php:0
[14-Jan-2022 14:51:53 America/New_York] PHP   2. require_once() /var/www/html/mymuseJ4/joomla/index.php:32
[14-Jan-2022 14:51:53 America/New_York] PHP   3. Joomla\CMS\Application\SiteApplication->execute() /var/www/html/mymuseJ4/joomla/includes/app.php:63
[14-Jan-2022 14:51:53 America/New_York] PHP   4. Joomla\CMS\Application\SiteApplication->doExecute() /var/www/html/mymuseJ4/joomla/libraries/src/Application/CMSApplication.php:278
[14-Jan-2022 14:51:53 America/New_York] PHP   5. Joomla\CMS\Application\SiteApplication->dispatch() /var/www/html/mymuseJ4/joomla/libraries/src/Application/SiteApplication.php:245
[14-Jan-2022 14:51:53 America/New_York] PHP   6. Joomla\CMS\Component\ComponentHelper::renderComponent() /var/www/html/mymuseJ4/joomla/libraries/src/Application/SiteApplication.php:206
[14-Jan-2022 14:51:53 America/New_York] PHP   7. Joomla\Component\Mymuse\Site\Dispatcher\Dispatcher->dispatch() /var/www/html/mymuseJ4/joomla/libraries/src/Component/ComponentHelper.php:389
[14-Jan-2022 14:51:53 America/New_York] PHP   8. Joomla\Component\Mymuse\Site\Dispatcher\Dispatcher->dispatch() /var/www/html/mymuseJ4/joomla/components/com_mymuse/src/Dispatcher/Dispatcher.php:56
[14-Jan-2022 14:51:53 America/New_York] PHP   9. Joomla\Component\Mymuse\Site\Controller\DisplayController->execute() /var/www/html/mymuseJ4/joomla/libraries/src/Dispatcher/ComponentDispatcher.php:146
[14-Jan-2022 14:51:53 America/New_York] PHP  10. Joomla\Component\Mymuse\Site\Controller\DisplayController->display() /var/www/html/mymuseJ4/joomla/libraries/src/MVC/Controller/BaseController.php:730
[14-Jan-2022 14:51:53 America/New_York] PHP  11. Joomla\Component\Mymuse\Site\Controller\DisplayController->display() /var/www/html/mymuseJ4/joomla/components/com_mymuse/src/Controller/DisplayController.php:296
[14-Jan-2022 14:51:53 America/New_York] PHP  12. Joomla\Component\Mymuse\Site\View\Category\HtmlView->display() /var/www/html/mymuseJ4/joomla/libraries/src/MVC/Controller/BaseController.php:692
[14-Jan-2022 14:51:53 America/New_York] PHP  13. Joomla\Component\Mymuse\Site\View\Category\HtmlView->display() /var/www/html/mymuseJ4/joomla/components/com_mymuse/src/View/Category/HtmlView.php:211
[14-Jan-2022 14:51:53 America/New_York] PHP  14. Joomla\Component\Mymuse\Site\View\Category\HtmlView->display() /var/www/html/mymuseJ4/joomla/libraries/src/MVC/View/CategoryView.php:268
[14-Jan-2022 14:51:53 America/New_York] PHP  15. Joomla\Component\Mymuse\Site\View\Category\HtmlView->loadTemplate() /var/www/html/mymuseJ4/joomla/libraries/src/MVC/View/HtmlView.php:218
[14-Jan-2022 14:51:53 America/New_York] PHP  16. include() /var/www/html/mymuseJ4/joomla/libraries/src/MVC/View/HtmlView.php:429
[14-Jan-2022 14:51:53 America/New_York] PHP  17. Joomla\Component\Mymuse\Site\View\Category\HtmlView->loadTemplate() /var/www/html/mymuseJ4/joomla/components/com_mymuse/tmpl/category/blog.php:129
[14-Jan-2022 14:51:53 America/New_York] PHP  18. include() /var/www/html/mymuseJ4/joomla/libraries/src/MVC/View/HtmlView.php:429
[14-Jan-2022 14:51:53 America/New_York] PHP  19. Joomla\CMS\Layout\LayoutHelper::render() /var/www/html/mymuseJ4/joomla/components/com_mymuse/tmpl/category/blog_item.php:93
[14-Jan-2022 14:51:53 America/New_York] PHP  20. Joomla\CMS\Layout\FileLayout->render() /var/www/html/mymuseJ4/joomla/libraries/src/Layout/LayoutHelper.php:73
[14-Jan-2022 14:51:53 America/New_York] PHP  21. include() /var/www/html/mymuseJ4/joomla/libraries/src/Layout/FileLayout.php:128
[14-Jan-2022 14:51:53 America/New_York] PHP  22. Joomla\CMS\Layout\FileLayout->sublayout() /var/www/html/mymuseJ4/joomla/layouts/joomla/content/info_block.php:38
[14-Jan-2022 14:51:53 America/New_York] PHP  23. Joomla\CMS\Layout\FileLayout->render() /var/www/html/mymuseJ4/joomla/libraries/src/Layout/FileLayout.php:643
[14-Jan-2022 14:51:53 America/New_York] PHP  24. include() /var/www/html/mymuseJ4/joomla/libraries/src/Layout/FileLayout.php:128
[14-Jan-2022 14:51:53 America/New_York] PHP Notice:  Undefined property: stdClass::$readmore in /var/www/html/mymuseJ4/joomla/components/com_mymuse/tmpl/category/blog_item.php on line 118
[14-Jan-2022 14:51:53 America/New_York] PHP Stack trace:
[14-Jan-2022 14:51:53 America/New_York] PHP   1. {main}() /var/www/html/mymuseJ4/joomla/index.php:0
[14-Jan-2022 14:51:53 America/New_York] PHP   2. require_once() /var/www/html/mymuseJ4/joomla/index.php:32
[14-Jan-2022 14:51:53 America/New_York] PHP   3. Joomla\CMS\Application\SiteApplication->execute() /var/www/html/mymuseJ4/joomla/includes/app.php:63
[14-Jan-2022 14:51:53 America/New_York] PHP   4. Joomla\CMS\Application\SiteApplication->doExecute() /var/www/html/mymuseJ4/joomla/libraries/src/Application/CMSApplication.php:278
[14-Jan-2022 14:51:53 America/New_York] PHP   5. Joomla\CMS\Application\SiteApplication->dispatch() /var/www/html/mymuseJ4/joomla/libraries/src/Application/SiteApplication.php:245
[14-Jan-2022 14:51:53 America/New_York] PHP   6. Joomla\CMS\Component\ComponentHelper::renderComponent() /var/www/html/mymuseJ4/joomla/libraries/src/Application/SiteApplication.php:206
[14-Jan-2022 14:51:53 America/New_York] PHP   7. Joomla\Component\Mymuse\Site\Dispatcher\Dispatcher->dispatch() /var/www/html/mymuseJ4/joomla/libraries/src/Component/ComponentHelper.php:389
[14-Jan-2022 14:51:53 America/New_York] PHP   8. Joomla\Component\Mymuse\Site\Dispatcher\Dispatcher->dispatch() /var/www/html/mymuseJ4/joomla/components/com_mymuse/src/Dispatcher/Dispatcher.php:56
[14-Jan-2022 14:51:53 America/New_York] PHP   9. Joomla\Component\Mymuse\Site\Controller\DisplayController->execute() /var/www/html/mymuseJ4/joomla/libraries/src/Dispatcher/ComponentDispatcher.php:146
[14-Jan-2022 14:51:53 America/New_York] PHP  10. Joomla\Component\Mymuse\Site\Controller\DisplayController->display() /var/www/html/mymuseJ4/joomla/libraries/src/MVC/Controller/BaseController.php:730
[14-Jan-2022 14:51:53 America/New_York] PHP  11. Joomla\Component\Mymuse\Site\Controller\DisplayController->display() /var/www/html/mymuseJ4/joomla/components/com_mymuse/src/Controller/DisplayController.php:296
[14-Jan-2022 14:51:53 America/New_York] PHP  12. Joomla\Component\Mymuse\Site\View\Category\HtmlView->display() /var/www/html/mymuseJ4/joomla/libraries/src/MVC/Controller/BaseController.php:692
[14-Jan-2022 14:51:53 America/New_York] PHP  13. Joomla\Component\Mymuse\Site\View\Category\HtmlView->display() /var/www/html/mymuseJ4/joomla/components/com_mymuse/src/View/Category/HtmlView.php:211
[14-Jan-2022 14:51:53 America/New_York] PHP  14. Joomla\Component\Mymuse\Site\View\Category\HtmlView->display() /var/www/html/mymuseJ4/joomla/libraries/src/MVC/View/CategoryView.php:268
[14-Jan-2022 14:51:53 America/New_York] PHP  15. Joomla\Component\Mymuse\Site\View\Category\HtmlView->loadTemplate() /var/www/html/mymuseJ4/joomla/libraries/src/MVC/View/HtmlView.php:218
[14-Jan-2022 14:51:53 America/New_York] PHP  16. include() /var/www/html/mymuseJ4/joomla/libraries/src/MVC/View/HtmlView.php:429
[14-Jan-2022 14:51:53 America/New_York] PHP  17. Joomla\Component\Mymuse\Site\View\Category\HtmlView->loadTemplate() /var/www/html/mymuseJ4/joomla/components/com_mymuse/tmpl/category/blog.php:129
[14-Jan-2022 14:51:53 America/New_York] PHP  18. include() /var/www/html/mymuseJ4/joomla/libraries/src/MVC/View/HtmlView.php:429
[14-Jan-2022 14:53:04 America/New_York] PHP Notice:  Undefined property: stdClass::$category_language in /var/www/html/mymuseJ4/joomla/layouts/joomla/content/info_block/category.php on line 23
[14-Jan-2022 14:53:04 America/New_York] PHP Stack trace:
[14-Jan-2022 14:53:04 America/New_York] PHP   1. {main}() /var/www/html/mymuseJ4/joomla/index.php:0
[14-Jan-2022 14:53:04 America/New_York] PHP   2. require_once() /var/www/html/mymuseJ4/joomla/index.php:32
[14-Jan-2022 14:53:04 America/New_York] PHP   3. Joomla\CMS\Application\SiteApplication->execute() /var/www/html/mymuseJ4/joomla/includes/app.php:63
[14-Jan-2022 14:53:04 America/New_York] PHP   4. Joomla\CMS\Application\SiteApplication->doExecute() /var/www/html/mymuseJ4/joomla/libraries/src/Application/CMSApplication.php:278
[14-Jan-2022 14:53:04 America/New_York] PHP   5. Joomla\CMS\Application\SiteApplication->dispatch() /var/www/html/mymuseJ4/joomla/libraries/src/Application/SiteApplication.php:245
[14-Jan-2022 14:53:04 America/New_York] PHP   6. Joomla\CMS\Component\ComponentHelper::renderComponent() /var/www/html/mymuseJ4/joomla/libraries/src/Application/SiteApplication.php:206
[14-Jan-2022 14:53:04 America/New_York] PHP   7. Joomla\Component\Mymuse\Site\Dispatcher\Dispatcher->dispatch() /var/www/html/mymuseJ4/joomla/libraries/src/Component/ComponentHelper.php:389
[14-Jan-2022 14:53:04 America/New_York] PHP   8. Joomla\Component\Mymuse\Site\Dispatcher\Dispatcher->dispatch() /var/www/html/mymuseJ4/joomla/components/com_mymuse/src/Dispatcher/Dispatcher.php:56
[14-Jan-2022 14:53:04 America/New_York] PHP   9. Joomla\Component\Mymuse\Site\Controller\DisplayController->execute() /var/www/html/mymuseJ4/joomla/libraries/src/Dispatcher/ComponentDispatcher.php:146
[14-Jan-2022 14:53:04 America/New_York] PHP  10. Joomla\Component\Mymuse\Site\Controller\DisplayController->display() /var/www/html/mymuseJ4/joomla/libraries/src/MVC/Controller/BaseController.php:730
[14-Jan-2022 14:53:04 America/New_York] PHP  11. Joomla\Component\Mymuse\Site\Controller\DisplayController->display() /var/www/html/mymuseJ4/joomla/components/com_mymuse/src/Controller/DisplayController.php:296
[14-Jan-2022 14:53:04 America/New_York] PHP  12. Joomla\Component\Mymuse\Site\View\Category\HtmlView->display() /var/www/html/mymuseJ4/joomla/libraries/src/MVC/Controller/BaseController.php:692
[14-Jan-2022 14:53:04 America/New_York] PHP  13. Joomla\Component\Mymuse\Site\View\Category\HtmlView->display() /var/www/html/mymuseJ4/joomla/components/com_mymuse/src/View/Category/HtmlView.php:211
[14-Jan-2022 14:53:04 America/New_York] PHP  14. Joomla\Component\Mymuse\Site\View\Category\HtmlView->display() /var/www/html/mymuseJ4/joomla/libraries/src/MVC/View/CategoryView.php:268
[14-Jan-2022 14:53:04 America/New_York] PHP  15. Joomla\Component\Mymuse\Site\View\Category\HtmlView->loadTemplate() /var/www/html/mymuseJ4/joomla/libraries/src/MVC/View/HtmlView.php:218
[14-Jan-2022 14:53:04 America/New_York] PHP  16. include() /var/www/html/mymuseJ4/joomla/libraries/src/MVC/View/HtmlView.php:429
[14-Jan-2022 14:53:04 America/New_York] PHP  17. Joomla\Component\Mymuse\Site\View\Category\HtmlView->loadTemplate() /var/www/html/mymuseJ4/joomla/components/com_mymuse/tmpl/category/blog.php:104
[14-Jan-2022 14:53:04 America/New_York] PHP  18. include() /var/www/html/mymuseJ4/joomla/libraries/src/MVC/View/HtmlView.php:429
[14-Jan-2022 14:53:04 America/New_York] PHP  19. Joomla\CMS\Layout\LayoutHelper::render() /var/www/html/mymuseJ4/joomla/components/com_mymuse/tmpl/category/blog_item.php:93
[14-Jan-2022 14:53:04 America/New_York] PHP  20. Joomla\CMS\Layout\FileLayout->render() /var/www/html/mymuseJ4/joomla/libraries/src/Layout/LayoutHelper.php:73
[14-Jan-2022 14:53:04 America/New_York] PHP  21. include() /var/www/html/mymuseJ4/joomla/libraries/src/Layout/FileLayout.php:128
[14-Jan-2022 14:53:04 America/New_York] PHP  22. Joomla\CMS\Layout\FileLayout->sublayout() /var/www/html/mymuseJ4/joomla/layouts/joomla/content/info_block.php:38
[14-Jan-2022 14:53:04 America/New_York] PHP  23. Joomla\CMS\Layout\FileLayout->render() /var/www/html/mymuseJ4/joomla/libraries/src/Layout/FileLayout.php:643
[14-Jan-2022 14:53:04 America/New_York] PHP  24. include() /var/www/html/mymuseJ4/joomla/libraries/src/Layout/FileLayout.php:128
[14-Jan-2022 14:53:04 America/New_York] PHP Notice:  Undefined property: stdClass::$readmore in /var/www/html/mymuseJ4/joomla/components/com_mymuse/tmpl/category/blog_item.php on line 118
[14-Jan-2022 14:53:04 America/New_York] PHP Stack trace:
[14-Jan-2022 14:53:04 America/New_York] PHP   1. {main}() /var/www/html/mymuseJ4/joomla/index.php:0
[14-Jan-2022 14:53:04 America/New_York] PHP   2. require_once() /var/www/html/mymuseJ4/joomla/index.php:32
[14-Jan-2022 14:53:04 America/New_York] PHP   3. Joomla\CMS\Application\SiteApplication->execute() /var/www/html/mymuseJ4/joomla/includes/app.php:63
[14-Jan-2022 14:53:04 America/New_York] PHP   4. Joomla\CMS\Application\SiteApplication->doExecute() /var/www/html/mymuseJ4/joomla/libraries/src/Application/CMSApplication.php:278
[14-Jan-2022 14:53:04 America/New_York] PHP   5. Joomla\CMS\Application\SiteApplication->dispatch() /var/www/html/mymuseJ4/joomla/libraries/src/Application/SiteApplication.php:245
[14-Jan-2022 14:53:04 America/New_York] PHP   6. Joomla\CMS\Component\ComponentHelper::renderComponent() /var/www/html/mymuseJ4/joomla/libraries/src/Application/SiteApplication.php:206
[14-Jan-2022 14:53:04 America/New_York] PHP   7. Joomla\Component\Mymuse\Site\Dispatcher\Dispatcher->dispatch() /var/www/html/mymuseJ4/joomla/libraries/src/Component/ComponentHelper.php:389
[14-Jan-2022 14:53:04 America/New_York] PHP   8. Joomla\Component\Mymuse\Site\Dispatcher\Dispatcher->dispatch() /var/www/html/mymuseJ4/joomla/components/com_mymuse/src/Dispatcher/Dispatcher.php:56
[14-Jan-2022 14:53:04 America/New_York] PHP   9. Joomla\Component\Mymuse\Site\Controller\DisplayController->execute() /var/www/html/mymuseJ4/joomla/libraries/src/Dispatcher/ComponentDispatcher.php:146
[14-Jan-2022 14:53:04 America/New_York] PHP  10. Joomla\Component\Mymuse\Site\Controller\DisplayController->display() /var/www/html/mymuseJ4/joomla/libraries/src/MVC/Controller/BaseController.php:730
[14-Jan-2022 14:53:04 America/New_York] PHP  11. Joomla\Component\Mymuse\Site\Controller\DisplayController->display() /var/www/html/mymuseJ4/joomla/components/com_mymuse/src/Controller/DisplayController.php:296
[14-Jan-2022 14:53:04 America/New_York] PHP  12. Joomla\Component\Mymuse\Site\View\Category\HtmlView->display() /var/www/html/mymuseJ4/joomla/libraries/src/MVC/Controller/BaseController.php:692
[14-Jan-2022 14:53:04 America/New_York] PHP  13. Joomla\Component\Mymuse\Site\View\Category\HtmlView->display() /var/www/html/mymuseJ4/joomla/components/com_mymuse/src/View/Category/HtmlView.php:211
[14-Jan-2022 14:53:04 America/New_York] PHP  14. Joomla\Component\Mymuse\Site\View\Category\HtmlView->display() /var/www/html/mymuseJ4/joomla/libraries/src/MVC/View/CategoryView.php:268
[14-Jan-2022 14:53:04 America/New_York] PHP  15. Joomla\Component\Mymuse\Site\View\Category\HtmlView->loadTemplate() /var/www/html/mymuseJ4/joomla/libraries/src/MVC/View/HtmlView.php:218
[14-Jan-2022 14:53:04 America/New_York] PHP  16. include() /var/www/html/mymuseJ4/joomla/libraries/src/MVC/View/HtmlView.php:429
[14-Jan-2022 14:53:04 America/New_York] PHP  17. Joomla\Component\Mymuse\Site\View\Category\HtmlView->loadTemplate() /var/www/html/mymuseJ4/joomla/components/com_mymuse/tmpl/category/blog.php:104
[14-Jan-2022 14:53:04 America/New_York] PHP  18. include() /var/www/html/mymuseJ4/joomla/libraries/src/MVC/View/HtmlView.php:429
[14-Jan-2022 14:53:04 America/New_York] PHP Notice:  Undefined property: stdClass::$category_language in /var/www/html/mymuseJ4/joomla/layouts/joomla/content/info_block/category.php on line 23
[14-Jan-2022 14:53:04 America/New_York] PHP Stack trace:
[14-Jan-2022 14:53:04 America/New_York] PHP   1. {main}() /var/www/html/mymuseJ4/joomla/index.php:0
[14-Jan-2022 14:53:04 America/New_York] PHP   2. require_once() /var/www/html/mymuseJ4/joomla/index.php:32
[14-Jan-2022 14:53:04 America/New_York] PHP   3. Joomla\CMS\Application\SiteApplication->execute() /var/www/html/mymuseJ4/joomla/includes/app.php:63
[14-Jan-2022 14:53:04 America/New_York] PHP   4. Joomla\CMS\Application\SiteApplication->doExecute() /var/www/html/mymuseJ4/joomla/libraries/src/Application/CMSApplication.php:278
[14-Jan-2022 14:53:04 America/New_York] PHP   5. Joomla\CMS\Application\SiteApplication->dispatch() /var/www/html/mymuseJ4/joomla/libraries/src/Application/SiteApplication.php:245
[14-Jan-2022 14:53:04 America/New_York] PHP   6. Joomla\CMS\Component\ComponentHelper::renderComponent() /var/www/html/mymuseJ4/joomla/libraries/src/Application/SiteApplication.php:206
[14-Jan-2022 14:53:04 America/New_York] PHP   7. Joomla\Component\Mymuse\Site\Dispatcher\Dispatcher->dispatch() /var/www/html/mymuseJ4/joomla/libraries/src/Component/ComponentHelper.php:389
[14-Jan-2022 14:53:04 America/New_York] PHP   8. Joomla\Component\Mymuse\Site\Dispatcher\Dispatcher->dispatch() /var/www/html/mymuseJ4/joomla/components/com_mymuse/src/Dispatcher/Dispatcher.php:56
[14-Jan-2022 14:53:04 America/New_York] PHP   9. Joomla\Component\Mymuse\Site\Controller\DisplayController->execute() /var/www/html/mymuseJ4/joomla/libraries/src/Dispatcher/ComponentDispatcher.php:146
[14-Jan-2022 14:53:04 America/New_York] PHP  10. Joomla\Component\Mymuse\Site\Controller\DisplayController->display() /var/www/html/mymuseJ4/joomla/libraries/src/MVC/Controller/BaseController.php:730
[14-Jan-2022 14:53:04 America/New_York] PHP  11. Joomla\Component\Mymuse\Site\Controller\DisplayController->display() /var/www/html/mymuseJ4/joomla/components/com_mymuse/src/Controller/DisplayController.php:296
[14-Jan-2022 14:53:04 America/New_York] PHP  12. Joomla\Component\Mymuse\Site\View\Category\HtmlView->display() /var/www/html/mymuseJ4/joomla/libraries/src/MVC/Controller/BaseController.php:692
[14-Jan-2022 14:53:04 America/New_York] PHP  13. Joomla\Component\Mymuse\Site\View\Category\HtmlView->display() /var/www/html/mymuseJ4/joomla/components/com_mymuse/src/View/Category/HtmlView.php:211
[14-Jan-2022 14:53:04 America/New_York] PHP  14. Joomla\Component\Mymuse\Site\View\Category\HtmlView->display() /var/www/html/mymuseJ4/joomla/libraries/src/MVC/View/CategoryView.php:268
[14-Jan-2022 14:53:04 America/New_York] PHP  15. Joomla\Component\Mymuse\Site\View\Category\HtmlView->loadTemplate() /var/www/html/mymuseJ4/joomla/libraries/src/MVC/View/HtmlView.php:218
[14-Jan-2022 14:53:04 America/New_York] PHP  16. include() /var/www/html/mymuseJ4/joomla/libraries/src/MVC/View/HtmlView.php:429
[14-Jan-2022 14:53:04 America/New_York] PHP  17. Joomla\Component\Mymuse\Site\View\Category\HtmlView->loadTemplate() /var/www/html/mymuseJ4/joomla/components/com_mymuse/tmpl/category/blog.php:129
[14-Jan-2022 14:53:04 America/New_York] PHP  18. include() /var/www/html/mymuseJ4/joomla/libraries/src/MVC/View/HtmlView.php:429
[14-Jan-2022 14:53:04 America/New_York] PHP  19. Joomla\CMS\Layout\LayoutHelper::render() /var/www/html/mymuseJ4/joomla/components/com_mymuse/tmpl/category/blog_item.php:93
[14-Jan-2022 14:53:04 America/New_York] PHP  20. Joomla\CMS\Layout\FileLayout->render() /var/www/html/mymuseJ4/joomla/libraries/src/Layout/LayoutHelper.php:73
[14-Jan-2022 14:53:04 America/New_York] PHP  21. include() /var/www/html/mymuseJ4/joomla/libraries/src/Layout/FileLayout.php:128
[14-Jan-2022 14:53:04 America/New_York] PHP  22. Joomla\CMS\Layout\FileLayout->sublayout() /var/www/html/mymuseJ4/joomla/layouts/joomla/content/info_block.php:38
[14-Jan-2022 14:53:04 America/New_York] PHP  23. Joomla\CMS\Layout\FileLayout->render() /var/www/html/mymuseJ4/joomla/libraries/src/Layout/FileLayout.php:643
[14-Jan-2022 14:53:04 America/New_York] PHP  24. include() /var/www/html/mymuseJ4/joomla/libraries/src/Layout/FileLayout.php:128
[14-Jan-2022 14:53:04 America/New_York] PHP Notice:  Undefined property: stdClass::$readmore in /var/www/html/mymuseJ4/joomla/components/com_mymuse/tmpl/category/blog_item.php on line 118
[14-Jan-2022 14:53:04 America/New_York] PHP Stack trace:
[14-Jan-2022 14:53:04 America/New_York] PHP   1. {main}() /var/www/html/mymuseJ4/joomla/index.php:0
[14-Jan-2022 14:53:04 America/New_York] PHP   2. require_once() /var/www/html/mymuseJ4/joomla/index.php:32
[14-Jan-2022 14:53:04 America/New_York] PHP   3. Joomla\CMS\Application\SiteApplication->execute() /var/www/html/mymuseJ4/joomla/includes/app.php:63
[14-Jan-2022 14:53:04 America/New_York] PHP   4. Joomla\CMS\Application\SiteApplication->doExecute() /var/www/html/mymuseJ4/joomla/libraries/src/Application/CMSApplication.php:278
[14-Jan-2022 14:53:04 America/New_York] PHP   5. Joomla\CMS\Application\SiteApplication->dispatch() /var/www/html/mymuseJ4/joomla/libraries/src/Application/SiteApplication.php:245
[14-Jan-2022 14:53:04 America/New_York] PHP   6. Joomla\CMS\Component\ComponentHelper::renderComponent() /var/www/html/mymuseJ4/joomla/libraries/src/Application/SiteApplication.php:206
[14-Jan-2022 14:53:04 America/New_York] PHP   7. Joomla\Component\Mymuse\Site\Dispatcher\Dispatcher->dispatch() /var/www/html/mymuseJ4/joomla/libraries/src/Component/ComponentHelper.php:389
[14-Jan-2022 14:53:04 America/New_York] PHP   8. Joomla\Component\Mymuse\Site\Dispatcher\Dispatcher->dispatch() /var/www/html/mymuseJ4/joomla/components/com_mymuse/src/Dispatcher/Dispatcher.php:56
[14-Jan-2022 14:53:04 America/New_York] PHP   9. Joomla\Component\Mymuse\Site\Controller\DisplayController->execute() /var/www/html/mymuseJ4/joomla/libraries/src/Dispatcher/ComponentDispatcher.php:146
[14-Jan-2022 14:53:04 America/New_York] PHP  10. Joomla\Component\Mymuse\Site\Controller\DisplayController->display() /var/www/html/mymuseJ4/joomla/libraries/src/MVC/Controller/BaseController.php:730
[14-Jan-2022 14:53:04 America/New_York] PHP  11. Joomla\Component\Mymuse\Site\Controller\DisplayController->display() /var/www/html/mymuseJ4/joomla/components/com_mymuse/src/Controller/DisplayController.php:296
[14-Jan-2022 14:53:04 America/New_York] PHP  12. Joomla\Component\Mymuse\Site\View\Category\HtmlView->display() /var/www/html/mymuseJ4/joomla/libraries/src/MVC/Controller/BaseController.php:692
[14-Jan-2022 14:53:04 America/New_York] PHP  13. Joomla\Component\Mymuse\Site\View\Category\HtmlView->display() /var/www/html/mymuseJ4/joomla/components/com_mymuse/src/View/Category/HtmlView.php:211
[14-Jan-2022 14:53:04 America/New_York] PHP  14. Joomla\Component\Mymuse\Site\View\Category\HtmlView->display() /var/www/html/mymuseJ4/joomla/libraries/src/MVC/View/CategoryView.php:268
[14-Jan-2022 14:53:04 America/New_York] PHP  15. Joomla\Component\Mymuse\Site\View\Category\HtmlView->loadTemplate() /var/www/html/mymuseJ4/joomla/libraries/src/MVC/View/HtmlView.php:218
[14-Jan-2022 14:53:04 America/New_York] PHP  16. include() /var/www/html/mymuseJ4/joomla/libraries/src/MVC/View/HtmlView.php:429
[14-Jan-2022 14:53:04 America/New_York] PHP  17. Joomla\Component\Mymuse\Site\View\Category\HtmlView->loadTemplate() /var/www/html/mymuseJ4/joomla/components/com_mymuse/tmpl/category/blog.php:129
[14-Jan-2022 14:53:04 America/New_York] PHP  18. include() /var/www/html/mymuseJ4/joomla/libraries/src/MVC/View/HtmlView.php:429
[14-Jan-2022 14:55:49 America/New_York] PHP Notice:  Undefined property: stdClass::$category_language in /var/www/html/mymuseJ4/joomla/layouts/joomla/content/info_block/category.php on line 23
[14-Jan-2022 14:55:49 America/New_York] PHP Stack trace:
[14-Jan-2022 14:55:49 America/New_York] PHP   1. {main}() /var/www/html/mymuseJ4/joomla/index.php:0
[14-Jan-2022 14:55:49 America/New_York] PHP   2. require_once() /var/www/html/mymuseJ4/joomla/index.php:32
[14-Jan-2022 14:55:49 America/New_York] PHP   3. Joomla\CMS\Application\SiteApplication->execute() /var/www/html/mymuseJ4/joomla/includes/app.php:63
[14-Jan-2022 14:55:49 America/New_York] PHP   4. Joomla\CMS\Application\SiteApplication->doExecute() /var/www/html/mymuseJ4/joomla/libraries/src/Application/CMSApplication.php:278
[14-Jan-2022 14:55:49 America/New_York] PHP   5. Joomla\CMS\Application\SiteApplication->dispatch() /var/www/html/mymuseJ4/joomla/libraries/src/Application/SiteApplication.php:245
[14-Jan-2022 14:55:49 America/New_York] PHP   6. Joomla\CMS\Component\ComponentHelper::renderComponent() /var/www/html/mymuseJ4/joomla/libraries/src/Application/SiteApplication.php:206
[14-Jan-2022 14:55:49 America/New_York] PHP   7. Joomla\Component\Mymuse\Site\Dispatcher\Dispatcher->dispatch() /var/www/html/mymuseJ4/joomla/libraries/src/Component/ComponentHelper.php:389
[14-Jan-2022 14:55:49 America/New_York] PHP   8. Joomla\Component\Mymuse\Site\Dispatcher\Dispatcher->dispatch() /var/www/html/mymuseJ4/joomla/components/com_mymuse/src/Dispatcher/Dispatcher.php:56
[14-Jan-2022 14:55:49 America/New_York] PHP   9. Joomla\Component\Mymuse\Site\Controller\DisplayController->execute() /var/www/html/mymuseJ4/joomla/libraries/src/Dispatcher/ComponentDispatcher.php:146
[14-Jan-2022 14:55:49 America/New_York] PHP  10. Joomla\Component\Mymuse\Site\Controller\DisplayController->display() /var/www/html/mymuseJ4/joomla/libraries/src/MVC/Controller/BaseController.php:730
[14-Jan-2022 14:55:49 America/New_York] PHP  11. Joomla\Component\Mymuse\Site\Controller\DisplayController->display() /var/www/html/mymuseJ4/joomla/components/com_mymuse/src/Controller/DisplayController.php:296
[14-Jan-2022 14:55:49 America/New_York] PHP  12. Joomla\Component\Mymuse\Site\View\Category\HtmlView->display() /var/www/html/mymuseJ4/joomla/libraries/src/MVC/Controller/BaseController.php:692
[14-Jan-2022 14:55:49 America/New_York] PHP  13. Joomla\Component\Mymuse\Site\View\Category\HtmlView->display() /var/www/html/mymuseJ4/joomla/components/com_mymuse/src/View/Category/HtmlView.php:211
[14-Jan-2022 14:55:49 America/New_York] PHP  14. Joomla\Component\Mymuse\Site\View\Category\HtmlView->display() /var/www/html/mymuseJ4/joomla/libraries/src/MVC/View/CategoryView.php:268
[14-Jan-2022 14:55:49 America/New_York] PHP  15. Joomla\Component\Mymuse\Site\View\Category\HtmlView->loadTemplate() /var/www/html/mymuseJ4/joomla/libraries/src/MVC/View/HtmlView.php:218
[14-Jan-2022 14:55:49 America/New_York] PHP  16. include() /var/www/html/mymuseJ4/joomla/libraries/src/MVC/View/HtmlView.php:429
[14-Jan-2022 14:55:49 America/New_York] PHP  17. Joomla\Component\Mymuse\Site\View\Category\HtmlView->loadTemplate() /var/www/html/mymuseJ4/joomla/components/com_mymuse/tmpl/category/blog.php:104
[14-Jan-2022 14:55:49 America/New_York] PHP  18. include() /var/www/html/mymuseJ4/joomla/libraries/src/MVC/View/HtmlView.php:429
[14-Jan-2022 14:55:49 America/New_York] PHP  19. Joomla\CMS\Layout\LayoutHelper::render() /var/www/html/mymuseJ4/joomla/components/com_mymuse/tmpl/category/blog_item.php:93
[14-Jan-2022 14:55:49 America/New_York] PHP  20. Joomla\CMS\Layout\FileLayout->render() /var/www/html/mymuseJ4/joomla/libraries/src/Layout/LayoutHelper.php:73
[14-Jan-2022 14:55:49 America/New_York] PHP  21. include() /var/www/html/mymuseJ4/joomla/libraries/src/Layout/FileLayout.php:128
[14-Jan-2022 14:55:49 America/New_York] PHP  22. Joomla\CMS\Layout\FileLayout->sublayout() /var/www/html/mymuseJ4/joomla/layouts/joomla/content/info_block.php:38
[14-Jan-2022 14:55:49 America/New_York] PHP  23. Joomla\CMS\Layout\FileLayout->render() /var/www/html/mymuseJ4/joomla/libraries/src/Layout/FileLayout.php:643
[14-Jan-2022 14:55:49 America/New_York] PHP  24. include() /var/www/html/mymuseJ4/joomla/libraries/src/Layout/FileLayout.php:128
[14-Jan-2022 14:55:49 America/New_York] PHP Notice:  Undefined property: stdClass::$readmore in /var/www/html/mymuseJ4/joomla/components/com_mymuse/tmpl/category/blog_item.php on line 118
[14-Jan-2022 14:55:49 America/New_York] PHP Stack trace:
[14-Jan-2022 14:55:49 America/New_York] PHP   1. {main}() /var/www/html/mymuseJ4/joomla/index.php:0
[14-Jan-2022 14:55:49 America/New_York] PHP   2. require_once() /var/www/html/mymuseJ4/joomla/index.php:32
[14-Jan-2022 14:55:49 America/New_York] PHP   3. Joomla\CMS\Application\SiteApplication->execute() /var/www/html/mymuseJ4/joomla/includes/app.php:63
[14-Jan-2022 14:55:49 America/New_York] PHP   4. Joomla\CMS\Application\SiteApplication->doExecute() /var/www/html/mymuseJ4/joomla/libraries/src/Application/CMSApplication.php:278
[14-Jan-2022 14:55:49 America/New_York] PHP   5. Joomla\CMS\Application\SiteApplication->dispatch() /var/www/html/mymuseJ4/joomla/libraries/src/Application/SiteApplication.php:245
[14-Jan-2022 14:55:49 America/New_York] PHP   6. Joomla\CMS\Component\ComponentHelper::renderComponent() /var/www/html/mymuseJ4/joomla/libraries/src/Application/SiteApplication.php:206
[14-Jan-2022 14:55:49 America/New_York] PHP   7. Joomla\Component\Mymuse\Site\Dispatcher\Dispatcher->dispatch() /var/www/html/mymuseJ4/joomla/libraries/src/Component/ComponentHelper.php:389
[14-Jan-2022 14:55:49 America/New_York] PHP   8. Joomla\Component\Mymuse\Site\Dispatcher\Dispatcher->dispatch() /var/www/html/mymuseJ4/joomla/components/com_mymuse/src/Dispatcher/Dispatcher.php:56
[14-Jan-2022 14:55:49 America/New_York] PHP   9. Joomla\Component\Mymuse\Site\Controller\DisplayController->execute() /var/www/html/mymuseJ4/joomla/libraries/src/Dispatcher/ComponentDispatcher.php:146
[14-Jan-2022 14:55:49 America/New_York] PHP  10. Joomla\Component\Mymuse\Site\Controller\DisplayController->display() /var/www/html/mymuseJ4/joomla/libraries/src/MVC/Controller/BaseController.php:730
[14-Jan-2022 14:55:49 America/New_York] PHP  11. Joomla\Component\Mymuse\Site\Controller\DisplayController->display() /var/www/html/mymuseJ4/joomla/components/com_mymuse/src/Controller/DisplayController.php:296
[14-Jan-2022 14:55:49 America/New_York] PHP  12. Joomla\Component\Mymuse\Site\View\Category\HtmlView->display() /var/www/html/mymuseJ4/joomla/libraries/src/MVC/Controller/BaseController.php:692
[14-Jan-2022 14:55:49 America/New_York] PHP  13. Joomla\Component\Mymuse\Site\View\Category\HtmlView->display() /var/www/html/mymuseJ4/joomla/components/com_mymuse/src/View/Category/HtmlView.php:211
[14-Jan-2022 14:55:49 America/New_York] PHP  14. Joomla\Component\Mymuse\Site\View\Category\HtmlView->display() /var/www/html/mymuseJ4/joomla/libraries/src/MVC/View/CategoryView.php:268
[14-Jan-2022 14:55:49 America/New_York] PHP  15. Joomla\Component\Mymuse\Site\View\Category\HtmlView->loadTemplate() /var/www/html/mymuseJ4/joomla/libraries/src/MVC/View/HtmlView.php:218
[14-Jan-2022 14:55:49 America/New_York] PHP  16. include() /var/www/html/mymuseJ4/joomla/libraries/src/MVC/View/HtmlView.php:429
[14-Jan-2022 14:55:49 America/New_York] PHP  17. Joomla\Component\Mymuse\Site\View\Category\HtmlView->loadTemplate() /var/www/html/mymuseJ4/joomla/components/com_mymuse/tmpl/category/blog.php:104
[14-Jan-2022 14:55:49 America/New_York] PHP  18. include() /var/www/html/mymuseJ4/joomla/libraries/src/MVC/View/HtmlView.php:429
[14-Jan-2022 14:55:49 America/New_York] PHP Notice:  Undefined property: stdClass::$category_language in /var/www/html/mymuseJ4/joomla/layouts/joomla/content/info_block/category.php on line 23
[14-Jan-2022 14:55:49 America/New_York] PHP Stack trace:
[14-Jan-2022 14:55:49 America/New_York] PHP   1. {main}() /var/www/html/mymuseJ4/joomla/index.php:0
[14-Jan-2022 14:55:49 America/New_York] PHP   2. require_once() /var/www/html/mymuseJ4/joomla/index.php:32
[14-Jan-2022 14:55:49 America/New_York] PHP   3. Joomla\CMS\Application\SiteApplication->execute() /var/www/html/mymuseJ4/joomla/includes/app.php:63
[14-Jan-2022 14:55:49 America/New_York] PHP   4. Joomla\CMS\Application\SiteApplication->doExecute() /var/www/html/mymuseJ4/joomla/libraries/src/Application/CMSApplication.php:278
[14-Jan-2022 14:55:49 America/New_York] PHP   5. Joomla\CMS\Application\SiteApplication->dispatch() /var/www/html/mymuseJ4/joomla/libraries/src/Application/SiteApplication.php:245
[14-Jan-2022 14:55:49 America/New_York] PHP   6. Joomla\CMS\Component\ComponentHelper::renderComponent() /var/www/html/mymuseJ4/joomla/libraries/src/Application/SiteApplication.php:206
[14-Jan-2022 14:55:49 America/New_York] PHP   7. Joomla\Component\Mymuse\Site\Dispatcher\Dispatcher->dispatch() /var/www/html/mymuseJ4/joomla/libraries/src/Component/ComponentHelper.php:389
[14-Jan-2022 14:55:49 America/New_York] PHP   8. Joomla\Component\Mymuse\Site\Dispatcher\Dispatcher->dispatch() /var/www/html/mymuseJ4/joomla/components/com_mymuse/src/Dispatcher/Dispatcher.php:56
[14-Jan-2022 14:55:49 America/New_York] PHP   9. Joomla\Component\Mymuse\Site\Controller\DisplayController->execute() /var/www/html/mymuseJ4/joomla/libraries/src/Dispatcher/ComponentDispatcher.php:146
[14-Jan-2022 14:55:49 America/New_York] PHP  10. Joomla\Component\Mymuse\Site\Controller\DisplayController->display() /var/www/html/mymuseJ4/joomla/libraries/src/MVC/Controller/BaseController.php:730
[14-Jan-2022 14:55:49 America/New_York] PHP  11. Joomla\Component\Mymuse\Site\Controller\DisplayController->display() /var/www/html/mymuseJ4/joomla/components/com_mymuse/src/Controller/DisplayController.php:296
[14-Jan-2022 14:55:49 America/New_York] PHP  12. Joomla\Component\Mymuse\Site\View\Category\HtmlView->display() /var/www/html/mymuseJ4/joomla/libraries/src/MVC/Controller/BaseController.php:692
[14-Jan-2022 14:55:49 America/New_York] PHP  13. Joomla\Component\Mymuse\Site\View\Category\HtmlView->display() /var/www/html/mymuseJ4/joomla/components/com_mymuse/src/View/Category/HtmlView.php:211
[14-Jan-2022 14:55:49 America/New_York] PHP  14. Joomla\Component\Mymuse\Site\View\Category\HtmlView->display() /var/www/html/mymuseJ4/joomla/libraries/src/MVC/View/CategoryView.php:268
[14-Jan-2022 14:55:49 America/New_York] PHP  15. Joomla\Component\Mymuse\Site\View\Category\HtmlView->loadTemplate() /var/www/html/mymuseJ4/joomla/libraries/src/MVC/View/HtmlView.php:218
[14-Jan-2022 14:55:49 America/New_York] PHP  16. include() /var/www/html/mymuseJ4/joomla/libraries/src/MVC/View/HtmlView.php:429
[14-Jan-2022 14:55:49 America/New_York] PHP  17. Joomla\Component\Mymuse\Site\View\Category\HtmlView->loadTemplate() /var/www/html/mymuseJ4/joomla/components/com_mymuse/tmpl/category/blog.php:129
[14-Jan-2022 14:55:49 America/New_York] PHP  18. include() /var/www/html/mymuseJ4/joomla/libraries/src/MVC/View/HtmlView.php:429
[14-Jan-2022 14:55:49 America/New_York] PHP  19. Joomla\CMS\Layout\LayoutHelper::render() /var/www/html/mymuseJ4/joomla/components/com_mymuse/tmpl/category/blog_item.php:93
[14-Jan-2022 14:55:49 America/New_York] PHP  20. Joomla\CMS\Layout\FileLayout->render() /var/www/html/mymuseJ4/joomla/libraries/src/Layout/LayoutHelper.php:73
[14-Jan-2022 14:55:49 America/New_York] PHP  21. include() /var/www/html/mymuseJ4/joomla/libraries/src/Layout/FileLayout.php:128
[14-Jan-2022 14:55:49 America/New_York] PHP  22. Joomla\CMS\Layout\FileLayout->sublayout() /var/www/html/mymuseJ4/joomla/layouts/joomla/content/info_block.php:38
[14-Jan-2022 14:55:49 America/New_York] PHP  23. Joomla\CMS\Layout\FileLayout->render() /var/www/html/mymuseJ4/joomla/libraries/src/Layout/FileLayout.php:643
[14-Jan-2022 14:55:49 America/New_York] PHP  24. include() /var/www/html/mymuseJ4/joomla/libraries/src/Layout/FileLayout.php:128
[14-Jan-2022 14:55:49 America/New_York] PHP Notice:  Undefined property: stdClass::$readmore in /var/www/html/mymuseJ4/joomla/components/com_mymuse/tmpl/category/blog_item.php on line 118
[14-Jan-2022 14:55:49 America/New_York] PHP Stack trace:
[14-Jan-2022 14:55:49 America/New_York] PHP   1. {main}() /var/www/html/mymuseJ4/joomla/index.php:0
[14-Jan-2022 14:55:49 America/New_York] PHP   2. require_once() /var/www/html/mymuseJ4/joomla/index.php:32
[14-Jan-2022 14:55:49 America/New_York] PHP   3. Joomla\CMS\Application\SiteApplication->execute() /var/www/html/mymuseJ4/joomla/includes/app.php:63
[14-Jan-2022 14:55:49 America/New_York] PHP   4. Joomla\CMS\Application\SiteApplication->doExecute() /var/www/html/mymuseJ4/joomla/libraries/src/Application/CMSApplication.php:278
[14-Jan-2022 14:55:49 America/New_York] PHP   5. Joomla\CMS\Application\SiteApplication->dispatch() /var/www/html/mymuseJ4/joomla/libraries/src/Application/SiteApplication.php:245
[14-Jan-2022 14:55:49 America/New_York] PHP   6. Joomla\CMS\Component\ComponentHelper::renderComponent() /var/www/html/mymuseJ4/joomla/libraries/src/Application/SiteApplication.php:206
[14-Jan-2022 14:55:49 America/New_York] PHP   7. Joomla\Component\Mymuse\Site\Dispatcher\Dispatcher->dispatch() /var/www/html/mymuseJ4/joomla/libraries/src/Component/ComponentHelper.php:389
[14-Jan-2022 14:55:49 America/New_York] PHP   8. Joomla\Component\Mymuse\Site\Dispatcher\Dispatcher->dispatch() /var/www/html/mymuseJ4/joomla/components/com_mymuse/src/Dispatcher/Dispatcher.php:56
[14-Jan-2022 14:55:49 America/New_York] PHP   9. Joomla\Component\Mymuse\Site\Controller\DisplayController->execute() /var/www/html/mymuseJ4/joomla/libraries/src/Dispatcher/ComponentDispatcher.php:146
[14-Jan-2022 14:55:49 America/New_York] PHP  10. Joomla\Component\Mymuse\Site\Controller\DisplayController->display() /var/www/html/mymuseJ4/joomla/libraries/src/MVC/Controller/BaseController.php:730
[14-Jan-2022 14:55:49 America/New_York] PHP  11. Joomla\Component\Mymuse\Site\Controller\DisplayController->display() /var/www/html/mymuseJ4/joomla/components/com_mymuse/src/Controller/DisplayController.php:296
[14-Jan-2022 14:55:49 America/New_York] PHP  12. Joomla\Component\Mymuse\Site\View\Category\HtmlView->display() /var/www/html/mymuseJ4/joomla/libraries/src/MVC/Controller/BaseController.php:692
[14-Jan-2022 14:55:49 America/New_York] PHP  13. Joomla\Component\Mymuse\Site\View\Category\HtmlView->display() /var/www/html/mymuseJ4/joomla/components/com_mymuse/src/View/Category/HtmlView.php:211
[14-Jan-2022 14:55:49 America/New_York] PHP  14. Joomla\Component\Mymuse\Site\View\Category\HtmlView->display() /var/www/html/mymuseJ4/joomla/libraries/src/MVC/View/CategoryView.php:268
[14-Jan-2022 14:55:49 America/New_York] PHP  15. Joomla\Component\Mymuse\Site\View\Category\HtmlView->loadTemplate() /var/www/html/mymuseJ4/joomla/libraries/src/MVC/View/HtmlView.php:218
[14-Jan-2022 14:55:49 America/New_York] PHP  16. include() /var/www/html/mymuseJ4/joomla/libraries/src/MVC/View/HtmlView.php:429
[14-Jan-2022 14:55:49 America/New_York] PHP  17. Joomla\Component\Mymuse\Site\View\Category\HtmlView->loadTemplate() /var/www/html/mymuseJ4/joomla/components/com_mymuse/tmpl/category/blog.php:129
[14-Jan-2022 14:55:49 America/New_York] PHP  18. include() /var/www/html/mymuseJ4/joomla/libraries/src/MVC/View/HtmlView.php:429
[14-Jan-2022 14:57:24 America/New_York] PHP Notice:  Undefined property: stdClass::$category_language in /var/www/html/mymuseJ4/joomla/layouts/joomla/content/info_block/category.php on line 23
[14-Jan-2022 14:57:24 America/New_York] PHP Stack trace:
[14-Jan-2022 14:57:24 America/New_York] PHP   1. {main}() /var/www/html/mymuseJ4/joomla/index.php:0
[14-Jan-2022 14:57:24 America/New_York] PHP   2. require_once() /var/www/html/mymuseJ4/joomla/index.php:32
[14-Jan-2022 14:57:24 America/New_York] PHP   3. Joomla\CMS\Application\SiteApplication->execute() /var/www/html/mymuseJ4/joomla/includes/app.php:63
[14-Jan-2022 14:57:24 America/New_York] PHP   4. Joomla\CMS\Application\SiteApplication->doExecute() /var/www/html/mymuseJ4/joomla/libraries/src/Application/CMSApplication.php:278
[14-Jan-2022 14:57:24 America/New_York] PHP   5. Joomla\CMS\Application\SiteApplication->dispatch() /var/www/html/mymuseJ4/joomla/libraries/src/Application/SiteApplication.php:245
[14-Jan-2022 14:57:24 America/New_York] PHP   6. Joomla\CMS\Component\ComponentHelper::renderComponent() /var/www/html/mymuseJ4/joomla/libraries/src/Application/SiteApplication.php:206
[14-Jan-2022 14:57:24 America/New_York] PHP   7. Joomla\Component\Mymuse\Site\Dispatcher\Dispatcher->dispatch() /var/www/html/mymuseJ4/joomla/libraries/src/Component/ComponentHelper.php:389
[14-Jan-2022 14:57:24 America/New_York] PHP   8. Joomla\Component\Mymuse\Site\Dispatcher\Dispatcher->dispatch() /var/www/html/mymuseJ4/joomla/components/com_mymuse/src/Dispatcher/Dispatcher.php:56
[14-Jan-2022 14:57:24 America/New_York] PHP   9. Joomla\Component\Mymuse\Site\Controller\DisplayController->execute() /var/www/html/mymuseJ4/joomla/libraries/src/Dispatcher/ComponentDispatcher.php:146
[14-Jan-2022 14:57:24 America/New_York] PHP  10. Joomla\Component\Mymuse\Site\Controller\DisplayController->display() /var/www/html/mymuseJ4/joomla/libraries/src/MVC/Controller/BaseController.php:730
[14-Jan-2022 14:57:24 America/New_York] PHP  11. Joomla\Component\Mymuse\Site\Controller\DisplayController->display() /var/www/html/mymuseJ4/joomla/components/com_mymuse/src/Controller/DisplayController.php:296
[14-Jan-2022 14:57:24 America/New_York] PHP  12. Joomla\Component\Mymuse\Site\View\Category\HtmlView->display() /var/www/html/mymuseJ4/joomla/libraries/src/MVC/Controller/BaseController.php:692
[14-Jan-2022 14:57:24 America/New_York] PHP  13. Joomla\Component\Mymuse\Site\View\Category\HtmlView->display() /var/www/html/mymuseJ4/joomla/components/com_mymuse/src/View/Category/HtmlView.php:211
[14-Jan-2022 14:57:24 America/New_York] PHP  14. Joomla\Component\Mymuse\Site\View\Category\HtmlView->display() /var/www/html/mymuseJ4/joomla/libraries/src/MVC/View/CategoryView.php:268
[14-Jan-2022 14:57:24 America/New_York] PHP  15. Joomla\Component\Mymuse\Site\View\Category\HtmlView->loadTemplate() /var/www/html/mymuseJ4/joomla/libraries/src/MVC/View/HtmlView.php:218
[14-Jan-2022 14:57:24 America/New_York] PHP  16. include() /var/www/html/mymuseJ4/joomla/libraries/src/MVC/View/HtmlView.php:429
[14-Jan-2022 14:57:24 America/New_York] PHP  17. Joomla\Component\Mymuse\Site\View\Category\HtmlView->loadTemplate() /var/www/html/mymuseJ4/joomla/components/com_mymuse/tmpl/category/blog.php:104
[14-Jan-2022 14:57:24 America/New_York] PHP  18. include() /var/www/html/mymuseJ4/joomla/libraries/src/MVC/View/HtmlView.php:429
[14-Jan-2022 14:57:24 America/New_York] PHP  19. Joomla\CMS\Layout\LayoutHelper::render() /var/www/html/mymuseJ4/joomla/components/com_mymuse/tmpl/category/blog_item.php:93
[14-Jan-2022 14:57:24 America/New_York] PHP  20. Joomla\CMS\Layout\FileLayout->render() /var/www/html/mymuseJ4/joomla/libraries/src/Layout/LayoutHelper.php:73
[14-Jan-2022 14:57:24 America/New_York] PHP  21. include() /var/www/html/mymuseJ4/joomla/libraries/src/Layout/FileLayout.php:128
[14-Jan-2022 14:57:24 America/New_York] PHP  22. Joomla\CMS\Layout\FileLayout->sublayout() /var/www/html/mymuseJ4/joomla/layouts/joomla/content/info_block.php:38
[14-Jan-2022 14:57:24 America/New_York] PHP  23. Joomla\CMS\Layout\FileLayout->render() /var/www/html/mymuseJ4/joomla/libraries/src/Layout/FileLayout.php:643
[14-Jan-2022 14:57:24 America/New_York] PHP  24. include() /var/www/html/mymuseJ4/joomla/libraries/src/Layout/FileLayout.php:128
[14-Jan-2022 14:57:24 America/New_York] PHP Notice:  Undefined property: stdClass::$readmore in /var/www/html/mymuseJ4/joomla/components/com_mymuse/tmpl/category/blog_item.php on line 118
[14-Jan-2022 14:57:24 America/New_York] PHP Stack trace:
[14-Jan-2022 14:57:24 America/New_York] PHP   1. {main}() /var/www/html/mymuseJ4/joomla/index.php:0
[14-Jan-2022 14:57:24 America/New_York] PHP   2. require_once() /var/www/html/mymuseJ4/joomla/index.php:32
[14-Jan-2022 14:57:24 America/New_York] PHP   3. Joomla\CMS\Application\SiteApplication->execute() /var/www/html/mymuseJ4/joomla/includes/app.php:63
[14-Jan-2022 14:57:24 America/New_York] PHP   4. Joomla\CMS\Application\SiteApplication->doExecute() /var/www/html/mymuseJ4/joomla/libraries/src/Application/CMSApplication.php:278
[14-Jan-2022 14:57:24 America/New_York] PHP   5. Joomla\CMS\Application\SiteApplication->dispatch() /var/www/html/mymuseJ4/joomla/libraries/src/Application/SiteApplication.php:245
[14-Jan-2022 14:57:24 America/New_York] PHP   6. Joomla\CMS\Component\ComponentHelper::renderComponent() /var/www/html/mymuseJ4/joomla/libraries/src/Application/SiteApplication.php:206
[14-Jan-2022 14:57:24 America/New_York] PHP   7. Joomla\Component\Mymuse\Site\Dispatcher\Dispatcher->dispatch() /var/www/html/mymuseJ4/joomla/libraries/src/Component/ComponentHelper.php:389
[14-Jan-2022 14:57:24 America/New_York] PHP   8. Joomla\Component\Mymuse\Site\Dispatcher\Dispatcher->dispatch() /var/www/html/mymuseJ4/joomla/components/com_mymuse/src/Dispatcher/Dispatcher.php:56
[14-Jan-2022 14:57:24 America/New_York] PHP   9. Joomla\Component\Mymuse\Site\Controller\DisplayController->execute() /var/www/html/mymuseJ4/joomla/libraries/src/Dispatcher/ComponentDispatcher.php:146
[14-Jan-2022 14:57:24 America/New_York] PHP  10. Joomla\Component\Mymuse\Site\Controller\DisplayController->display() /var/www/html/mymuseJ4/joomla/libraries/src/MVC/Controller/BaseController.php:730
[14-Jan-2022 14:57:24 America/New_York] PHP  11. Joomla\Component\Mymuse\Site\Controller\DisplayController->display() /var/www/html/mymuseJ4/joomla/components/com_mymuse/src/Controller/DisplayController.php:296
[14-Jan-2022 14:57:24 America/New_York] PHP  12. Joomla\Component\Mymuse\Site\View\Category\HtmlView->display() /var/www/html/mymuseJ4/joomla/libraries/src/MVC/Controller/BaseController.php:692
[14-Jan-2022 14:57:24 America/New_York] PHP  13. Joomla\Component\Mymuse\Site\View\Category\HtmlView->display() /var/www/html/mymuseJ4/joomla/components/com_mymuse/src/View/Category/HtmlView.php:211
[14-Jan-2022 14:57:24 America/New_York] PHP  14. Joomla\Component\Mymuse\Site\View\Category\HtmlView->display() /var/www/html/mymuseJ4/joomla/libraries/src/MVC/View/CategoryView.php:268
[14-Jan-2022 14:57:24 America/New_York] PHP  15. Joomla\Component\Mymuse\Site\View\Category\HtmlView->loadTemplate() /var/www/html/mymuseJ4/joomla/libraries/src/MVC/View/HtmlView.php:218
[14-Jan-2022 14:57:24 America/New_York] PHP  16. include() /var/www/html/mymuseJ4/joomla/libraries/src/MVC/View/HtmlView.php:429
[14-Jan-2022 14:57:24 America/New_York] PHP  17. Joomla\Component\Mymuse\Site\View\Category\HtmlView->loadTemplate() /var/www/html/mymuseJ4/joomla/components/com_mymuse/tmpl/category/blog.php:104
[14-Jan-2022 14:57:24 America/New_York] PHP  18. include() /var/www/html/mymuseJ4/joomla/libraries/src/MVC/View/HtmlView.php:429
[14-Jan-2022 14:57:24 America/New_York] PHP Notice:  Undefined property: stdClass::$category_language in /var/www/html/mymuseJ4/joomla/layouts/joomla/content/info_block/category.php on line 23
[14-Jan-2022 14:57:24 America/New_York] PHP Stack trace:
[14-Jan-2022 14:57:24 America/New_York] PHP   1. {main}() /var/www/html/mymuseJ4/joomla/index.php:0
[14-Jan-2022 14:57:24 America/New_York] PHP   2. require_once() /var/www/html/mymuseJ4/joomla/index.php:32
[14-Jan-2022 14:57:24 America/New_York] PHP   3. Joomla\CMS\Application\SiteApplication->execute() /var/www/html/mymuseJ4/joomla/includes/app.php:63
[14-Jan-2022 14:57:24 America/New_York] PHP   4. Joomla\CMS\Application\SiteApplication->doExecute() /var/www/html/mymuseJ4/joomla/libraries/src/Application/CMSApplication.php:278
[14-Jan-2022 14:57:24 America/New_York] PHP   5. Joomla\CMS\Application\SiteApplication->dispatch() /var/www/html/mymuseJ4/joomla/libraries/src/Application/SiteApplication.php:245
[14-Jan-2022 14:57:24 America/New_York] PHP   6. Joomla\CMS\Component\ComponentHelper::renderComponent() /var/www/html/mymuseJ4/joomla/libraries/src/Application/SiteApplication.php:206
[14-Jan-2022 14:57:24 America/New_York] PHP   7. Joomla\Component\Mymuse\Site\Dispatcher\Dispatcher->dispatch() /var/www/html/mymuseJ4/joomla/libraries/src/Component/ComponentHelper.php:389
[14-Jan-2022 14:57:24 America/New_York] PHP   8. Joomla\Component\Mymuse\Site\Dispatcher\Dispatcher->dispatch() /var/www/html/mymuseJ4/joomla/components/com_mymuse/src/Dispatcher/Dispatcher.php:56
[14-Jan-2022 14:57:24 America/New_York] PHP   9. Joomla\Component\Mymuse\Site\Controller\DisplayController->execute() /var/www/html/mymuseJ4/joomla/libraries/src/Dispatcher/ComponentDispatcher.php:146
[14-Jan-2022 14:57:24 America/New_York] PHP  10. Joomla\Component\Mymuse\Site\Controller\DisplayController->display() /var/www/html/mymuseJ4/joomla/libraries/src/MVC/Controller/BaseController.php:730
[14-Jan-2022 14:57:24 America/New_York] PHP  11. Joomla\Component\Mymuse\Site\Controller\DisplayController->display() /var/www/html/mymuseJ4/joomla/components/com_mymuse/src/Controller/DisplayController.php:296
[14-Jan-2022 14:57:24 America/New_York] PHP  12. Joomla\Component\Mymuse\Site\View\Category\HtmlView->display() /var/www/html/mymuseJ4/joomla/libraries/src/MVC/Controller/BaseController.php:692
[14-Jan-2022 14:57:24 America/New_York] PHP  13. Joomla\Component\Mymuse\Site\View\Category\HtmlView->display() /var/www/html/mymuseJ4/joomla/components/com_mymuse/src/View/Category/HtmlView.php:211
[14-Jan-2022 14:57:24 America/New_York] PHP  14. Joomla\Component\Mymuse\Site\View\Category\HtmlView->display() /var/www/html/mymuseJ4/joomla/libraries/src/MVC/View/CategoryView.php:268
[14-Jan-2022 14:57:24 America/New_York] PHP  15. Joomla\Component\Mymuse\Site\View\Category\HtmlView->loadTemplate() /var/www/html/mymuseJ4/joomla/libraries/src/MVC/View/HtmlView.php:218
[14-Jan-2022 14:57:24 America/New_York] PHP  16. include() /var/www/html/mymuseJ4/joomla/libraries/src/MVC/View/HtmlView.php:429
[14-Jan-2022 14:57:24 America/New_York] PHP  17. Joomla\Component\Mymuse\Site\View\Category\HtmlView->loadTemplate() /var/www/html/mymuseJ4/joomla/components/com_mymuse/tmpl/category/blog.php:129
[14-Jan-2022 14:57:24 America/New_York] PHP  18. include() /var/www/html/mymuseJ4/joomla/libraries/src/MVC/View/HtmlView.php:429
[14-Jan-2022 14:57:24 America/New_York] PHP  19. Joomla\CMS\Layout\LayoutHelper::render() /var/www/html/mymuseJ4/joomla/components/com_mymuse/tmpl/category/blog_item.php:93
[14-Jan-2022 14:57:24 America/New_York] PHP  20. Joomla\CMS\Layout\FileLayout->render() /var/www/html/mymuseJ4/joomla/libraries/src/Layout/LayoutHelper.php:73
[14-Jan-2022 14:57:24 America/New_York] PHP  21. include() /var/www/html/mymuseJ4/joomla/libraries/src/Layout/FileLayout.php:128
[14-Jan-2022 14:57:24 America/New_York] PHP  22. Joomla\CMS\Layout\FileLayout->sublayout() /var/www/html/mymuseJ4/joomla/layouts/joomla/content/info_block.php:38
[14-Jan-2022 14:57:24 America/New_York] PHP  23. Joomla\CMS\Layout\FileLayout->render() /var/www/html/mymuseJ4/joomla/libraries/src/Layout/FileLayout.php:643
[14-Jan-2022 14:57:24 America/New_York] PHP  24. include() /var/www/html/mymuseJ4/joomla/libraries/src/Layout/FileLayout.php:128
[14-Jan-2022 14:57:24 America/New_York] PHP Notice:  Undefined property: stdClass::$readmore in /var/www/html/mymuseJ4/joomla/components/com_mymuse/tmpl/category/blog_item.php on line 118
[14-Jan-2022 14:57:24 America/New_York] PHP Stack trace:
[14-Jan-2022 14:57:24 America/New_York] PHP   1. {main}() /var/www/html/mymuseJ4/joomla/index.php:0
[14-Jan-2022 14:57:24 America/New_York] PHP   2. require_once() /var/www/html/mymuseJ4/joomla/index.php:32
[14-Jan-2022 14:57:24 America/New_York] PHP   3. Joomla\CMS\Application\SiteApplication->execute() /var/www/html/mymuseJ4/joomla/includes/app.php:63
[14-Jan-2022 14:57:24 America/New_York] PHP   4. Joomla\CMS\Application\SiteApplication->doExecute() /var/www/html/mymuseJ4/joomla/libraries/src/Application/CMSApplication.php:278
[14-Jan-2022 14:57:24 America/New_York] PHP   5. Joomla\CMS\Application\SiteApplication->dispatch() /var/www/html/mymuseJ4/joomla/libraries/src/Application/SiteApplication.php:245
[14-Jan-2022 14:57:24 America/New_York] PHP   6. Joomla\CMS\Component\ComponentHelper::renderComponent() /var/www/html/mymuseJ4/joomla/libraries/src/Application/SiteApplication.php:206
[14-Jan-2022 14:57:24 America/New_York] PHP   7. Joomla\Component\Mymuse\Site\Dispatcher\Dispatcher->dispatch() /var/www/html/mymuseJ4/joomla/libraries/src/Component/ComponentHelper.php:389
[14-Jan-2022 14:57:24 America/New_York] PHP   8. Joomla\Component\Mymuse\Site\Dispatcher\Dispatcher->dispatch() /var/www/html/mymuseJ4/joomla/components/com_mymuse/src/Dispatcher/Dispatcher.php:56
[14-Jan-2022 14:57:24 America/New_York] PHP   9. Joomla\Component\Mymuse\Site\Controller\DisplayController->execute() /var/www/html/mymuseJ4/joomla/libraries/src/Dispatcher/ComponentDispatcher.php:146
[14-Jan-2022 14:57:24 America/New_York] PHP  10. Joomla\Component\Mymuse\Site\Controller\DisplayController->display() /var/www/html/mymuseJ4/joomla/libraries/src/MVC/Controller/BaseController.php:730
[14-Jan-2022 14:57:24 America/New_York] PHP  11. Joomla\Component\Mymuse\Site\Controller\DisplayController->display() /var/www/html/mymuseJ4/joomla/components/com_mymuse/src/Controller/DisplayController.php:296
[14-Jan-2022 14:57:24 America/New_York] PHP  12. Joomla\Component\Mymuse\Site\View\Category\HtmlView->display() /var/www/html/mymuseJ4/joomla/libraries/src/MVC/Controller/BaseController.php:692
[14-Jan-2022 14:57:24 America/New_York] PHP  13. Joomla\Component\Mymuse\Site\View\Category\HtmlView->display() /var/www/html/mymuseJ4/joomla/components/com_mymuse/src/View/Category/HtmlView.php:211
[14-Jan-2022 14:57:24 America/New_York] PHP  14. Joomla\Component\Mymuse\Site\View\Category\HtmlView->display() /var/www/html/mymuseJ4/joomla/libraries/src/MVC/View/CategoryView.php:268
[14-Jan-2022 14:57:24 America/New_York] PHP  15. Joomla\Component\Mymuse\Site\View\Category\HtmlView->loadTemplate() /var/www/html/mymuseJ4/joomla/libraries/src/MVC/View/HtmlView.php:218
[14-Jan-2022 14:57:24 America/New_York] PHP  16. include() /var/www/html/mymuseJ4/joomla/libraries/src/MVC/View/HtmlView.php:429
[14-Jan-2022 14:57:24 America/New_York] PHP  17. Joomla\Component\Mymuse\Site\View\Category\HtmlView->loadTemplate() /var/www/html/mymuseJ4/joomla/components/com_mymuse/tmpl/category/blog.php:129
[14-Jan-2022 14:57:24 America/New_York] PHP  18. include() /var/www/html/mymuseJ4/joomla/libraries/src/MVC/View/HtmlView.php:429
[14-Jan-2022 14:58:00 America/New_York] PHP Notice:  Undefined property: stdClass::$category_language in /var/www/html/mymuseJ4/joomla/layouts/joomla/content/info_block/category.php on line 23
[14-Jan-2022 14:58:00 America/New_York] PHP Stack trace:
[14-Jan-2022 14:58:00 America/New_York] PHP   1. {main}() /var/www/html/mymuseJ4/joomla/index.php:0
[14-Jan-2022 14:58:00 America/New_York] PHP   2. require_once() /var/www/html/mymuseJ4/joomla/index.php:32
[14-Jan-2022 14:58:00 America/New_York] PHP   3. Joomla\CMS\Application\SiteApplication->execute() /var/www/html/mymuseJ4/joomla/includes/app.php:63
[14-Jan-2022 14:58:00 America/New_York] PHP   4. Joomla\CMS\Application\SiteApplication->doExecute() /var/www/html/mymuseJ4/joomla/libraries/src/Application/CMSApplication.php:278
[14-Jan-2022 14:58:00 America/New_York] PHP   5. Joomla\CMS\Application\SiteApplication->dispatch() /var/www/html/mymuseJ4/joomla/libraries/src/Application/SiteApplication.php:245
[14-Jan-2022 14:58:00 America/New_York] PHP   6. Joomla\CMS\Component\ComponentHelper::renderComponent() /var/www/html/mymuseJ4/joomla/libraries/src/Application/SiteApplication.php:206
[14-Jan-2022 14:58:00 America/New_York] PHP   7. Joomla\Component\Mymuse\Site\Dispatcher\Dispatcher->dispatch() /var/www/html/mymuseJ4/joomla/libraries/src/Component/ComponentHelper.php:389
[14-Jan-2022 14:58:00 America/New_York] PHP   8. Joomla\Component\Mymuse\Site\Dispatcher\Dispatcher->dispatch() /var/www/html/mymuseJ4/joomla/components/com_mymuse/src/Dispatcher/Dispatcher.php:56
[14-Jan-2022 14:58:00 America/New_York] PHP   9. Joomla\Component\Mymuse\Site\Controller\DisplayController->execute() /var/www/html/mymuseJ4/joomla/libraries/src/Dispatcher/ComponentDispatcher.php:146
[14-Jan-2022 14:58:00 America/New_York] PHP  10. Joomla\Component\Mymuse\Site\Controller\DisplayController->display() /var/www/html/mymuseJ4/joomla/libraries/src/MVC/Controller/BaseController.php:730
[14-Jan-2022 14:58:00 America/New_York] PHP  11. Joomla\Component\Mymuse\Site\Controller\DisplayController->display() /var/www/html/mymuseJ4/joomla/components/com_mymuse/src/Controller/DisplayController.php:296
[14-Jan-2022 14:58:00 America/New_York] PHP  12. Joomla\Component\Mymuse\Site\View\Category\HtmlView->display() /var/www/html/mymuseJ4/joomla/libraries/src/MVC/Controller/BaseController.php:692
[14-Jan-2022 14:58:00 America/New_York] PHP  13. Joomla\Component\Mymuse\Site\View\Category\HtmlView->display() /var/www/html/mymuseJ4/joomla/components/com_mymuse/src/View/Category/HtmlView.php:211
[14-Jan-2022 14:58:00 America/New_York] PHP  14. Joomla\Component\Mymuse\Site\View\Category\HtmlView->display() /var/www/html/mymuseJ4/joomla/libraries/src/MVC/View/CategoryView.php:268
[14-Jan-2022 14:58:00 America/New_York] PHP  15. Joomla\Component\Mymuse\Site\View\Category\HtmlView->loadTemplate() /var/www/html/mymuseJ4/joomla/libraries/src/MVC/View/HtmlView.php:218
[14-Jan-2022 14:58:00 America/New_York] PHP  16. include() /var/www/html/mymuseJ4/joomla/libraries/src/MVC/View/HtmlView.php:429
[14-Jan-2022 14:58:00 America/New_York] PHP  17. Joomla\Component\Mymuse\Site\View\Category\HtmlView->loadTemplate() /var/www/html/mymuseJ4/joomla/components/com_mymuse/tmpl/category/blog.php:104
[14-Jan-2022 14:58:00 America/New_York] PHP  18. include() /var/www/html/mymuseJ4/joomla/libraries/src/MVC/View/HtmlView.php:429
[14-Jan-2022 14:58:00 America/New_York] PHP  19. Joomla\CMS\Layout\LayoutHelper::render() /var/www/html/mymuseJ4/joomla/components/com_mymuse/tmpl/category/blog_item.php:93
[14-Jan-2022 14:58:00 America/New_York] PHP  20. Joomla\CMS\Layout\FileLayout->render() /var/www/html/mymuseJ4/joomla/libraries/src/Layout/LayoutHelper.php:73
[14-Jan-2022 14:58:00 America/New_York] PHP  21. include() /var/www/html/mymuseJ4/joomla/libraries/src/Layout/FileLayout.php:128
[14-Jan-2022 14:58:00 America/New_York] PHP  22. Joomla\CMS\Layout\FileLayout->sublayout() /var/www/html/mymuseJ4/joomla/layouts/joomla/content/info_block.php:38
[14-Jan-2022 14:58:00 America/New_York] PHP  23. Joomla\CMS\Layout\FileLayout->render() /var/www/html/mymuseJ4/joomla/libraries/src/Layout/FileLayout.php:643
[14-Jan-2022 14:58:00 America/New_York] PHP  24. include() /var/www/html/mymuseJ4/joomla/libraries/src/Layout/FileLayout.php:128
[14-Jan-2022 14:58:00 America/New_York] PHP Notice:  Undefined property: stdClass::$readmore in /var/www/html/mymuseJ4/joomla/components/com_mymuse/tmpl/category/blog_item.php on line 118
[14-Jan-2022 14:58:00 America/New_York] PHP Stack trace:
[14-Jan-2022 14:58:00 America/New_York] PHP   1. {main}() /var/www/html/mymuseJ4/joomla/index.php:0
[14-Jan-2022 14:58:00 America/New_York] PHP   2. require_once() /var/www/html/mymuseJ4/joomla/index.php:32
[14-Jan-2022 14:58:00 America/New_York] PHP   3. Joomla\CMS\Application\SiteApplication->execute() /var/www/html/mymuseJ4/joomla/includes/app.php:63
[14-Jan-2022 14:58:00 America/New_York] PHP   4. Joomla\CMS\Application\SiteApplication->doExecute() /var/www/html/mymuseJ4/joomla/libraries/src/Application/CMSApplication.php:278
[14-Jan-2022 14:58:00 America/New_York] PHP   5. Joomla\CMS\Application\SiteApplication->dispatch() /var/www/html/mymuseJ4/joomla/libraries/src/Application/SiteApplication.php:245
[14-Jan-2022 14:58:00 America/New_York] PHP   6. Joomla\CMS\Component\ComponentHelper::renderComponent() /var/www/html/mymuseJ4/joomla/libraries/src/Application/SiteApplication.php:206
[14-Jan-2022 14:58:00 America/New_York] PHP   7. Joomla\Component\Mymuse\Site\Dispatcher\Dispatcher->dispatch() /var/www/html/mymuseJ4/joomla/libraries/src/Component/ComponentHelper.php:389
[14-Jan-2022 14:58:00 America/New_York] PHP   8. Joomla\Component\Mymuse\Site\Dispatcher\Dispatcher->dispatch() /var/www/html/mymuseJ4/joomla/components/com_mymuse/src/Dispatcher/Dispatcher.php:56
[14-Jan-2022 14:58:00 America/New_York] PHP   9. Joomla\Component\Mymuse\Site\Controller\DisplayController->execute() /var/www/html/mymuseJ4/joomla/libraries/src/Dispatcher/ComponentDispatcher.php:146
[14-Jan-2022 14:58:00 America/New_York] PHP  10. Joomla\Component\Mymuse\Site\Controller\DisplayController->display() /var/www/html/mymuseJ4/joomla/libraries/src/MVC/Controller/BaseController.php:730
[14-Jan-2022 14:58:00 America/New_York] PHP  11. Joomla\Component\Mymuse\Site\Controller\DisplayController->display() /var/www/html/mymuseJ4/joomla/components/com_mymuse/src/Controller/DisplayController.php:296
[14-Jan-2022 14:58:00 America/New_York] PHP  12. Joomla\Component\Mymuse\Site\View\Category\HtmlView->display() /var/www/html/mymuseJ4/joomla/libraries/src/MVC/Controller/BaseController.php:692
[14-Jan-2022 14:58:00 America/New_York] PHP  13. Joomla\Component\Mymuse\Site\View\Category\HtmlView->display() /var/www/html/mymuseJ4/joomla/components/com_mymuse/src/View/Category/HtmlView.php:211
[14-Jan-2022 14:58:00 America/New_York] PHP  14. Joomla\Component\Mymuse\Site\View\Category\HtmlView->display() /var/www/html/mymuseJ4/joomla/libraries/src/MVC/View/CategoryView.php:268
[14-Jan-2022 14:58:00 America/New_York] PHP  15. Joomla\Component\Mymuse\Site\View\Category\HtmlView->loadTemplate() /var/www/html/mymuseJ4/joomla/libraries/src/MVC/View/HtmlView.php:218
[14-Jan-2022 14:58:00 America/New_York] PHP  16. include() /var/www/html/mymuseJ4/joomla/libraries/src/MVC/View/HtmlView.php:429
[14-Jan-2022 14:58:00 America/New_York] PHP  17. Joomla\Component\Mymuse\Site\View\Category\HtmlView->loadTemplate() /var/www/html/mymuseJ4/joomla/components/com_mymuse/tmpl/category/blog.php:104
[14-Jan-2022 14:58:00 America/New_York] PHP  18. include() /var/www/html/mymuseJ4/joomla/libraries/src/MVC/View/HtmlView.php:429
[14-Jan-2022 14:58:00 America/New_York] PHP Notice:  Undefined property: stdClass::$category_language in /var/www/html/mymuseJ4/joomla/layouts/joomla/content/info_block/category.php on line 23
[14-Jan-2022 14:58:00 America/New_York] PHP Stack trace:
[14-Jan-2022 14:58:00 America/New_York] PHP   1. {main}() /var/www/html/mymuseJ4/joomla/index.php:0
[14-Jan-2022 14:58:00 America/New_York] PHP   2. require_once() /var/www/html/mymuseJ4/joomla/index.php:32
[14-Jan-2022 14:58:00 America/New_York] PHP   3. Joomla\CMS\Application\SiteApplication->execute() /var/www/html/mymuseJ4/joomla/includes/app.php:63
[14-Jan-2022 14:58:00 America/New_York] PHP   4. Joomla\CMS\Application\SiteApplication->doExecute() /var/www/html/mymuseJ4/joomla/libraries/src/Application/CMSApplication.php:278
[14-Jan-2022 14:58:00 America/New_York] PHP   5. Joomla\CMS\Application\SiteApplication->dispatch() /var/www/html/mymuseJ4/joomla/libraries/src/Application/SiteApplication.php:245
[14-Jan-2022 14:58:00 America/New_York] PHP   6. Joomla\CMS\Component\ComponentHelper::renderComponent() /var/www/html/mymuseJ4/joomla/libraries/src/Application/SiteApplication.php:206
[14-Jan-2022 14:58:00 America/New_York] PHP   7. Joomla\Component\Mymuse\Site\Dispatcher\Dispatcher->dispatch() /var/www/html/mymuseJ4/joomla/libraries/src/Component/ComponentHelper.php:389
[14-Jan-2022 14:58:00 America/New_York] PHP   8. Joomla\Component\Mymuse\Site\Dispatcher\Dispatcher->dispatch() /var/www/html/mymuseJ4/joomla/components/com_mymuse/src/Dispatcher/Dispatcher.php:56
[14-Jan-2022 14:58:00 America/New_York] PHP   9. Joomla\Component\Mymuse\Site\Controller\DisplayController->execute() /var/www/html/mymuseJ4/joomla/libraries/src/Dispatcher/ComponentDispatcher.php:146
[14-Jan-2022 14:58:00 America/New_York] PHP  10. Joomla\Component\Mymuse\Site\Controller\DisplayController->display() /var/www/html/mymuseJ4/joomla/libraries/src/MVC/Controller/BaseController.php:730
[14-Jan-2022 14:58:00 America/New_York] PHP  11. Joomla\Component\Mymuse\Site\Controller\DisplayController->display() /var/www/html/mymuseJ4/joomla/components/com_mymuse/src/Controller/DisplayController.php:296
[14-Jan-2022 14:58:00 America/New_York] PHP  12. Joomla\Component\Mymuse\Site\View\Category\HtmlView->display() /var/www/html/mymuseJ4/joomla/libraries/src/MVC/Controller/BaseController.php:692
[14-Jan-2022 14:58:00 America/New_York] PHP  13. Joomla\Component\Mymuse\Site\View\Category\HtmlView->display() /var/www/html/mymuseJ4/joomla/components/com_mymuse/src/View/Category/HtmlView.php:211
[14-Jan-2022 14:58:00 America/New_York] PHP  14. Joomla\Component\Mymuse\Site\View\Category\HtmlView->display() /var/www/html/mymuseJ4/joomla/libraries/src/MVC/View/CategoryView.php:268
[14-Jan-2022 14:58:00 America/New_York] PHP  15. Joomla\Component\Mymuse\Site\View\Category\HtmlView->loadTemplate() /var/www/html/mymuseJ4/joomla/libraries/src/MVC/View/HtmlView.php:218
[14-Jan-2022 14:58:00 America/New_York] PHP  16. include() /var/www/html/mymuseJ4/joomla/libraries/src/MVC/View/HtmlView.php:429
[14-Jan-2022 14:58:00 America/New_York] PHP  17. Joomla\Component\Mymuse\Site\View\Category\HtmlView->loadTemplate() /var/www/html/mymuseJ4/joomla/components/com_mymuse/tmpl/category/blog.php:129
[14-Jan-2022 14:58:00 America/New_York] PHP  18. include() /var/www/html/mymuseJ4/joomla/libraries/src/MVC/View/HtmlView.php:429
[14-Jan-2022 14:58:00 America/New_York] PHP  19. Joomla\CMS\Layout\LayoutHelper::render() /var/www/html/mymuseJ4/joomla/components/com_mymuse/tmpl/category/blog_item.php:93
[14-Jan-2022 14:58:00 America/New_York] PHP  20. Joomla\CMS\Layout\FileLayout->render() /var/www/html/mymuseJ4/joomla/libraries/src/Layout/LayoutHelper.php:73
[14-Jan-2022 14:58:00 America/New_York] PHP  21. include() /var/www/html/mymuseJ4/joomla/libraries/src/Layout/FileLayout.php:128
[14-Jan-2022 14:58:00 America/New_York] PHP  22. Joomla\CMS\Layout\FileLayout->sublayout() /var/www/html/mymuseJ4/joomla/layouts/joomla/content/info_block.php:38
[14-Jan-2022 14:58:00 America/New_York] PHP  23. Joomla\CMS\Layout\FileLayout->render() /var/www/html/mymuseJ4/joomla/libraries/src/Layout/FileLayout.php:643
[14-Jan-2022 14:58:00 America/New_York] PHP  24. include() /var/www/html/mymuseJ4/joomla/libraries/src/Layout/FileLayout.php:128
[14-Jan-2022 14:58:00 America/New_York] PHP Notice:  Undefined property: stdClass::$readmore in /var/www/html/mymuseJ4/joomla/components/com_mymuse/tmpl/category/blog_item.php on line 118
[14-Jan-2022 14:58:00 America/New_York] PHP Stack trace:
[14-Jan-2022 14:58:00 America/New_York] PHP   1. {main}() /var/www/html/mymuseJ4/joomla/index.php:0
[14-Jan-2022 14:58:00 America/New_York] PHP   2. require_once() /var/www/html/mymuseJ4/joomla/index.php:32
[14-Jan-2022 14:58:00 America/New_York] PHP   3. Joomla\CMS\Application\SiteApplication->execute() /var/www/html/mymuseJ4/joomla/includes/app.php:63
[14-Jan-2022 14:58:00 America/New_York] PHP   4. Joomla\CMS\Application\SiteApplication->doExecute() /var/www/html/mymuseJ4/joomla/libraries/src/Application/CMSApplication.php:278
[14-Jan-2022 14:58:00 America/New_York] PHP   5. Joomla\CMS\Application\SiteApplication->dispatch() /var/www/html/mymuseJ4/joomla/libraries/src/Application/SiteApplication.php:245
[14-Jan-2022 14:58:00 America/New_York] PHP   6. Joomla\CMS\Component\ComponentHelper::renderComponent() /var/www/html/mymuseJ4/joomla/libraries/src/Application/SiteApplication.php:206
[14-Jan-2022 14:58:00 America/New_York] PHP   7. Joomla\Component\Mymuse\Site\Dispatcher\Dispatcher->dispatch() /var/www/html/mymuseJ4/joomla/libraries/src/Component/ComponentHelper.php:389
[14-Jan-2022 14:58:00 America/New_York] PHP   8. Joomla\Component\Mymuse\Site\Dispatcher\Dispatcher->dispatch() /var/www/html/mymuseJ4/joomla/components/com_mymuse/src/Dispatcher/Dispatcher.php:56
[14-Jan-2022 14:58:00 America/New_York] PHP   9. Joomla\Component\Mymuse\Site\Controller\DisplayController->execute() /var/www/html/mymuseJ4/joomla/libraries/src/Dispatcher/ComponentDispatcher.php:146
[14-Jan-2022 14:58:00 America/New_York] PHP  10. Joomla\Component\Mymuse\Site\Controller\DisplayController->display() /var/www/html/mymuseJ4/joomla/libraries/src/MVC/Controller/BaseController.php:730
[14-Jan-2022 14:58:00 America/New_York] PHP  11. Joomla\Component\Mymuse\Site\Controller\DisplayController->display() /var/www/html/mymuseJ4/joomla/components/com_mymuse/src/Controller/DisplayController.php:296
[14-Jan-2022 14:58:00 America/New_York] PHP  12. Joomla\Component\Mymuse\Site\View\Category\HtmlView->display() /var/www/html/mymuseJ4/joomla/libraries/src/MVC/Controller/BaseController.php:692
[14-Jan-2022 14:58:00 America/New_York] PHP  13. Joomla\Component\Mymuse\Site\View\Category\HtmlView->display() /var/www/html/mymuseJ4/joomla/components/com_mymuse/src/View/Category/HtmlView.php:211
[14-Jan-2022 14:58:00 America/New_York] PHP  14. Joomla\Component\Mymuse\Site\View\Category\HtmlView->display() /var/www/html/mymuseJ4/joomla/libraries/src/MVC/View/CategoryView.php:268
[14-Jan-2022 14:58:00 America/New_York] PHP  15. Joomla\Component\Mymuse\Site\View\Category\HtmlView->loadTemplate() /var/www/html/mymuseJ4/joomla/libraries/src/MVC/View/HtmlView.php:218
[14-Jan-2022 14:58:00 America/New_York] PHP  16. include() /var/www/html/mymuseJ4/joomla/libraries/src/MVC/View/HtmlView.php:429
[14-Jan-2022 14:58:00 America/New_York] PHP  17. Joomla\Component\Mymuse\Site\View\Category\HtmlView->loadTemplate() /var/www/html/mymuseJ4/joomla/components/com_mymuse/tmpl/category/blog.php:129
[14-Jan-2022 14:58:00 America/New_York] PHP  18. include() /var/www/html/mymuseJ4/joomla/libraries/src/MVC/View/HtmlView.php:429
[14-Jan-2022 14:59:36 America/New_York] PHP Notice:  Undefined property: stdClass::$category_language in /var/www/html/mymuseJ4/joomla/layouts/joomla/content/info_block/category.php on line 23
[14-Jan-2022 14:59:36 America/New_York] PHP Stack trace:
[14-Jan-2022 14:59:36 America/New_York] PHP   1. {main}() /var/www/html/mymuseJ4/joomla/index.php:0
[14-Jan-2022 14:59:36 America/New_York] PHP   2. require_once() /var/www/html/mymuseJ4/joomla/index.php:32
[14-Jan-2022 14:59:36 America/New_York] PHP   3. Joomla\CMS\Application\SiteApplication->execute() /var/www/html/mymuseJ4/joomla/includes/app.php:63
[14-Jan-2022 14:59:36 America/New_York] PHP   4. Joomla\CMS\Application\SiteApplication->doExecute() /var/www/html/mymuseJ4/joomla/libraries/src/Application/CMSApplication.php:278
[14-Jan-2022 14:59:36 America/New_York] PHP   5. Joomla\CMS\Application\SiteApplication->dispatch() /var/www/html/mymuseJ4/joomla/libraries/src/Application/SiteApplication.php:245
[14-Jan-2022 14:59:36 America/New_York] PHP   6. Joomla\CMS\Component\ComponentHelper::renderComponent() /var/www/html/mymuseJ4/joomla/libraries/src/Application/SiteApplication.php:206
[14-Jan-2022 14:59:36 America/New_York] PHP   7. Joomla\Component\Mymuse\Site\Dispatcher\Dispatcher->dispatch() /var/www/html/mymuseJ4/joomla/libraries/src/Component/ComponentHelper.php:389
[14-Jan-2022 14:59:36 America/New_York] PHP   8. Joomla\Component\Mymuse\Site\Dispatcher\Dispatcher->dispatch() /var/www/html/mymuseJ4/joomla/components/com_mymuse/src/Dispatcher/Dispatcher.php:56
[14-Jan-2022 14:59:36 America/New_York] PHP   9. Joomla\Component\Mymuse\Site\Controller\DisplayController->execute() /var/www/html/mymuseJ4/joomla/libraries/src/Dispatcher/ComponentDispatcher.php:146
[14-Jan-2022 14:59:36 America/New_York] PHP  10. Joomla\Component\Mymuse\Site\Controller\DisplayController->display() /var/www/html/mymuseJ4/joomla/libraries/src/MVC/Controller/BaseController.php:730
[14-Jan-2022 14:59:36 America/New_York] PHP  11. Joomla\Component\Mymuse\Site\Controller\DisplayController->display() /var/www/html/mymuseJ4/joomla/components/com_mymuse/src/Controller/DisplayController.php:296
[14-Jan-2022 14:59:36 America/New_York] PHP  12. Joomla\Component\Mymuse\Site\View\Category\HtmlView->display() /var/www/html/mymuseJ4/joomla/libraries/src/MVC/Controller/BaseController.php:692
[14-Jan-2022 14:59:36 America/New_York] PHP  13. Joomla\Component\Mymuse\Site\View\Category\HtmlView->display() /var/www/html/mymuseJ4/joomla/components/com_mymuse/src/View/Category/HtmlView.php:211
[14-Jan-2022 14:59:36 America/New_York] PHP  14. Joomla\Component\Mymuse\Site\View\Category\HtmlView->display() /var/www/html/mymuseJ4/joomla/libraries/src/MVC/View/CategoryView.php:268
[14-Jan-2022 14:59:36 America/New_York] PHP  15. Joomla\Component\Mymuse\Site\View\Category\HtmlView->loadTemplate() /var/www/html/mymuseJ4/joomla/libraries/src/MVC/View/HtmlView.php:218
[14-Jan-2022 14:59:36 America/New_York] PHP  16. include() /var/www/html/mymuseJ4/joomla/libraries/src/MVC/View/HtmlView.php:429
[14-Jan-2022 14:59:36 America/New_York] PHP  17. Joomla\Component\Mymuse\Site\View\Category\HtmlView->loadTemplate() /var/www/html/mymuseJ4/joomla/components/com_mymuse/tmpl/category/blog.php:104
[14-Jan-2022 14:59:36 America/New_York] PHP  18. include() /var/www/html/mymuseJ4/joomla/libraries/src/MVC/View/HtmlView.php:429
[14-Jan-2022 14:59:36 America/New_York] PHP  19. Joomla\CMS\Layout\LayoutHelper::render() /var/www/html/mymuseJ4/joomla/components/com_mymuse/tmpl/category/blog_item.php:93
[14-Jan-2022 14:59:36 America/New_York] PHP  20. Joomla\CMS\Layout\FileLayout->render() /var/www/html/mymuseJ4/joomla/libraries/src/Layout/LayoutHelper.php:73
[14-Jan-2022 14:59:36 America/New_York] PHP  21. include() /var/www/html/mymuseJ4/joomla/libraries/src/Layout/FileLayout.php:128
[14-Jan-2022 14:59:36 America/New_York] PHP  22. Joomla\CMS\Layout\FileLayout->sublayout() /var/www/html/mymuseJ4/joomla/layouts/joomla/content/info_block.php:38
[14-Jan-2022 14:59:36 America/New_York] PHP  23. Joomla\CMS\Layout\FileLayout->render() /var/www/html/mymuseJ4/joomla/libraries/src/Layout/FileLayout.php:643
[14-Jan-2022 14:59:36 America/New_York] PHP  24. include() /var/www/html/mymuseJ4/joomla/libraries/src/Layout/FileLayout.php:128
[14-Jan-2022 14:59:36 America/New_York] PHP Notice:  Undefined property: stdClass::$readmore in /var/www/html/mymuseJ4/joomla/components/com_mymuse/tmpl/category/blog_item.php on line 118
[14-Jan-2022 14:59:36 America/New_York] PHP Stack trace:
[14-Jan-2022 14:59:36 America/New_York] PHP   1. {main}() /var/www/html/mymuseJ4/joomla/index.php:0
[14-Jan-2022 14:59:36 America/New_York] PHP   2. require_once() /var/www/html/mymuseJ4/joomla/index.php:32
[14-Jan-2022 14:59:36 America/New_York] PHP   3. Joomla\CMS\Application\SiteApplication->execute() /var/www/html/mymuseJ4/joomla/includes/app.php:63
[14-Jan-2022 14:59:36 America/New_York] PHP   4. Joomla\CMS\Application\SiteApplication->doExecute() /var/www/html/mymuseJ4/joomla/libraries/src/Application/CMSApplication.php:278
[14-Jan-2022 14:59:36 America/New_York] PHP   5. Joomla\CMS\Application\SiteApplication->dispatch() /var/www/html/mymuseJ4/joomla/libraries/src/Application/SiteApplication.php:245
[14-Jan-2022 14:59:36 America/New_York] PHP   6. Joomla\CMS\Component\ComponentHelper::renderComponent() /var/www/html/mymuseJ4/joomla/libraries/src/Application/SiteApplication.php:206
[14-Jan-2022 14:59:36 America/New_York] PHP   7. Joomla\Component\Mymuse\Site\Dispatcher\Dispatcher->dispatch() /var/www/html/mymuseJ4/joomla/libraries/src/Component/ComponentHelper.php:389
[14-Jan-2022 14:59:36 America/New_York] PHP   8. Joomla\Component\Mymuse\Site\Dispatcher\Dispatcher->dispatch() /var/www/html/mymuseJ4/joomla/components/com_mymuse/src/Dispatcher/Dispatcher.php:56
[14-Jan-2022 14:59:36 America/New_York] PHP   9. Joomla\Component\Mymuse\Site\Controller\DisplayController->execute() /var/www/html/mymuseJ4/joomla/libraries/src/Dispatcher/ComponentDispatcher.php:146
[14-Jan-2022 14:59:36 America/New_York] PHP  10. Joomla\Component\Mymuse\Site\Controller\DisplayController->display() /var/www/html/mymuseJ4/joomla/libraries/src/MVC/Controller/BaseController.php:730
[14-Jan-2022 14:59:36 America/New_York] PHP  11. Joomla\Component\Mymuse\Site\Controller\DisplayController->display() /var/www/html/mymuseJ4/joomla/components/com_mymuse/src/Controller/DisplayController.php:296
[14-Jan-2022 14:59:36 America/New_York] PHP  12. Joomla\Component\Mymuse\Site\View\Category\HtmlView->display() /var/www/html/mymuseJ4/joomla/libraries/src/MVC/Controller/BaseController.php:692
[14-Jan-2022 14:59:36 America/New_York] PHP  13. Joomla\Component\Mymuse\Site\View\Category\HtmlView->display() /var/www/html/mymuseJ4/joomla/components/com_mymuse/src/View/Category/HtmlView.php:211
[14-Jan-2022 14:59:36 America/New_York] PHP  14. Joomla\Component\Mymuse\Site\View\Category\HtmlView->display() /var/www/html/mymuseJ4/joomla/libraries/src/MVC/View/CategoryView.php:268
[14-Jan-2022 14:59:36 America/New_York] PHP  15. Joomla\Component\Mymuse\Site\View\Category\HtmlView->loadTemplate() /var/www/html/mymuseJ4/joomla/libraries/src/MVC/View/HtmlView.php:218
[14-Jan-2022 14:59:36 America/New_York] PHP  16. include() /var/www/html/mymuseJ4/joomla/libraries/src/MVC/View/HtmlView.php:429
[14-Jan-2022 14:59:36 America/New_York] PHP  17. Joomla\Component\Mymuse\Site\View\Category\HtmlView->loadTemplate() /var/www/html/mymuseJ4/joomla/components/com_mymuse/tmpl/category/blog.php:104
[14-Jan-2022 14:59:36 America/New_York] PHP  18. include() /var/www/html/mymuseJ4/joomla/libraries/src/MVC/View/HtmlView.php:429
[14-Jan-2022 14:59:36 America/New_York] PHP Notice:  Undefined property: stdClass::$category_language in /var/www/html/mymuseJ4/joomla/layouts/joomla/content/info_block/category.php on line 23
[14-Jan-2022 14:59:36 America/New_York] PHP Stack trace:
[14-Jan-2022 14:59:36 America/New_York] PHP   1. {main}() /var/www/html/mymuseJ4/joomla/index.php:0
[14-Jan-2022 14:59:36 America/New_York] PHP   2. require_once() /var/www/html/mymuseJ4/joomla/index.php:32
[14-Jan-2022 14:59:36 America/New_York] PHP   3. Joomla\CMS\Application\SiteApplication->execute() /var/www/html/mymuseJ4/joomla/includes/app.php:63
[14-Jan-2022 14:59:36 America/New_York] PHP   4. Joomla\CMS\Application\SiteApplication->doExecute() /var/www/html/mymuseJ4/joomla/libraries/src/Application/CMSApplication.php:278
[14-Jan-2022 14:59:36 America/New_York] PHP   5. Joomla\CMS\Application\SiteApplication->dispatch() /var/www/html/mymuseJ4/joomla/libraries/src/Application/SiteApplication.php:245
[14-Jan-2022 14:59:36 America/New_York] PHP   6. Joomla\CMS\Component\ComponentHelper::renderComponent() /var/www/html/mymuseJ4/joomla/libraries/src/Application/SiteApplication.php:206
[14-Jan-2022 14:59:36 America/New_York] PHP   7. Joomla\Component\Mymuse\Site\Dispatcher\Dispatcher->dispatch() /var/www/html/mymuseJ4/joomla/libraries/src/Component/ComponentHelper.php:389
[14-Jan-2022 14:59:36 America/New_York] PHP   8. Joomla\Component\Mymuse\Site\Dispatcher\Dispatcher->dispatch() /var/www/html/mymuseJ4/joomla/components/com_mymuse/src/Dispatcher/Dispatcher.php:56
[14-Jan-2022 14:59:36 America/New_York] PHP   9. Joomla\Component\Mymuse\Site\Controller\DisplayController->execute() /var/www/html/mymuseJ4/joomla/libraries/src/Dispatcher/ComponentDispatcher.php:146
[14-Jan-2022 14:59:36 America/New_York] PHP  10. Joomla\Component\Mymuse\Site\Controller\DisplayController->display() /var/www/html/mymuseJ4/joomla/libraries/src/MVC/Controller/BaseController.php:730
[14-Jan-2022 14:59:36 America/New_York] PHP  11. Joomla\Component\Mymuse\Site\Controller\DisplayController->display() /var/www/html/mymuseJ4/joomla/components/com_mymuse/src/Controller/DisplayController.php:296
[14-Jan-2022 14:59:36 America/New_York] PHP  12. Joomla\Component\Mymuse\Site\View\Category\HtmlView->display() /var/www/html/mymuseJ4/joomla/libraries/src/MVC/Controller/BaseController.php:692
[14-Jan-2022 14:59:36 America/New_York] PHP  13. Joomla\Component\Mymuse\Site\View\Category\HtmlView->display() /var/www/html/mymuseJ4/joomla/components/com_mymuse/src/View/Category/HtmlView.php:211
[14-Jan-2022 14:59:36 America/New_York] PHP  14. Joomla\Component\Mymuse\Site\View\Category\HtmlView->display() /var/www/html/mymuseJ4/joomla/libraries/src/MVC/View/CategoryView.php:268
[14-Jan-2022 14:59:36 America/New_York] PHP  15. Joomla\Component\Mymuse\Site\View\Category\HtmlView->loadTemplate() /var/www/html/mymuseJ4/joomla/libraries/src/MVC/View/HtmlView.php:218
[14-Jan-2022 14:59:36 America/New_York] PHP  16. include() /var/www/html/mymuseJ4/joomla/libraries/src/MVC/View/HtmlView.php:429
[14-Jan-2022 14:59:36 America/New_York] PHP  17. Joomla\Component\Mymuse\Site\View\Category\HtmlView->loadTemplate() /var/www/html/mymuseJ4/joomla/components/com_mymuse/tmpl/category/blog.php:129
[14-Jan-2022 14:59:36 America/New_York] PHP  18. include() /var/www/html/mymuseJ4/joomla/libraries/src/MVC/View/HtmlView.php:429
[14-Jan-2022 14:59:36 America/New_York] PHP  19. Joomla\CMS\Layout\LayoutHelper::render() /var/www/html/mymuseJ4/joomla/components/com_mymuse/tmpl/category/blog_item.php:93
[14-Jan-2022 14:59:36 America/New_York] PHP  20. Joomla\CMS\Layout\FileLayout->render() /var/www/html/mymuseJ4/joomla/libraries/src/Layout/LayoutHelper.php:73
[14-Jan-2022 14:59:36 America/New_York] PHP  21. include() /var/www/html/mymuseJ4/joomla/libraries/src/Layout/FileLayout.php:128
[14-Jan-2022 14:59:36 America/New_York] PHP  22. Joomla\CMS\Layout\FileLayout->sublayout() /var/www/html/mymuseJ4/joomla/layouts/joomla/content/info_block.php:38
[14-Jan-2022 14:59:36 America/New_York] PHP  23. Joomla\CMS\Layout\FileLayout->render() /var/www/html/mymuseJ4/joomla/libraries/src/Layout/FileLayout.php:643
[14-Jan-2022 14:59:36 America/New_York] PHP  24. include() /var/www/html/mymuseJ4/joomla/libraries/src/Layout/FileLayout.php:128
[14-Jan-2022 14:59:36 America/New_York] PHP Notice:  Undefined property: stdClass::$readmore in /var/www/html/mymuseJ4/joomla/components/com_mymuse/tmpl/category/blog_item.php on line 118
[14-Jan-2022 14:59:36 America/New_York] PHP Stack trace:
[14-Jan-2022 14:59:36 America/New_York] PHP   1. {main}() /var/www/html/mymuseJ4/joomla/index.php:0
[14-Jan-2022 14:59:36 America/New_York] PHP   2. require_once() /var/www/html/mymuseJ4/joomla/index.php:32
[14-Jan-2022 14:59:36 America/New_York] PHP   3. Joomla\CMS\Application\SiteApplication->execute() /var/www/html/mymuseJ4/joomla/includes/app.php:63
[14-Jan-2022 14:59:36 America/New_York] PHP   4. Joomla\CMS\Application\SiteApplication->doExecute() /var/www/html/mymuseJ4/joomla/libraries/src/Application/CMSApplication.php:278
[14-Jan-2022 14:59:36 America/New_York] PHP   5. Joomla\CMS\Application\SiteApplication->dispatch() /var/www/html/mymuseJ4/joomla/libraries/src/Application/SiteApplication.php:245
[14-Jan-2022 14:59:36 America/New_York] PHP   6. Joomla\CMS\Component\ComponentHelper::renderComponent() /var/www/html/mymuseJ4/joomla/libraries/src/Application/SiteApplication.php:206
[14-Jan-2022 14:59:36 America/New_York] PHP   7. Joomla\Component\Mymuse\Site\Dispatcher\Dispatcher->dispatch() /var/www/html/mymuseJ4/joomla/libraries/src/Component/ComponentHelper.php:389
[14-Jan-2022 14:59:36 America/New_York] PHP   8. Joomla\Component\Mymuse\Site\Dispatcher\Dispatcher->dispatch() /var/www/html/mymuseJ4/joomla/components/com_mymuse/src/Dispatcher/Dispatcher.php:56
[14-Jan-2022 14:59:36 America/New_York] PHP   9. Joomla\Component\Mymuse\Site\Controller\DisplayController->execute() /var/www/html/mymuseJ4/joomla/libraries/src/Dispatcher/ComponentDispatcher.php:146
[14-Jan-2022 14:59:36 America/New_York] PHP  10. Joomla\Component\Mymuse\Site\Controller\DisplayController->display() /var/www/html/mymuseJ4/joomla/libraries/src/MVC/Controller/BaseController.php:730
[14-Jan-2022 14:59:36 America/New_York] PHP  11. Joomla\Component\Mymuse\Site\Controller\DisplayController->display() /var/www/html/mymuseJ4/joomla/components/com_mymuse/src/Controller/DisplayController.php:296
[14-Jan-2022 14:59:36 America/New_York] PHP  12. Joomla\Component\Mymuse\Site\View\Category\HtmlView->display() /var/www/html/mymuseJ4/joomla/libraries/src/MVC/Controller/BaseController.php:692
[14-Jan-2022 14:59:36 America/New_York] PHP  13. Joomla\Component\Mymuse\Site\View\Category\HtmlView->display() /var/www/html/mymuseJ4/joomla/components/com_mymuse/src/View/Category/HtmlView.php:211
[14-Jan-2022 14:59:36 America/New_York] PHP  14. Joomla\Component\Mymuse\Site\View\Category\HtmlView->display() /var/www/html/mymuseJ4/joomla/libraries/src/MVC/View/CategoryView.php:268
[14-Jan-2022 14:59:36 America/New_York] PHP  15. Joomla\Component\Mymuse\Site\View\Category\HtmlView->loadTemplate() /var/www/html/mymuseJ4/joomla/libraries/src/MVC/View/HtmlView.php:218
[14-Jan-2022 14:59:36 America/New_York] PHP  16. include() /var/www/html/mymuseJ4/joomla/libraries/src/MVC/View/HtmlView.php:429
[14-Jan-2022 14:59:36 America/New_York] PHP  17. Joomla\Component\Mymuse\Site\View\Category\HtmlView->loadTemplate() /var/www/html/mymuseJ4/joomla/components/com_mymuse/tmpl/category/blog.php:129
[14-Jan-2022 14:59:36 America/New_York] PHP  18. include() /var/www/html/mymuseJ4/joomla/libraries/src/MVC/View/HtmlView.php:429
[14-Jan-2022 15:00:17 America/New_York] PHP Notice:  Undefined property: stdClass::$category_language in /var/www/html/mymuseJ4/joomla/layouts/joomla/content/info_block/category.php on line 23
[14-Jan-2022 15:00:17 America/New_York] PHP Stack trace:
[14-Jan-2022 15:00:17 America/New_York] PHP   1. {main}() /var/www/html/mymuseJ4/joomla/index.php:0
[14-Jan-2022 15:00:17 America/New_York] PHP   2. require_once() /var/www/html/mymuseJ4/joomla/index.php:32
[14-Jan-2022 15:00:17 America/New_York] PHP   3. Joomla\CMS\Application\SiteApplication->execute() /var/www/html/mymuseJ4/joomla/includes/app.php:63
[14-Jan-2022 15:00:17 America/New_York] PHP   4. Joomla\CMS\Application\SiteApplication->doExecute() /var/www/html/mymuseJ4/joomla/libraries/src/Application/CMSApplication.php:278
[14-Jan-2022 15:00:17 America/New_York] PHP   5. Joomla\CMS\Application\SiteApplication->dispatch() /var/www/html/mymuseJ4/joomla/libraries/src/Application/SiteApplication.php:245
[14-Jan-2022 15:00:17 America/New_York] PHP   6. Joomla\CMS\Component\ComponentHelper::renderComponent() /var/www/html/mymuseJ4/joomla/libraries/src/Application/SiteApplication.php:206
[14-Jan-2022 15:00:17 America/New_York] PHP   7. Joomla\Component\Mymuse\Site\Dispatcher\Dispatcher->dispatch() /var/www/html/mymuseJ4/joomla/libraries/src/Component/ComponentHelper.php:389
[14-Jan-2022 15:00:17 America/New_York] PHP   8. Joomla\Component\Mymuse\Site\Dispatcher\Dispatcher->dispatch() /var/www/html/mymuseJ4/joomla/components/com_mymuse/src/Dispatcher/Dispatcher.php:56
[14-Jan-2022 15:00:17 America/New_York] PHP   9. Joomla\Component\Mymuse\Site\Controller\DisplayController->execute() /var/www/html/mymuseJ4/joomla/libraries/src/Dispatcher/ComponentDispatcher.php:146
[14-Jan-2022 15:00:17 America/New_York] PHP  10. Joomla\Component\Mymuse\Site\Controller\DisplayController->display() /var/www/html/mymuseJ4/joomla/libraries/src/MVC/Controller/BaseController.php:730
[14-Jan-2022 15:00:17 America/New_York] PHP  11. Joomla\Component\Mymuse\Site\Controller\DisplayController->display() /var/www/html/mymuseJ4/joomla/components/com_mymuse/src/Controller/DisplayController.php:296
[14-Jan-2022 15:00:17 America/New_York] PHP  12. Joomla\Component\Mymuse\Site\View\Category\HtmlView->display() /var/www/html/mymuseJ4/joomla/libraries/src/MVC/Controller/BaseController.php:692
[14-Jan-2022 15:00:17 America/New_York] PHP  13. Joomla\Component\Mymuse\Site\View\Category\HtmlView->display() /var/www/html/mymuseJ4/joomla/components/com_mymuse/src/View/Category/HtmlView.php:211
[14-Jan-2022 15:00:17 America/New_York] PHP  14. Joomla\Component\Mymuse\Site\View\Category\HtmlView->display() /var/www/html/mymuseJ4/joomla/libraries/src/MVC/View/CategoryView.php:268
[14-Jan-2022 15:00:17 America/New_York] PHP  15. Joomla\Component\Mymuse\Site\View\Category\HtmlView->loadTemplate() /var/www/html/mymuseJ4/joomla/libraries/src/MVC/View/HtmlView.php:218
[14-Jan-2022 15:00:17 America/New_York] PHP  16. include() /var/www/html/mymuseJ4/joomla/libraries/src/MVC/View/HtmlView.php:429
[14-Jan-2022 15:00:17 America/New_York] PHP  17. Joomla\Component\Mymuse\Site\View\Category\HtmlView->loadTemplate() /var/www/html/mymuseJ4/joomla/components/com_mymuse/tmpl/category/blog.php:104
[14-Jan-2022 15:00:17 America/New_York] PHP  18. include() /var/www/html/mymuseJ4/joomla/libraries/src/MVC/View/HtmlView.php:429
[14-Jan-2022 15:00:17 America/New_York] PHP  19. Joomla\CMS\Layout\LayoutHelper::render() /var/www/html/mymuseJ4/joomla/components/com_mymuse/tmpl/category/blog_item.php:93
[14-Jan-2022 15:00:17 America/New_York] PHP  20. Joomla\CMS\Layout\FileLayout->render() /var/www/html/mymuseJ4/joomla/libraries/src/Layout/LayoutHelper.php:73
[14-Jan-2022 15:00:17 America/New_York] PHP  21. include() /var/www/html/mymuseJ4/joomla/libraries/src/Layout/FileLayout.php:128
[14-Jan-2022 15:00:17 America/New_York] PHP  22. Joomla\CMS\Layout\FileLayout->sublayout() /var/www/html/mymuseJ4/joomla/layouts/joomla/content/info_block.php:38
[14-Jan-2022 15:00:17 America/New_York] PHP  23. Joomla\CMS\Layout\FileLayout->render() /var/www/html/mymuseJ4/joomla/libraries/src/Layout/FileLayout.php:643
[14-Jan-2022 15:00:17 America/New_York] PHP  24. include() /var/www/html/mymuseJ4/joomla/libraries/src/Layout/FileLayout.php:128
[14-Jan-2022 15:00:17 America/New_York] PHP Notice:  Undefined property: stdClass::$readmore in /var/www/html/mymuseJ4/joomla/components/com_mymuse/tmpl/category/blog_item.php on line 118
[14-Jan-2022 15:00:17 America/New_York] PHP Stack trace:
[14-Jan-2022 15:00:17 America/New_York] PHP   1. {main}() /var/www/html/mymuseJ4/joomla/index.php:0
[14-Jan-2022 15:00:17 America/New_York] PHP   2. require_once() /var/www/html/mymuseJ4/joomla/index.php:32
[14-Jan-2022 15:00:17 America/New_York] PHP   3. Joomla\CMS\Application\SiteApplication->execute() /var/www/html/mymuseJ4/joomla/includes/app.php:63
[14-Jan-2022 15:00:17 America/New_York] PHP   4. Joomla\CMS\Application\SiteApplication->doExecute() /var/www/html/mymuseJ4/joomla/libraries/src/Application/CMSApplication.php:278
[14-Jan-2022 15:00:17 America/New_York] PHP   5. Joomla\CMS\Application\SiteApplication->dispatch() /var/www/html/mymuseJ4/joomla/libraries/src/Application/SiteApplication.php:245
[14-Jan-2022 15:00:17 America/New_York] PHP   6. Joomla\CMS\Component\ComponentHelper::renderComponent() /var/www/html/mymuseJ4/joomla/libraries/src/Application/SiteApplication.php:206
[14-Jan-2022 15:00:17 America/New_York] PHP   7. Joomla\Component\Mymuse\Site\Dispatcher\Dispatcher->dispatch() /var/www/html/mymuseJ4/joomla/libraries/src/Component/ComponentHelper.php:389
[14-Jan-2022 15:00:17 America/New_York] PHP   8. Joomla\Component\Mymuse\Site\Dispatcher\Dispatcher->dispatch() /var/www/html/mymuseJ4/joomla/components/com_mymuse/src/Dispatcher/Dispatcher.php:56
[14-Jan-2022 15:00:17 America/New_York] PHP   9. Joomla\Component\Mymuse\Site\Controller\DisplayController->execute() /var/www/html/mymuseJ4/joomla/libraries/src/Dispatcher/ComponentDispatcher.php:146
[14-Jan-2022 15:00:17 America/New_York] PHP  10. Joomla\Component\Mymuse\Site\Controller\DisplayController->display() /var/www/html/mymuseJ4/joomla/libraries/src/MVC/Controller/BaseController.php:730
[14-Jan-2022 15:00:17 America/New_York] PHP  11. Joomla\Component\Mymuse\Site\Controller\DisplayController->display() /var/www/html/mymuseJ4/joomla/components/com_mymuse/src/Controller/DisplayController.php:296
[14-Jan-2022 15:00:17 America/New_York] PHP  12. Joomla\Component\Mymuse\Site\View\Category\HtmlView->display() /var/www/html/mymuseJ4/joomla/libraries/src/MVC/Controller/BaseController.php:692
[14-Jan-2022 15:00:17 America/New_York] PHP  13. Joomla\Component\Mymuse\Site\View\Category\HtmlView->display() /var/www/html/mymuseJ4/joomla/components/com_mymuse/src/View/Category/HtmlView.php:211
[14-Jan-2022 15:00:17 America/New_York] PHP  14. Joomla\Component\Mymuse\Site\View\Category\HtmlView->display() /var/www/html/mymuseJ4/joomla/libraries/src/MVC/View/CategoryView.php:268
[14-Jan-2022 15:00:17 America/New_York] PHP  15. Joomla\Component\Mymuse\Site\View\Category\HtmlView->loadTemplate() /var/www/html/mymuseJ4/joomla/libraries/src/MVC/View/HtmlView.php:218
[14-Jan-2022 15:00:17 America/New_York] PHP  16. include() /var/www/html/mymuseJ4/joomla/libraries/src/MVC/View/HtmlView.php:429
[14-Jan-2022 15:00:17 America/New_York] PHP  17. Joomla\Component\Mymuse\Site\View\Category\HtmlView->loadTemplate() /var/www/html/mymuseJ4/joomla/components/com_mymuse/tmpl/category/blog.php:104
[14-Jan-2022 15:00:17 America/New_York] PHP  18. include() /var/www/html/mymuseJ4/joomla/libraries/src/MVC/View/HtmlView.php:429
[14-Jan-2022 15:00:17 America/New_York] PHP Notice:  Undefined property: stdClass::$category_language in /var/www/html/mymuseJ4/joomla/layouts/joomla/content/info_block/category.php on line 23
[14-Jan-2022 15:00:17 America/New_York] PHP Stack trace:
[14-Jan-2022 15:00:17 America/New_York] PHP   1. {main}() /var/www/html/mymuseJ4/joomla/index.php:0
[14-Jan-2022 15:00:17 America/New_York] PHP   2. require_once() /var/www/html/mymuseJ4/joomla/index.php:32
[14-Jan-2022 15:00:17 America/New_York] PHP   3. Joomla\CMS\Application\SiteApplication->execute() /var/www/html/mymuseJ4/joomla/includes/app.php:63
[14-Jan-2022 15:00:17 America/New_York] PHP   4. Joomla\CMS\Application\SiteApplication->doExecute() /var/www/html/mymuseJ4/joomla/libraries/src/Application/CMSApplication.php:278
[14-Jan-2022 15:00:17 America/New_York] PHP   5. Joomla\CMS\Application\SiteApplication->dispatch() /var/www/html/mymuseJ4/joomla/libraries/src/Application/SiteApplication.php:245
[14-Jan-2022 15:00:17 America/New_York] PHP   6. Joomla\CMS\Component\ComponentHelper::renderComponent() /var/www/html/mymuseJ4/joomla/libraries/src/Application/SiteApplication.php:206
[14-Jan-2022 15:00:17 America/New_York] PHP   7. Joomla\Component\Mymuse\Site\Dispatcher\Dispatcher->dispatch() /var/www/html/mymuseJ4/joomla/libraries/src/Component/ComponentHelper.php:389
[14-Jan-2022 15:00:17 America/New_York] PHP   8. Joomla\Component\Mymuse\Site\Dispatcher\Dispatcher->dispatch() /var/www/html/mymuseJ4/joomla/components/com_mymuse/src/Dispatcher/Dispatcher.php:56
[14-Jan-2022 15:00:17 America/New_York] PHP   9. Joomla\Component\Mymuse\Site\Controller\DisplayController->execute() /var/www/html/mymuseJ4/joomla/libraries/src/Dispatcher/ComponentDispatcher.php:146
[14-Jan-2022 15:00:17 America/New_York] PHP  10. Joomla\Component\Mymuse\Site\Controller\DisplayController->display() /var/www/html/mymuseJ4/joomla/libraries/src/MVC/Controller/BaseController.php:730
[14-Jan-2022 15:00:17 America/New_York] PHP  11. Joomla\Component\Mymuse\Site\Controller\DisplayController->display() /var/www/html/mymuseJ4/joomla/components/com_mymuse/src/Controller/DisplayController.php:296
[14-Jan-2022 15:00:17 America/New_York] PHP  12. Joomla\Component\Mymuse\Site\View\Category\HtmlView->display() /var/www/html/mymuseJ4/joomla/libraries/src/MVC/Controller/BaseController.php:692
[14-Jan-2022 15:00:17 America/New_York] PHP  13. Joomla\Component\Mymuse\Site\View\Category\HtmlView->display() /var/www/html/mymuseJ4/joomla/components/com_mymuse/src/View/Category/HtmlView.php:211
[14-Jan-2022 15:00:17 America/New_York] PHP  14. Joomla\Component\Mymuse\Site\View\Category\HtmlView->display() /var/www/html/mymuseJ4/joomla/libraries/src/MVC/View/CategoryView.php:268
[14-Jan-2022 15:00:17 America/New_York] PHP  15. Joomla\Component\Mymuse\Site\View\Category\HtmlView->loadTemplate() /var/www/html/mymuseJ4/joomla/libraries/src/MVC/View/HtmlView.php:218
[14-Jan-2022 15:00:17 America/New_York] PHP  16. include() /var/www/html/mymuseJ4/joomla/libraries/src/MVC/View/HtmlView.php:429
[14-Jan-2022 15:00:17 America/New_York] PHP  17. Joomla\Component\Mymuse\Site\View\Category\HtmlView->loadTemplate() /var/www/html/mymuseJ4/joomla/components/com_mymuse/tmpl/category/blog.php:129
[14-Jan-2022 15:00:17 America/New_York] PHP  18. include() /var/www/html/mymuseJ4/joomla/libraries/src/MVC/View/HtmlView.php:429
[14-Jan-2022 15:00:17 America/New_York] PHP  19. Joomla\CMS\Layout\LayoutHelper::render() /var/www/html/mymuseJ4/joomla/components/com_mymuse/tmpl/category/blog_item.php:93
[14-Jan-2022 15:00:17 America/New_York] PHP  20. Joomla\CMS\Layout\FileLayout->render() /var/www/html/mymuseJ4/joomla/libraries/src/Layout/LayoutHelper.php:73
[14-Jan-2022 15:00:17 America/New_York] PHP  21. include() /var/www/html/mymuseJ4/joomla/libraries/src/Layout/FileLayout.php:128
[14-Jan-2022 15:00:17 America/New_York] PHP  22. Joomla\CMS\Layout\FileLayout->sublayout() /var/www/html/mymuseJ4/joomla/layouts/joomla/content/info_block.php:38
[14-Jan-2022 15:00:17 America/New_York] PHP  23. Joomla\CMS\Layout\FileLayout->render() /var/www/html/mymuseJ4/joomla/libraries/src/Layout/FileLayout.php:643
[14-Jan-2022 15:00:17 America/New_York] PHP  24. include() /var/www/html/mymuseJ4/joomla/libraries/src/Layout/FileLayout.php:128
[14-Jan-2022 15:00:17 America/New_York] PHP Notice:  Undefined property: stdClass::$readmore in /var/www/html/mymuseJ4/joomla/components/com_mymuse/tmpl/category/blog_item.php on line 118
[14-Jan-2022 15:00:17 America/New_York] PHP Stack trace:
[14-Jan-2022 15:00:17 America/New_York] PHP   1. {main}() /var/www/html/mymuseJ4/joomla/index.php:0
[14-Jan-2022 15:00:17 America/New_York] PHP   2. require_once() /var/www/html/mymuseJ4/joomla/index.php:32
[14-Jan-2022 15:00:17 America/New_York] PHP   3. Joomla\CMS\Application\SiteApplication->execute() /var/www/html/mymuseJ4/joomla/includes/app.php:63
[14-Jan-2022 15:00:17 America/New_York] PHP   4. Joomla\CMS\Application\SiteApplication->doExecute() /var/www/html/mymuseJ4/joomla/libraries/src/Application/CMSApplication.php:278
[14-Jan-2022 15:00:17 America/New_York] PHP   5. Joomla\CMS\Application\SiteApplication->dispatch() /var/www/html/mymuseJ4/joomla/libraries/src/Application/SiteApplication.php:245
[14-Jan-2022 15:00:17 America/New_York] PHP   6. Joomla\CMS\Component\ComponentHelper::renderComponent() /var/www/html/mymuseJ4/joomla/libraries/src/Application/SiteApplication.php:206
[14-Jan-2022 15:00:17 America/New_York] PHP   7. Joomla\Component\Mymuse\Site\Dispatcher\Dispatcher->dispatch() /var/www/html/mymuseJ4/joomla/libraries/src/Component/ComponentHelper.php:389
[14-Jan-2022 15:00:17 America/New_York] PHP   8. Joomla\Component\Mymuse\Site\Dispatcher\Dispatcher->dispatch() /var/www/html/mymuseJ4/joomla/components/com_mymuse/src/Dispatcher/Dispatcher.php:56
[14-Jan-2022 15:00:17 America/New_York] PHP   9. Joomla\Component\Mymuse\Site\Controller\DisplayController->execute() /var/www/html/mymuseJ4/joomla/libraries/src/Dispatcher/ComponentDispatcher.php:146
[14-Jan-2022 15:00:17 America/New_York] PHP  10. Joomla\Component\Mymuse\Site\Controller\DisplayController->display() /var/www/html/mymuseJ4/joomla/libraries/src/MVC/Controller/BaseController.php:730
[14-Jan-2022 15:00:17 America/New_York] PHP  11. Joomla\Component\Mymuse\Site\Controller\DisplayController->display() /var/www/html/mymuseJ4/joomla/components/com_mymuse/src/Controller/DisplayController.php:296
[14-Jan-2022 15:00:17 America/New_York] PHP  12. Joomla\Component\Mymuse\Site\View\Category\HtmlView->display() /var/www/html/mymuseJ4/joomla/libraries/src/MVC/Controller/BaseController.php:692
[14-Jan-2022 15:00:17 America/New_York] PHP  13. Joomla\Component\Mymuse\Site\View\Category\HtmlView->display() /var/www/html/mymuseJ4/joomla/components/com_mymuse/src/View/Category/HtmlView.php:211
[14-Jan-2022 15:00:17 America/New_York] PHP  14. Joomla\Component\Mymuse\Site\View\Category\HtmlView->display() /var/www/html/mymuseJ4/joomla/libraries/src/MVC/View/CategoryView.php:268
[14-Jan-2022 15:00:17 America/New_York] PHP  15. Joomla\Component\Mymuse\Site\View\Category\HtmlView->loadTemplate() /var/www/html/mymuseJ4/joomla/libraries/src/MVC/View/HtmlView.php:218
[14-Jan-2022 15:00:17 America/New_York] PHP  16. include() /var/www/html/mymuseJ4/joomla/libraries/src/MVC/View/HtmlView.php:429
[14-Jan-2022 15:00:17 America/New_York] PHP  17. Joomla\Component\Mymuse\Site\View\Category\HtmlView->loadTemplate() /var/www/html/mymuseJ4/joomla/components/com_mymuse/tmpl/category/blog.php:129
[14-Jan-2022 15:00:17 America/New_York] PHP  18. include() /var/www/html/mymuseJ4/joomla/libraries/src/MVC/View/HtmlView.php:429
[14-Jan-2022 15:00:48 America/New_York] PHP Notice:  Undefined property: stdClass::$category_language in /var/www/html/mymuseJ4/joomla/layouts/joomla/content/info_block/category.php on line 23
[14-Jan-2022 15:00:48 America/New_York] PHP Stack trace:
[14-Jan-2022 15:00:48 America/New_York] PHP   1. {main}() /var/www/html/mymuseJ4/joomla/index.php:0
[14-Jan-2022 15:00:48 America/New_York] PHP   2. require_once() /var/www/html/mymuseJ4/joomla/index.php:32
[14-Jan-2022 15:00:48 America/New_York] PHP   3. Joomla\CMS\Application\SiteApplication->execute() /var/www/html/mymuseJ4/joomla/includes/app.php:63
[14-Jan-2022 15:00:48 America/New_York] PHP   4. Joomla\CMS\Application\SiteApplication->doExecute() /var/www/html/mymuseJ4/joomla/libraries/src/Application/CMSApplication.php:278
[14-Jan-2022 15:00:48 America/New_York] PHP   5. Joomla\CMS\Application\SiteApplication->dispatch() /var/www/html/mymuseJ4/joomla/libraries/src/Application/SiteApplication.php:245
[14-Jan-2022 15:00:48 America/New_York] PHP   6. Joomla\CMS\Component\ComponentHelper::renderComponent() /var/www/html/mymuseJ4/joomla/libraries/src/Application/SiteApplication.php:206
[14-Jan-2022 15:00:48 America/New_York] PHP   7. Joomla\Component\Mymuse\Site\Dispatcher\Dispatcher->dispatch() /var/www/html/mymuseJ4/joomla/libraries/src/Component/ComponentHelper.php:389
[14-Jan-2022 15:00:48 America/New_York] PHP   8. Joomla\Component\Mymuse\Site\Dispatcher\Dispatcher->dispatch() /var/www/html/mymuseJ4/joomla/components/com_mymuse/src/Dispatcher/Dispatcher.php:56
[14-Jan-2022 15:00:48 America/New_York] PHP   9. Joomla\Component\Mymuse\Site\Controller\DisplayController->execute() /var/www/html/mymuseJ4/joomla/libraries/src/Dispatcher/ComponentDispatcher.php:146
[14-Jan-2022 15:00:48 America/New_York] PHP  10. Joomla\Component\Mymuse\Site\Controller\DisplayController->display() /var/www/html/mymuseJ4/joomla/libraries/src/MVC/Controller/BaseController.php:730
[14-Jan-2022 15:00:48 America/New_York] PHP  11. Joomla\Component\Mymuse\Site\Controller\DisplayController->display() /var/www/html/mymuseJ4/joomla/components/com_mymuse/src/Controller/DisplayController.php:296
[14-Jan-2022 15:00:48 America/New_York] PHP  12. Joomla\Component\Mymuse\Site\View\Category\HtmlView->display() /var/www/html/mymuseJ4/joomla/libraries/src/MVC/Controller/BaseController.php:692
[14-Jan-2022 15:00:48 America/New_York] PHP  13. Joomla\Component\Mymuse\Site\View\Category\HtmlView->display() /var/www/html/mymuseJ4/joomla/components/com_mymuse/src/View/Category/HtmlView.php:211
[14-Jan-2022 15:00:48 America/New_York] PHP  14. Joomla\Component\Mymuse\Site\View\Category\HtmlView->display() /var/www/html/mymuseJ4/joomla/libraries/src/MVC/View/CategoryView.php:268
[14-Jan-2022 15:00:48 America/New_York] PHP  15. Joomla\Component\Mymuse\Site\View\Category\HtmlView->loadTemplate() /var/www/html/mymuseJ4/joomla/libraries/src/MVC/View/HtmlView.php:218
[14-Jan-2022 15:00:48 America/New_York] PHP  16. include() /var/www/html/mymuseJ4/joomla/libraries/src/MVC/View/HtmlView.php:429
[14-Jan-2022 15:00:48 America/New_York] PHP  17. Joomla\Component\Mymuse\Site\View\Category\HtmlView->loadTemplate() /var/www/html/mymuseJ4/joomla/components/com_mymuse/tmpl/category/blog.php:104
[14-Jan-2022 15:00:48 America/New_York] PHP  18. include() /var/www/html/mymuseJ4/joomla/libraries/src/MVC/View/HtmlView.php:429
[14-Jan-2022 15:00:48 America/New_York] PHP  19. Joomla\CMS\Layout\LayoutHelper::render() /var/www/html/mymuseJ4/joomla/components/com_mymuse/tmpl/category/blog_item.php:93
[14-Jan-2022 15:00:48 America/New_York] PHP  20. Joomla\CMS\Layout\FileLayout->render() /var/www/html/mymuseJ4/joomla/libraries/src/Layout/LayoutHelper.php:73
[14-Jan-2022 15:00:48 America/New_York] PHP  21. include() /var/www/html/mymuseJ4/joomla/libraries/src/Layout/FileLayout.php:128
[14-Jan-2022 15:00:48 America/New_York] PHP  22. Joomla\CMS\Layout\FileLayout->sublayout() /var/www/html/mymuseJ4/joomla/layouts/joomla/content/info_block.php:38
[14-Jan-2022 15:00:48 America/New_York] PHP  23. Joomla\CMS\Layout\FileLayout->render() /var/www/html/mymuseJ4/joomla/libraries/src/Layout/FileLayout.php:643
[14-Jan-2022 15:00:48 America/New_York] PHP  24. include() /var/www/html/mymuseJ4/joomla/libraries/src/Layout/FileLayout.php:128
[14-Jan-2022 15:00:48 America/New_York] PHP Notice:  Undefined property: stdClass::$readmore in /var/www/html/mymuseJ4/joomla/components/com_mymuse/tmpl/category/blog_item.php on line 118
[14-Jan-2022 15:00:48 America/New_York] PHP Stack trace:
[14-Jan-2022 15:00:48 America/New_York] PHP   1. {main}() /var/www/html/mymuseJ4/joomla/index.php:0
[14-Jan-2022 15:00:48 America/New_York] PHP   2. require_once() /var/www/html/mymuseJ4/joomla/index.php:32
[14-Jan-2022 15:00:48 America/New_York] PHP   3. Joomla\CMS\Application\SiteApplication->execute() /var/www/html/mymuseJ4/joomla/includes/app.php:63
[14-Jan-2022 15:00:48 America/New_York] PHP   4. Joomla\CMS\Application\SiteApplication->doExecute() /var/www/html/mymuseJ4/joomla/libraries/src/Application/CMSApplication.php:278
[14-Jan-2022 15:00:48 America/New_York] PHP   5. Joomla\CMS\Application\SiteApplication->dispatch() /var/www/html/mymuseJ4/joomla/libraries/src/Application/SiteApplication.php:245
[14-Jan-2022 15:00:48 America/New_York] PHP   6. Joomla\CMS\Component\ComponentHelper::renderComponent() /var/www/html/mymuseJ4/joomla/libraries/src/Application/SiteApplication.php:206
[14-Jan-2022 15:00:48 America/New_York] PHP   7. Joomla\Component\Mymuse\Site\Dispatcher\Dispatcher->dispatch() /var/www/html/mymuseJ4/joomla/libraries/src/Component/ComponentHelper.php:389
[14-Jan-2022 15:00:48 America/New_York] PHP   8. Joomla\Component\Mymuse\Site\Dispatcher\Dispatcher->dispatch() /var/www/html/mymuseJ4/joomla/components/com_mymuse/src/Dispatcher/Dispatcher.php:56
[14-Jan-2022 15:00:48 America/New_York] PHP   9. Joomla\Component\Mymuse\Site\Controller\DisplayController->execute() /var/www/html/mymuseJ4/joomla/libraries/src/Dispatcher/ComponentDispatcher.php:146
[14-Jan-2022 15:00:48 America/New_York] PHP  10. Joomla\Component\Mymuse\Site\Controller\DisplayController->display() /var/www/html/mymuseJ4/joomla/libraries/src/MVC/Controller/BaseController.php:730
[14-Jan-2022 15:00:48 America/New_York] PHP  11. Joomla\Component\Mymuse\Site\Controller\DisplayController->display() /var/www/html/mymuseJ4/joomla/components/com_mymuse/src/Controller/DisplayController.php:296
[14-Jan-2022 15:00:48 America/New_York] PHP  12. Joomla\Component\Mymuse\Site\View\Category\HtmlView->display() /var/www/html/mymuseJ4/joomla/libraries/src/MVC/Controller/BaseController.php:692
[14-Jan-2022 15:00:48 America/New_York] PHP  13. Joomla\Component\Mymuse\Site\View\Category\HtmlView->display() /var/www/html/mymuseJ4/joomla/components/com_mymuse/src/View/Category/HtmlView.php:211
[14-Jan-2022 15:00:48 America/New_York] PHP  14. Joomla\Component\Mymuse\Site\View\Category\HtmlView->display() /var/www/html/mymuseJ4/joomla/libraries/src/MVC/View/CategoryView.php:268
[14-Jan-2022 15:00:48 America/New_York] PHP  15. Joomla\Component\Mymuse\Site\View\Category\HtmlView->loadTemplate() /var/www/html/mymuseJ4/joomla/libraries/src/MVC/View/HtmlView.php:218
[14-Jan-2022 15:00:48 America/New_York] PHP  16. include() /var/www/html/mymuseJ4/joomla/libraries/src/MVC/View/HtmlView.php:429
[14-Jan-2022 15:00:48 America/New_York] PHP  17. Joomla\Component\Mymuse\Site\View\Category\HtmlView->loadTemplate() /var/www/html/mymuseJ4/joomla/components/com_mymuse/tmpl/category/blog.php:104
[14-Jan-2022 15:00:48 America/New_York] PHP  18. include() /var/www/html/mymuseJ4/joomla/libraries/src/MVC/View/HtmlView.php:429
[14-Jan-2022 15:00:48 America/New_York] PHP Notice:  Undefined property: stdClass::$category_language in /var/www/html/mymuseJ4/joomla/layouts/joomla/content/info_block/category.php on line 23
[14-Jan-2022 15:00:48 America/New_York] PHP Stack trace:
[14-Jan-2022 15:00:48 America/New_York] PHP   1. {main}() /var/www/html/mymuseJ4/joomla/index.php:0
[14-Jan-2022 15:00:48 America/New_York] PHP   2. require_once() /var/www/html/mymuseJ4/joomla/index.php:32
[14-Jan-2022 15:00:48 America/New_York] PHP   3. Joomla\CMS\Application\SiteApplication->execute() /var/www/html/mymuseJ4/joomla/includes/app.php:63
[14-Jan-2022 15:00:48 America/New_York] PHP   4. Joomla\CMS\Application\SiteApplication->doExecute() /var/www/html/mymuseJ4/joomla/libraries/src/Application/CMSApplication.php:278
[14-Jan-2022 15:00:48 America/New_York] PHP   5. Joomla\CMS\Application\SiteApplication->dispatch() /var/www/html/mymuseJ4/joomla/libraries/src/Application/SiteApplication.php:245
[14-Jan-2022 15:00:48 America/New_York] PHP   6. Joomla\CMS\Component\ComponentHelper::renderComponent() /var/www/html/mymuseJ4/joomla/libraries/src/Application/SiteApplication.php:206
[14-Jan-2022 15:00:48 America/New_York] PHP   7. Joomla\Component\Mymuse\Site\Dispatcher\Dispatcher->dispatch() /var/www/html/mymuseJ4/joomla/libraries/src/Component/ComponentHelper.php:389
[14-Jan-2022 15:00:48 America/New_York] PHP   8. Joomla\Component\Mymuse\Site\Dispatcher\Dispatcher->dispatch() /var/www/html/mymuseJ4/joomla/components/com_mymuse/src/Dispatcher/Dispatcher.php:56
[14-Jan-2022 15:00:48 America/New_York] PHP   9. Joomla\Component\Mymuse\Site\Controller\DisplayController->execute() /var/www/html/mymuseJ4/joomla/libraries/src/Dispatcher/ComponentDispatcher.php:146
[14-Jan-2022 15:00:48 America/New_York] PHP  10. Joomla\Component\Mymuse\Site\Controller\DisplayController->display() /var/www/html/mymuseJ4/joomla/libraries/src/MVC/Controller/BaseController.php:730
[14-Jan-2022 15:00:48 America/New_York] PHP  11. Joomla\Component\Mymuse\Site\Controller\DisplayController->display() /var/www/html/mymuseJ4/joomla/components/com_mymuse/src/Controller/DisplayController.php:296
[14-Jan-2022 15:00:48 America/New_York] PHP  12. Joomla\Component\Mymuse\Site\View\Category\HtmlView->display() /var/www/html/mymuseJ4/joomla/libraries/src/MVC/Controller/BaseController.php:692
[14-Jan-2022 15:00:48 America/New_York] PHP  13. Joomla\Component\Mymuse\Site\View\Category\HtmlView->display() /var/www/html/mymuseJ4/joomla/components/com_mymuse/src/View/Category/HtmlView.php:211
[14-Jan-2022 15:00:48 America/New_York] PHP  14. Joomla\Component\Mymuse\Site\View\Category\HtmlView->display() /var/www/html/mymuseJ4/joomla/libraries/src/MVC/View/CategoryView.php:268
[14-Jan-2022 15:00:48 America/New_York] PHP  15. Joomla\Component\Mymuse\Site\View\Category\HtmlView->loadTemplate() /var/www/html/mymuseJ4/joomla/libraries/src/MVC/View/HtmlView.php:218
[14-Jan-2022 15:00:48 America/New_York] PHP  16. include() /var/www/html/mymuseJ4/joomla/libraries/src/MVC/View/HtmlView.php:429
[14-Jan-2022 15:00:48 America/New_York] PHP  17. Joomla\Component\Mymuse\Site\View\Category\HtmlView->loadTemplate() /var/www/html/mymuseJ4/joomla/components/com_mymuse/tmpl/category/blog.php:129
[14-Jan-2022 15:00:48 America/New_York] PHP  18. include() /var/www/html/mymuseJ4/joomla/libraries/src/MVC/View/HtmlView.php:429
[14-Jan-2022 15:00:48 America/New_York] PHP  19. Joomla\CMS\Layout\LayoutHelper::render() /var/www/html/mymuseJ4/joomla/components/com_mymuse/tmpl/category/blog_item.php:93
[14-Jan-2022 15:00:48 America/New_York] PHP  20. Joomla\CMS\Layout\FileLayout->render() /var/www/html/mymuseJ4/joomla/libraries/src/Layout/LayoutHelper.php:73
[14-Jan-2022 15:00:48 America/New_York] PHP  21. include() /var/www/html/mymuseJ4/joomla/libraries/src/Layout/FileLayout.php:128
[14-Jan-2022 15:00:48 America/New_York] PHP  22. Joomla\CMS\Layout\FileLayout->sublayout() /var/www/html/mymuseJ4/joomla/layouts/joomla/content/info_block.php:38
[14-Jan-2022 15:00:48 America/New_York] PHP  23. Joomla\CMS\Layout\FileLayout->render() /var/www/html/mymuseJ4/joomla/libraries/src/Layout/FileLayout.php:643
[14-Jan-2022 15:00:48 America/New_York] PHP  24. include() /var/www/html/mymuseJ4/joomla/libraries/src/Layout/FileLayout.php:128
[14-Jan-2022 15:00:48 America/New_York] PHP Notice:  Undefined property: stdClass::$readmore in /var/www/html/mymuseJ4/joomla/components/com_mymuse/tmpl/category/blog_item.php on line 118
[14-Jan-2022 15:00:48 America/New_York] PHP Stack trace:
[14-Jan-2022 15:00:48 America/New_York] PHP   1. {main}() /var/www/html/mymuseJ4/joomla/index.php:0
[14-Jan-2022 15:00:48 America/New_York] PHP   2. require_once() /var/www/html/mymuseJ4/joomla/index.php:32
[14-Jan-2022 15:00:48 America/New_York] PHP   3. Joomla\CMS\Application\SiteApplication->execute() /var/www/html/mymuseJ4/joomla/includes/app.php:63
[14-Jan-2022 15:00:48 America/New_York] PHP   4. Joomla\CMS\Application\SiteApplication->doExecute() /var/www/html/mymuseJ4/joomla/libraries/src/Application/CMSApplication.php:278
[14-Jan-2022 15:00:48 America/New_York] PHP   5. Joomla\CMS\Application\SiteApplication->dispatch() /var/www/html/mymuseJ4/joomla/libraries/src/Application/SiteApplication.php:245
[14-Jan-2022 15:00:48 America/New_York] PHP   6. Joomla\CMS\Component\ComponentHelper::renderComponent() /var/www/html/mymuseJ4/joomla/libraries/src/Application/SiteApplication.php:206
[14-Jan-2022 15:00:48 America/New_York] PHP   7. Joomla\Component\Mymuse\Site\Dispatcher\Dispatcher->dispatch() /var/www/html/mymuseJ4/joomla/libraries/src/Component/ComponentHelper.php:389
[14-Jan-2022 15:00:48 America/New_York] PHP   8. Joomla\Component\Mymuse\Site\Dispatcher\Dispatcher->dispatch() /var/www/html/mymuseJ4/joomla/components/com_mymuse/src/Dispatcher/Dispatcher.php:56
[14-Jan-2022 15:00:48 America/New_York] PHP   9. Joomla\Component\Mymuse\Site\Controller\DisplayController->execute() /var/www/html/mymuseJ4/joomla/libraries/src/Dispatcher/ComponentDispatcher.php:146
[14-Jan-2022 15:00:48 America/New_York] PHP  10. Joomla\Component\Mymuse\Site\Controller\DisplayController->display() /var/www/html/mymuseJ4/joomla/libraries/src/MVC/Controller/BaseController.php:730
[14-Jan-2022 15:00:48 America/New_York] PHP  11. Joomla\Component\Mymuse\Site\Controller\DisplayController->display() /var/www/html/mymuseJ4/joomla/components/com_mymuse/src/Controller/DisplayController.php:296
[14-Jan-2022 15:00:48 America/New_York] PHP  12. Joomla\Component\Mymuse\Site\View\Category\HtmlView->display() /var/www/html/mymuseJ4/joomla/libraries/src/MVC/Controller/BaseController.php:692
[14-Jan-2022 15:00:48 America/New_York] PHP  13. Joomla\Component\Mymuse\Site\View\Category\HtmlView->display() /var/www/html/mymuseJ4/joomla/components/com_mymuse/src/View/Category/HtmlView.php:211
[14-Jan-2022 15:00:48 America/New_York] PHP  14. Joomla\Component\Mymuse\Site\View\Category\HtmlView->display() /var/www/html/mymuseJ4/joomla/libraries/src/MVC/View/CategoryView.php:268
[14-Jan-2022 15:00:48 America/New_York] PHP  15. Joomla\Component\Mymuse\Site\View\Category\HtmlView->loadTemplate() /var/www/html/mymuseJ4/joomla/libraries/src/MVC/View/HtmlView.php:218
[14-Jan-2022 15:00:48 America/New_York] PHP  16. include() /var/www/html/mymuseJ4/joomla/libraries/src/MVC/View/HtmlView.php:429
[14-Jan-2022 15:00:48 America/New_York] PHP  17. Joomla\Component\Mymuse\Site\View\Category\HtmlView->loadTemplate() /var/www/html/mymuseJ4/joomla/components/com_mymuse/tmpl/category/blog.php:129
[14-Jan-2022 15:00:48 America/New_York] PHP  18. include() /var/www/html/mymuseJ4/joomla/libraries/src/MVC/View/HtmlView.php:429
[14-Jan-2022 15:02:23 America/New_York] PHP Notice:  Undefined property: stdClass::$category_language in /var/www/html/mymuseJ4/joomla/layouts/joomla/content/info_block/category.php on line 23
[14-Jan-2022 15:02:23 America/New_York] PHP Stack trace:
[14-Jan-2022 15:02:23 America/New_York] PHP   1. {main}() /var/www/html/mymuseJ4/joomla/index.php:0
[14-Jan-2022 15:02:23 America/New_York] PHP   2. require_once() /var/www/html/mymuseJ4/joomla/index.php:32
[14-Jan-2022 15:02:23 America/New_York] PHP   3. Joomla\CMS\Application\SiteApplication->execute() /var/www/html/mymuseJ4/joomla/includes/app.php:63
[14-Jan-2022 15:02:23 America/New_York] PHP   4. Joomla\CMS\Application\SiteApplication->doExecute() /var/www/html/mymuseJ4/joomla/libraries/src/Application/CMSApplication.php:278
[14-Jan-2022 15:02:23 America/New_York] PHP   5. Joomla\CMS\Application\SiteApplication->dispatch() /var/www/html/mymuseJ4/joomla/libraries/src/Application/SiteApplication.php:245
[14-Jan-2022 15:02:23 America/New_York] PHP   6. Joomla\CMS\Component\ComponentHelper::renderComponent() /var/www/html/mymuseJ4/joomla/libraries/src/Application/SiteApplication.php:206
[14-Jan-2022 15:02:23 America/New_York] PHP   7. Joomla\Component\Mymuse\Site\Dispatcher\Dispatcher->dispatch() /var/www/html/mymuseJ4/joomla/libraries/src/Component/ComponentHelper.php:389
[14-Jan-2022 15:02:23 America/New_York] PHP   8. Joomla\Component\Mymuse\Site\Dispatcher\Dispatcher->dispatch() /var/www/html/mymuseJ4/joomla/components/com_mymuse/src/Dispatcher/Dispatcher.php:56
[14-Jan-2022 15:02:23 America/New_York] PHP   9. Joomla\Component\Mymuse\Site\Controller\DisplayController->execute() /var/www/html/mymuseJ4/joomla/libraries/src/Dispatcher/ComponentDispatcher.php:146
[14-Jan-2022 15:02:23 America/New_York] PHP  10. Joomla\Component\Mymuse\Site\Controller\DisplayController->display() /var/www/html/mymuseJ4/joomla/libraries/src/MVC/Controller/BaseController.php:730
[14-Jan-2022 15:02:23 America/New_York] PHP  11. Joomla\Component\Mymuse\Site\Controller\DisplayController->display() /var/www/html/mymuseJ4/joomla/components/com_mymuse/src/Controller/DisplayController.php:296
[14-Jan-2022 15:02:23 America/New_York] PHP  12. Joomla\Component\Mymuse\Site\View\Category\HtmlView->display() /var/www/html/mymuseJ4/joomla/libraries/src/MVC/Controller/BaseController.php:692
[14-Jan-2022 15:02:23 America/New_York] PHP  13. Joomla\Component\Mymuse\Site\View\Category\HtmlView->display() /var/www/html/mymuseJ4/joomla/components/com_mymuse/src/View/Category/HtmlView.php:211
[14-Jan-2022 15:02:23 America/New_York] PHP  14. Joomla\Component\Mymuse\Site\View\Category\HtmlView->display() /var/www/html/mymuseJ4/joomla/libraries/src/MVC/View/CategoryView.php:268
[14-Jan-2022 15:02:23 America/New_York] PHP  15. Joomla\Component\Mymuse\Site\View\Category\HtmlView->loadTemplate() /var/www/html/mymuseJ4/joomla/libraries/src/MVC/View/HtmlView.php:218
[14-Jan-2022 15:02:23 America/New_York] PHP  16. include() /var/www/html/mymuseJ4/joomla/libraries/src/MVC/View/HtmlView.php:429
[14-Jan-2022 15:02:23 America/New_York] PHP  17. Joomla\Component\Mymuse\Site\View\Category\HtmlView->loadTemplate() /var/www/html/mymuseJ4/joomla/components/com_mymuse/tmpl/category/blog.php:104
[14-Jan-2022 15:02:23 America/New_York] PHP  18. include() /var/www/html/mymuseJ4/joomla/libraries/src/MVC/View/HtmlView.php:429
[14-Jan-2022 15:02:23 America/New_York] PHP  19. Joomla\CMS\Layout\LayoutHelper::render() /var/www/html/mymuseJ4/joomla/components/com_mymuse/tmpl/category/blog_item.php:93
[14-Jan-2022 15:02:23 America/New_York] PHP  20. Joomla\CMS\Layout\FileLayout->render() /var/www/html/mymuseJ4/joomla/libraries/src/Layout/LayoutHelper.php:73
[14-Jan-2022 15:02:23 America/New_York] PHP  21. include() /var/www/html/mymuseJ4/joomla/libraries/src/Layout/FileLayout.php:128
[14-Jan-2022 15:02:23 America/New_York] PHP  22. Joomla\CMS\Layout\FileLayout->sublayout() /var/www/html/mymuseJ4/joomla/layouts/joomla/content/info_block.php:38
[14-Jan-2022 15:02:23 America/New_York] PHP  23. Joomla\CMS\Layout\FileLayout->render() /var/www/html/mymuseJ4/joomla/libraries/src/Layout/FileLayout.php:643
[14-Jan-2022 15:02:23 America/New_York] PHP  24. include() /var/www/html/mymuseJ4/joomla/libraries/src/Layout/FileLayout.php:128
[14-Jan-2022 15:02:23 America/New_York] PHP Notice:  Undefined property: stdClass::$readmore in /var/www/html/mymuseJ4/joomla/components/com_mymuse/tmpl/category/blog_item.php on line 118
[14-Jan-2022 15:02:23 America/New_York] PHP Stack trace:
[14-Jan-2022 15:02:23 America/New_York] PHP   1. {main}() /var/www/html/mymuseJ4/joomla/index.php:0
[14-Jan-2022 15:02:23 America/New_York] PHP   2. require_once() /var/www/html/mymuseJ4/joomla/index.php:32
[14-Jan-2022 15:02:23 America/New_York] PHP   3. Joomla\CMS\Application\SiteApplication->execute() /var/www/html/mymuseJ4/joomla/includes/app.php:63
[14-Jan-2022 15:02:23 America/New_York] PHP   4. Joomla\CMS\Application\SiteApplication->doExecute() /var/www/html/mymuseJ4/joomla/libraries/src/Application/CMSApplication.php:278
[14-Jan-2022 15:02:23 America/New_York] PHP   5. Joomla\CMS\Application\SiteApplication->dispatch() /var/www/html/mymuseJ4/joomla/libraries/src/Application/SiteApplication.php:245
[14-Jan-2022 15:02:23 America/New_York] PHP   6. Joomla\CMS\Component\ComponentHelper::renderComponent() /var/www/html/mymuseJ4/joomla/libraries/src/Application/SiteApplication.php:206
[14-Jan-2022 15:02:23 America/New_York] PHP   7. Joomla\Component\Mymuse\Site\Dispatcher\Dispatcher->dispatch() /var/www/html/mymuseJ4/joomla/libraries/src/Component/ComponentHelper.php:389
[14-Jan-2022 15:02:23 America/New_York] PHP   8. Joomla\Component\Mymuse\Site\Dispatcher\Dispatcher->dispatch() /var/www/html/mymuseJ4/joomla/components/com_mymuse/src/Dispatcher/Dispatcher.php:56
[14-Jan-2022 15:02:23 America/New_York] PHP   9. Joomla\Component\Mymuse\Site\Controller\DisplayController->execute() /var/www/html/mymuseJ4/joomla/libraries/src/Dispatcher/ComponentDispatcher.php:146
[14-Jan-2022 15:02:23 America/New_York] PHP  10. Joomla\Component\Mymuse\Site\Controller\DisplayController->display() /var/www/html/mymuseJ4/joomla/libraries/src/MVC/Controller/BaseController.php:730
[14-Jan-2022 15:02:23 America/New_York] PHP  11. Joomla\Component\Mymuse\Site\Controller\DisplayController->display() /var/www/html/mymuseJ4/joomla/components/com_mymuse/src/Controller/DisplayController.php:296
[14-Jan-2022 15:02:23 America/New_York] PHP  12. Joomla\Component\Mymuse\Site\View\Category\HtmlView->display() /var/www/html/mymuseJ4/joomla/libraries/src/MVC/Controller/BaseController.php:692
[14-Jan-2022 15:02:23 America/New_York] PHP  13. Joomla\Component\Mymuse\Site\View\Category\HtmlView->display() /var/www/html/mymuseJ4/joomla/components/com_mymuse/src/View/Category/HtmlView.php:211
[14-Jan-2022 15:02:23 America/New_York] PHP  14. Joomla\Component\Mymuse\Site\View\Category\HtmlView->display() /var/www/html/mymuseJ4/joomla/libraries/src/MVC/View/CategoryView.php:268
[14-Jan-2022 15:02:23 America/New_York] PHP  15. Joomla\Component\Mymuse\Site\View\Category\HtmlView->loadTemplate() /var/www/html/mymuseJ4/joomla/libraries/src/MVC/View/HtmlView.php:218
[14-Jan-2022 15:02:23 America/New_York] PHP  16. include() /var/www/html/mymuseJ4/joomla/libraries/src/MVC/View/HtmlView.php:429
[14-Jan-2022 15:02:23 America/New_York] PHP  17. Joomla\Component\Mymuse\Site\View\Category\HtmlView->loadTemplate() /var/www/html/mymuseJ4/joomla/components/com_mymuse/tmpl/category/blog.php:104
[14-Jan-2022 15:02:23 America/New_York] PHP  18. include() /var/www/html/mymuseJ4/joomla/libraries/src/MVC/View/HtmlView.php:429
[14-Jan-2022 15:02:23 America/New_York] PHP Notice:  Undefined property: stdClass::$category_language in /var/www/html/mymuseJ4/joomla/layouts/joomla/content/info_block/category.php on line 23
[14-Jan-2022 15:02:23 America/New_York] PHP Stack trace:
[14-Jan-2022 15:02:23 America/New_York] PHP   1. {main}() /var/www/html/mymuseJ4/joomla/index.php:0
[14-Jan-2022 15:02:23 America/New_York] PHP   2. require_once() /var/www/html/mymuseJ4/joomla/index.php:32
[14-Jan-2022 15:02:23 America/New_York] PHP   3. Joomla\CMS\Application\SiteApplication->execute() /var/www/html/mymuseJ4/joomla/includes/app.php:63
[14-Jan-2022 15:02:23 America/New_York] PHP   4. Joomla\CMS\Application\SiteApplication->doExecute() /var/www/html/mymuseJ4/joomla/libraries/src/Application/CMSApplication.php:278
[14-Jan-2022 15:02:23 America/New_York] PHP   5. Joomla\CMS\Application\SiteApplication->dispatch() /var/www/html/mymuseJ4/joomla/libraries/src/Application/SiteApplication.php:245
[14-Jan-2022 15:02:23 America/New_York] PHP   6. Joomla\CMS\Component\ComponentHelper::renderComponent() /var/www/html/mymuseJ4/joomla/libraries/src/Application/SiteApplication.php:206
[14-Jan-2022 15:02:23 America/New_York] PHP   7. Joomla\Component\Mymuse\Site\Dispatcher\Dispatcher->dispatch() /var/www/html/mymuseJ4/joomla/libraries/src/Component/ComponentHelper.php:389
[14-Jan-2022 15:02:23 America/New_York] PHP   8. Joomla\Component\Mymuse\Site\Dispatcher\Dispatcher->dispatch() /var/www/html/mymuseJ4/joomla/components/com_mymuse/src/Dispatcher/Dispatcher.php:56
[14-Jan-2022 15:02:23 America/New_York] PHP   9. Joomla\Component\Mymuse\Site\Controller\DisplayController->execute() /var/www/html/mymuseJ4/joomla/libraries/src/Dispatcher/ComponentDispatcher.php:146
[14-Jan-2022 15:02:23 America/New_York] PHP  10. Joomla\Component\Mymuse\Site\Controller\DisplayController->display() /var/www/html/mymuseJ4/joomla/libraries/src/MVC/Controller/BaseController.php:730
[14-Jan-2022 15:02:23 America/New_York] PHP  11. Joomla\Component\Mymuse\Site\Controller\DisplayController->display() /var/www/html/mymuseJ4/joomla/components/com_mymuse/src/Controller/DisplayController.php:296
[14-Jan-2022 15:02:23 America/New_York] PHP  12. Joomla\Component\Mymuse\Site\View\Category\HtmlView->display() /var/www/html/mymuseJ4/joomla/libraries/src/MVC/Controller/BaseController.php:692
[14-Jan-2022 15:02:23 America/New_York] PHP  13. Joomla\Component\Mymuse\Site\View\Category\HtmlView->display() /var/www/html/mymuseJ4/joomla/components/com_mymuse/src/View/Category/HtmlView.php:211
[14-Jan-2022 15:02:23 America/New_York] PHP  14. Joomla\Component\Mymuse\Site\View\Category\HtmlView->display() /var/www/html/mymuseJ4/joomla/libraries/src/MVC/View/CategoryView.php:268
[14-Jan-2022 15:02:23 America/New_York] PHP  15. Joomla\Component\Mymuse\Site\View\Category\HtmlView->loadTemplate() /var/www/html/mymuseJ4/joomla/libraries/src/MVC/View/HtmlView.php:218
[14-Jan-2022 15:02:23 America/New_York] PHP  16. include() /var/www/html/mymuseJ4/joomla/libraries/src/MVC/View/HtmlView.php:429
[14-Jan-2022 15:02:23 America/New_York] PHP  17. Joomla\Component\Mymuse\Site\View\Category\HtmlView->loadTemplate() /var/www/html/mymuseJ4/joomla/components/com_mymuse/tmpl/category/blog.php:129
[14-Jan-2022 15:02:23 America/New_York] PHP  18. include() /var/www/html/mymuseJ4/joomla/libraries/src/MVC/View/HtmlView.php:429
[14-Jan-2022 15:02:23 America/New_York] PHP  19. Joomla\CMS\Layout\LayoutHelper::render() /var/www/html/mymuseJ4/joomla/components/com_mymuse/tmpl/category/blog_item.php:93
[14-Jan-2022 15:02:23 America/New_York] PHP  20. Joomla\CMS\Layout\FileLayout->render() /var/www/html/mymuseJ4/joomla/libraries/src/Layout/LayoutHelper.php:73
[14-Jan-2022 15:02:23 America/New_York] PHP  21. include() /var/www/html/mymuseJ4/joomla/libraries/src/Layout/FileLayout.php:128
[14-Jan-2022 15:02:23 America/New_York] PHP  22. Joomla\CMS\Layout\FileLayout->sublayout() /var/www/html/mymuseJ4/joomla/layouts/joomla/content/info_block.php:38
[14-Jan-2022 15:02:23 America/New_York] PHP  23. Joomla\CMS\Layout\FileLayout->render() /var/www/html/mymuseJ4/joomla/libraries/src/Layout/FileLayout.php:643
[14-Jan-2022 15:02:23 America/New_York] PHP  24. include() /var/www/html/mymuseJ4/joomla/libraries/src/Layout/FileLayout.php:128
[14-Jan-2022 15:02:23 America/New_York] PHP Notice:  Undefined property: stdClass::$readmore in /var/www/html/mymuseJ4/joomla/components/com_mymuse/tmpl/category/blog_item.php on line 118
[14-Jan-2022 15:02:23 America/New_York] PHP Stack trace:
[14-Jan-2022 15:02:23 America/New_York] PHP   1. {main}() /var/www/html/mymuseJ4/joomla/index.php:0
[14-Jan-2022 15:02:23 America/New_York] PHP   2. require_once() /var/www/html/mymuseJ4/joomla/index.php:32
[14-Jan-2022 15:02:23 America/New_York] PHP   3. Joomla\CMS\Application\SiteApplication->execute() /var/www/html/mymuseJ4/joomla/includes/app.php:63
[14-Jan-2022 15:02:23 America/New_York] PHP   4. Joomla\CMS\Application\SiteApplication->doExecute() /var/www/html/mymuseJ4/joomla/libraries/src/Application/CMSApplication.php:278
[14-Jan-2022 15:02:23 America/New_York] PHP   5. Joomla\CMS\Application\SiteApplication->dispatch() /var/www/html/mymuseJ4/joomla/libraries/src/Application/SiteApplication.php:245
[14-Jan-2022 15:02:23 America/New_York] PHP   6. Joomla\CMS\Component\ComponentHelper::renderComponent() /var/www/html/mymuseJ4/joomla/libraries/src/Application/SiteApplication.php:206
[14-Jan-2022 15:02:23 America/New_York] PHP   7. Joomla\Component\Mymuse\Site\Dispatcher\Dispatcher->dispatch() /var/www/html/mymuseJ4/joomla/libraries/src/Component/ComponentHelper.php:389
[14-Jan-2022 15:02:23 America/New_York] PHP   8. Joomla\Component\Mymuse\Site\Dispatcher\Dispatcher->dispatch() /var/www/html/mymuseJ4/joomla/components/com_mymuse/src/Dispatcher/Dispatcher.php:56
[14-Jan-2022 15:02:23 America/New_York] PHP   9. Joomla\Component\Mymuse\Site\Controller\DisplayController->execute() /var/www/html/mymuseJ4/joomla/libraries/src/Dispatcher/ComponentDispatcher.php:146
[14-Jan-2022 15:02:23 America/New_York] PHP  10. Joomla\Component\Mymuse\Site\Controller\DisplayController->display() /var/www/html/mymuseJ4/joomla/libraries/src/MVC/Controller/BaseController.php:730
[14-Jan-2022 15:02:23 America/New_York] PHP  11. Joomla\Component\Mymuse\Site\Controller\DisplayController->display() /var/www/html/mymuseJ4/joomla/components/com_mymuse/src/Controller/DisplayController.php:296
[14-Jan-2022 15:02:23 America/New_York] PHP  12. Joomla\Component\Mymuse\Site\View\Category\HtmlView->display() /var/www/html/mymuseJ4/joomla/libraries/src/MVC/Controller/BaseController.php:692
[14-Jan-2022 15:02:23 America/New_York] PHP  13. Joomla\Component\Mymuse\Site\View\Category\HtmlView->display() /var/www/html/mymuseJ4/joomla/components/com_mymuse/src/View/Category/HtmlView.php:211
[14-Jan-2022 15:02:23 America/New_York] PHP  14. Joomla\Component\Mymuse\Site\View\Category\HtmlView->display() /var/www/html/mymuseJ4/joomla/libraries/src/MVC/View/CategoryView.php:268
[14-Jan-2022 15:02:23 America/New_York] PHP  15. Joomla\Component\Mymuse\Site\View\Category\HtmlView->loadTemplate() /var/www/html/mymuseJ4/joomla/libraries/src/MVC/View/HtmlView.php:218
[14-Jan-2022 15:02:23 America/New_York] PHP  16. include() /var/www/html/mymuseJ4/joomla/libraries/src/MVC/View/HtmlView.php:429
[14-Jan-2022 15:02:23 America/New_York] PHP  17. Joomla\Component\Mymuse\Site\View\Category\HtmlView->loadTemplate() /var/www/html/mymuseJ4/joomla/components/com_mymuse/tmpl/category/blog.php:129
[14-Jan-2022 15:02:23 America/New_York] PHP  18. include() /var/www/html/mymuseJ4/joomla/libraries/src/MVC/View/HtmlView.php:429
[15-Jan-2022 11:36:37 America/New_York] PHP Notice:  Undefined property: Joomla\Component\Mymuse\Site\Controller\DisplayController::$Itemid in /var/www/html/mymuseJ4/joomla/components/com_mymuse/src/Controller/DisplayController.php on line 573
[15-Jan-2022 11:36:37 America/New_York] PHP Stack trace:
[15-Jan-2022 11:36:37 America/New_York] PHP   1. {main}() /var/www/html/mymuseJ4/joomla/index.php:0
[15-Jan-2022 11:36:37 America/New_York] PHP   2. require_once() /var/www/html/mymuseJ4/joomla/index.php:32
[15-Jan-2022 11:36:37 America/New_York] PHP   3. Joomla\CMS\Application\SiteApplication->execute() /var/www/html/mymuseJ4/joomla/includes/app.php:63
[15-Jan-2022 11:36:37 America/New_York] PHP   4. Joomla\CMS\Application\SiteApplication->doExecute() /var/www/html/mymuseJ4/joomla/libraries/src/Application/CMSApplication.php:278
[15-Jan-2022 11:36:37 America/New_York] PHP   5. Joomla\CMS\Application\SiteApplication->dispatch() /var/www/html/mymuseJ4/joomla/libraries/src/Application/SiteApplication.php:245
[15-Jan-2022 11:36:37 America/New_York] PHP   6. Joomla\CMS\Component\ComponentHelper::renderComponent() /var/www/html/mymuseJ4/joomla/libraries/src/Application/SiteApplication.php:206
[15-Jan-2022 11:36:37 America/New_York] PHP   7. Joomla\Component\Mymuse\Site\Dispatcher\Dispatcher->dispatch() /var/www/html/mymuseJ4/joomla/libraries/src/Component/ComponentHelper.php:389
[15-Jan-2022 11:36:37 America/New_York] PHP   8. Joomla\Component\Mymuse\Site\Dispatcher\Dispatcher->dispatch() /var/www/html/mymuseJ4/joomla/components/com_mymuse/src/Dispatcher/Dispatcher.php:56
[15-Jan-2022 11:36:37 America/New_York] PHP   9. Joomla\Component\Mymuse\Site\Controller\DisplayController->execute() /var/www/html/mymuseJ4/joomla/libraries/src/Dispatcher/ComponentDispatcher.php:146
[15-Jan-2022 11:36:37 America/New_York] PHP  10. Joomla\Component\Mymuse\Site\Controller\DisplayController->checkout() /var/www/html/mymuseJ4/joomla/libraries/src/MVC/Controller/BaseController.php:730
[15-Jan-2022 11:36:37 America/New_York] PHP Notice:  Undefined property: Joomla\Component\Mymuse\Site\Controller\DisplayController::$Itemid in /var/www/html/mymuseJ4/joomla/components/com_mymuse/src/Controller/DisplayController.php on line 578
[15-Jan-2022 11:36:37 America/New_York] PHP Stack trace:
[15-Jan-2022 11:36:37 America/New_York] PHP   1. {main}() /var/www/html/mymuseJ4/joomla/index.php:0
[15-Jan-2022 11:36:37 America/New_York] PHP   2. require_once() /var/www/html/mymuseJ4/joomla/index.php:32
[15-Jan-2022 11:36:37 America/New_York] PHP   3. Joomla\CMS\Application\SiteApplication->execute() /var/www/html/mymuseJ4/joomla/includes/app.php:63
[15-Jan-2022 11:36:37 America/New_York] PHP   4. Joomla\CMS\Application\SiteApplication->doExecute() /var/www/html/mymuseJ4/joomla/libraries/src/Application/CMSApplication.php:278
[15-Jan-2022 11:36:37 America/New_York] PHP   5. Joomla\CMS\Application\SiteApplication->dispatch() /var/www/html/mymuseJ4/joomla/libraries/src/Application/SiteApplication.php:245
[15-Jan-2022 11:36:37 America/New_York] PHP   6. Joomla\CMS\Component\ComponentHelper::renderComponent() /var/www/html/mymuseJ4/joomla/libraries/src/Application/SiteApplication.php:206
[15-Jan-2022 11:36:37 America/New_York] PHP   7. Joomla\Component\Mymuse\Site\Dispatcher\Dispatcher->dispatch() /var/www/html/mymuseJ4/joomla/libraries/src/Component/ComponentHelper.php:389
[15-Jan-2022 11:36:37 America/New_York] PHP   8. Joomla\Component\Mymuse\Site\Dispatcher\Dispatcher->dispatch() /var/www/html/mymuseJ4/joomla/components/com_mymuse/src/Dispatcher/Dispatcher.php:56
[15-Jan-2022 11:36:37 America/New_York] PHP   9. Joomla\Component\Mymuse\Site\Controller\DisplayController->execute() /var/www/html/mymuseJ4/joomla/libraries/src/Dispatcher/ComponentDispatcher.php:146
[15-Jan-2022 11:36:37 America/New_York] PHP  10. Joomla\Component\Mymuse\Site\Controller\DisplayController->checkout() /var/www/html/mymuseJ4/joomla/libraries/src/MVC/Controller/BaseController.php:730
[16-Jan-2022 09:33:34 America/New_York] PHP Notice:  Undefined index: view in /var/www/html/mymuseJ4/joomla/components/com_mymuse/src/Service/MymuseNomenuRules.php on line 436
[16-Jan-2022 09:33:34 America/New_York] PHP Stack trace:
[16-Jan-2022 09:33:34 America/New_York] PHP   1. {main}() /var/www/html/mymuseJ4/joomla/index.php:0
[16-Jan-2022 09:33:34 America/New_York] PHP   2. require_once() /var/www/html/mymuseJ4/joomla/index.php:32
[16-Jan-2022 09:33:34 America/New_York] PHP   3. Joomla\CMS\Application\SiteApplication->execute() /var/www/html/mymuseJ4/joomla/includes/app.php:63
[16-Jan-2022 09:33:34 America/New_York] PHP   4. Joomla\CMS\Application\SiteApplication->doExecute() /var/www/html/mymuseJ4/joomla/libraries/src/Application/CMSApplication.php:278
[16-Jan-2022 09:33:34 America/New_York] PHP   5. Joomla\CMS\Application\SiteApplication->dispatch() /var/www/html/mymuseJ4/joomla/libraries/src/Application/SiteApplication.php:245
[16-Jan-2022 09:33:34 America/New_York] PHP   6. Joomla\CMS\Component\ComponentHelper::renderComponent() /var/www/html/mymuseJ4/joomla/libraries/src/Application/SiteApplication.php:206
[16-Jan-2022 09:33:34 America/New_York] PHP   7. Joomla\Component\Mymuse\Site\Dispatcher\Dispatcher->dispatch() /var/www/html/mymuseJ4/joomla/libraries/src/Component/ComponentHelper.php:389
[16-Jan-2022 09:33:34 America/New_York] PHP   8. Joomla\Component\Mymuse\Site\Dispatcher\Dispatcher->dispatch() /var/www/html/mymuseJ4/joomla/components/com_mymuse/src/Dispatcher/Dispatcher.php:56
[16-Jan-2022 09:33:34 America/New_York] PHP   9. Joomla\Component\Mymuse\Site\Controller\DisplayController->execute() /var/www/html/mymuseJ4/joomla/libraries/src/Dispatcher/ComponentDispatcher.php:146
[16-Jan-2022 09:33:34 America/New_York] PHP  10. Joomla\Component\Mymuse\Site\Controller\DisplayController->display() /var/www/html/mymuseJ4/joomla/libraries/src/MVC/Controller/BaseController.php:730
[16-Jan-2022 09:33:34 America/New_York] PHP  11. Joomla\Component\Mymuse\Site\Controller\DisplayController->display() /var/www/html/mymuseJ4/joomla/components/com_mymuse/src/Controller/DisplayController.php:296
[16-Jan-2022 09:33:34 America/New_York] PHP  12. Joomla\Component\Mymuse\Site\View\Product\HtmlView->display() /var/www/html/mymuseJ4/joomla/libraries/src/MVC/Controller/BaseController.php:692
[16-Jan-2022 09:33:34 America/New_York] PHP  13. Joomla\CMS\Router\Route::_() /var/www/html/mymuseJ4/joomla/components/com_mymuse/src/View/Product/HtmlView.php:148
[16-Jan-2022 09:33:34 America/New_York] PHP  14. Joomla\CMS\Router\Route::link() /var/www/html/mymuseJ4/joomla/libraries/src/Router/Route.php:94
[16-Jan-2022 09:33:34 America/New_York] PHP  15. Joomla\CMS\Router\SiteRouter->build() /var/www/html/mymuseJ4/joomla/libraries/src/Router/Route.php:145
[16-Jan-2022 09:33:34 America/New_York] PHP  16. Joomla\CMS\Router\SiteRouter->processBuildRules() /var/www/html/mymuseJ4/joomla/libraries/src/Router/Router.php:197
[16-Jan-2022 09:33:34 America/New_York] PHP  17. Joomla\CMS\Router\SiteRouter->buildSefRoute() /var/www/html/mymuseJ4/joomla/libraries/src/Router/Router.php:425
[16-Jan-2022 09:33:34 America/New_York] PHP  18. Joomla\Component\Mymuse\Site\Service\Router->build() /var/www/html/mymuseJ4/joomla/libraries/src/Router/SiteRouter.php:477
[16-Jan-2022 09:33:34 America/New_York] PHP  19. Joomla\Component\Mymuse\Site\Service\MymuseNomenuRules->build() /var/www/html/mymuseJ4/joomla/libraries/src/Component/Router/RouterView.php:245
[16-Jan-2022 09:33:34 America/New_York] PHP Notice:  Undefined index: view in /var/www/html/mymuseJ4/joomla/components/com_mymuse/src/Service/MymuseNomenuRules.php on line 436
[16-Jan-2022 09:33:34 America/New_York] PHP Stack trace:
[16-Jan-2022 09:33:34 America/New_York] PHP   1. {main}() /var/www/html/mymuseJ4/joomla/index.php:0
[16-Jan-2022 09:33:34 America/New_York] PHP   2. require_once() /var/www/html/mymuseJ4/joomla/index.php:32
[16-Jan-2022 09:33:34 America/New_York] PHP   3. Joomla\CMS\Application\SiteApplication->execute() /var/www/html/mymuseJ4/joomla/includes/app.php:63
[16-Jan-2022 09:33:34 America/New_York] PHP   4. Joomla\CMS\Application\SiteApplication->doExecute() /var/www/html/mymuseJ4/joomla/libraries/src/Application/CMSApplication.php:278
[16-Jan-2022 09:33:34 America/New_York] PHP   5. Joomla\CMS\Application\SiteApplication->dispatch() /var/www/html/mymuseJ4/joomla/libraries/src/Application/SiteApplication.php:245
[16-Jan-2022 09:33:34 America/New_York] PHP   6. Joomla\CMS\Component\ComponentHelper::renderComponent() /var/www/html/mymuseJ4/joomla/libraries/src/Application/SiteApplication.php:206
[16-Jan-2022 09:33:34 America/New_York] PHP   7. Joomla\Component\Mymuse\Site\Dispatcher\Dispatcher->dispatch() /var/www/html/mymuseJ4/joomla/libraries/src/Component/ComponentHelper.php:389
[16-Jan-2022 09:33:34 America/New_York] PHP   8. Joomla\Component\Mymuse\Site\Dispatcher\Dispatcher->dispatch() /var/www/html/mymuseJ4/joomla/components/com_mymuse/src/Dispatcher/Dispatcher.php:56
[16-Jan-2022 09:33:34 America/New_York] PHP   9. Joomla\Component\Mymuse\Site\Controller\DisplayController->execute() /var/www/html/mymuseJ4/joomla/libraries/src/Dispatcher/ComponentDispatcher.php:146
[16-Jan-2022 09:33:34 America/New_York] PHP  10. Joomla\Component\Mymuse\Site\Controller\DisplayController->display() /var/www/html/mymuseJ4/joomla/libraries/src/MVC/Controller/BaseController.php:730
[16-Jan-2022 09:33:34 America/New_York] PHP  11. Joomla\Component\Mymuse\Site\Controller\DisplayController->display() /var/www/html/mymuseJ4/joomla/components/com_mymuse/src/Controller/DisplayController.php:296
[16-Jan-2022 09:33:34 America/New_York] PHP  12. Joomla\Component\Mymuse\Site\View\Product\HtmlView->display() /var/www/html/mymuseJ4/joomla/libraries/src/MVC/Controller/BaseController.php:692
[16-Jan-2022 09:33:34 America/New_York] PHP  13. Joomla\Component\Mymuse\Site\View\Product\HtmlView->display() /var/www/html/mymuseJ4/joomla/components/com_mymuse/src/View/Product/HtmlView.php:315
[16-Jan-2022 09:33:34 America/New_York] PHP  14. Joomla\Component\Mymuse\Site\View\Product\HtmlView->loadTemplate() /var/www/html/mymuseJ4/joomla/libraries/src/MVC/View/HtmlView.php:218
[16-Jan-2022 09:33:34 America/New_York] PHP  15. include() /var/www/html/mymuseJ4/joomla/libraries/src/MVC/View/HtmlView.php:429
[16-Jan-2022 09:33:34 America/New_York] PHP  16. Joomla\CMS\Router\Route::_() /var/www/html/mymuseJ4/joomla/components/com_mymuse/tmpl/product/product.php:516
[16-Jan-2022 09:33:34 America/New_York] PHP  17. Joomla\CMS\Router\Route::link() /var/www/html/mymuseJ4/joomla/libraries/src/Router/Route.php:94
[16-Jan-2022 09:33:34 America/New_York] PHP  18. Joomla\CMS\Router\SiteRouter->build() /var/www/html/mymuseJ4/joomla/libraries/src/Router/Route.php:145
[16-Jan-2022 09:33:34 America/New_York] PHP  19. Joomla\CMS\Router\SiteRouter->processBuildRules() /var/www/html/mymuseJ4/joomla/libraries/src/Router/Router.php:197
[16-Jan-2022 09:33:34 America/New_York] PHP  20. Joomla\CMS\Router\SiteRouter->buildSefRoute() /var/www/html/mymuseJ4/joomla/libraries/src/Router/Router.php:425
[16-Jan-2022 09:33:34 America/New_York] PHP  21. Joomla\Component\Mymuse\Site\Service\Router->build() /var/www/html/mymuseJ4/joomla/libraries/src/Router/SiteRouter.php:477
[16-Jan-2022 09:33:34 America/New_York] PHP  22. Joomla\Component\Mymuse\Site\Service\MymuseNomenuRules->build() /var/www/html/mymuseJ4/joomla/libraries/src/Component/Router/RouterView.php:245
[16-Jan-2022 09:33:34 America/New_York] PHP Notice:  Undefined variable: params in /var/www/html/mymuseJ4/joomla/components/com_mymuse/src/Service/MymuseNomenuRules.php on line 439
[16-Jan-2022 09:33:34 America/New_York] PHP Stack trace:
[16-Jan-2022 09:33:34 America/New_York] PHP   1. {main}() /var/www/html/mymuseJ4/joomla/index.php:0
[16-Jan-2022 09:33:34 America/New_York] PHP   2. require_once() /var/www/html/mymuseJ4/joomla/index.php:32
[16-Jan-2022 09:33:34 America/New_York] PHP   3. Joomla\CMS\Application\SiteApplication->execute() /var/www/html/mymuseJ4/joomla/includes/app.php:63
[16-Jan-2022 09:33:34 America/New_York] PHP   4. Joomla\CMS\Application\SiteApplication->doExecute() /var/www/html/mymuseJ4/joomla/libraries/src/Application/CMSApplication.php:278
[16-Jan-2022 09:33:34 America/New_York] PHP   5. Joomla\CMS\Application\SiteApplication->dispatch() /var/www/html/mymuseJ4/joomla/libraries/src/Application/SiteApplication.php:245
[16-Jan-2022 09:33:34 America/New_York] PHP   6. Joomla\CMS\Component\ComponentHelper::renderComponent() /var/www/html/mymuseJ4/joomla/libraries/src/Application/SiteApplication.php:206
[16-Jan-2022 09:33:34 America/New_York] PHP   7. Joomla\Component\Mymuse\Site\Dispatcher\Dispatcher->dispatch() /var/www/html/mymuseJ4/joomla/libraries/src/Component/ComponentHelper.php:389
[16-Jan-2022 09:33:34 America/New_York] PHP   8. Joomla\Component\Mymuse\Site\Dispatcher\Dispatcher->dispatch() /var/www/html/mymuseJ4/joomla/components/com_mymuse/src/Dispatcher/Dispatcher.php:56
[16-Jan-2022 09:33:34 America/New_York] PHP   9. Joomla\Component\Mymuse\Site\Controller\DisplayController->execute() /var/www/html/mymuseJ4/joomla/libraries/src/Dispatcher/ComponentDispatcher.php:146
[16-Jan-2022 09:33:34 America/New_York] PHP  10. Joomla\Component\Mymuse\Site\Controller\DisplayController->display() /var/www/html/mymuseJ4/joomla/libraries/src/MVC/Controller/BaseController.php:730
[16-Jan-2022 09:33:34 America/New_York] PHP  11. Joomla\Component\Mymuse\Site\Controller\DisplayController->display() /var/www/html/mymuseJ4/joomla/components/com_mymuse/src/Controller/DisplayController.php:296
[16-Jan-2022 09:33:34 America/New_York] PHP  12. Joomla\Component\Mymuse\Site\View\Product\HtmlView->display() /var/www/html/mymuseJ4/joomla/libraries/src/MVC/Controller/BaseController.php:692
[16-Jan-2022 09:33:34 America/New_York] PHP  13. Joomla\Component\Mymuse\Site\View\Product\HtmlView->display() /var/www/html/mymuseJ4/joomla/components/com_mymuse/src/View/Product/HtmlView.php:315
[16-Jan-2022 09:33:34 America/New_York] PHP  14. Joomla\Component\Mymuse\Site\View\Product\HtmlView->loadTemplate() /var/www/html/mymuseJ4/joomla/libraries/src/MVC/View/HtmlView.php:218
[16-Jan-2022 09:33:34 America/New_York] PHP  15. include() /var/www/html/mymuseJ4/joomla/libraries/src/MVC/View/HtmlView.php:429
[16-Jan-2022 09:33:34 America/New_York] PHP  16. Joomla\Component\Mymuse\Site\View\Product\HtmlView->loadTemplate() /var/www/html/mymuseJ4/joomla/components/com_mymuse/tmpl/product/product.php:524
[16-Jan-2022 09:33:34 America/New_York] PHP  17. include() /var/www/html/mymuseJ4/joomla/libraries/src/MVC/View/HtmlView.php:429
[16-Jan-2022 09:33:34 America/New_York] PHP  18. Joomla\Component\Mymuse\Site\View\Product\HtmlView->loadTemplate() /var/www/html/mymuseJ4/joomla/components/com_mymuse/tmpl/product/product_layout.php:60
[16-Jan-2022 09:33:34 America/New_York] PHP  19. include() /var/www/html/mymuseJ4/joomla/libraries/src/MVC/View/HtmlView.php:429
[16-Jan-2022 09:33:34 America/New_York] PHP  20. Joomla\CMS\Router\Route::_() /var/www/html/mymuseJ4/joomla/components/com_mymuse/tmpl/product/product_details.php:32
[16-Jan-2022 09:33:34 America/New_York] PHP  21. Joomla\CMS\Router\Route::link() /var/www/html/mymuseJ4/joomla/libraries/src/Router/Route.php:94
[16-Jan-2022 09:33:34 America/New_York] PHP  22. Joomla\CMS\Router\SiteRouter->build() /var/www/html/mymuseJ4/joomla/libraries/src/Router/Route.php:145
[16-Jan-2022 09:33:34 America/New_York] PHP  23. Joomla\CMS\Router\SiteRouter->processBuildRules() /var/www/html/mymuseJ4/joomla/libraries/src/Router/Router.php:197
[16-Jan-2022 09:33:34 America/New_York] PHP  24. Joomla\CMS\Router\SiteRouter->buildSefRoute() /var/www/html/mymuseJ4/joomla/libraries/src/Router/Router.php:425
[16-Jan-2022 09:33:34 America/New_York] PHP  25. Joomla\Component\Mymuse\Site\Service\Router->build() /var/www/html/mymuseJ4/joomla/libraries/src/Router/SiteRouter.php:477
[16-Jan-2022 09:33:34 America/New_York] PHP  26. Joomla\Component\Mymuse\Site\Service\MymuseNomenuRules->build() /var/www/html/mymuseJ4/joomla/libraries/src/Component/Router/RouterView.php:245
[16-Jan-2022 09:36:04 America/New_York] PHP Notice:  Undefined variable: params in /var/www/html/mymuseJ4/joomla/components/com_mymuse/src/Service/MymuseNomenuRules.php on line 448
[16-Jan-2022 09:36:04 America/New_York] PHP Stack trace:
[16-Jan-2022 09:36:04 America/New_York] PHP   1. {main}() /var/www/html/mymuseJ4/joomla/index.php:0
[16-Jan-2022 09:36:04 America/New_York] PHP   2. require_once() /var/www/html/mymuseJ4/joomla/index.php:32
[16-Jan-2022 09:36:04 America/New_York] PHP   3. Joomla\CMS\Application\SiteApplication->execute() /var/www/html/mymuseJ4/joomla/includes/app.php:63
[16-Jan-2022 09:36:04 America/New_York] PHP   4. Joomla\CMS\Application\SiteApplication->doExecute() /var/www/html/mymuseJ4/joomla/libraries/src/Application/CMSApplication.php:278
[16-Jan-2022 09:36:04 America/New_York] PHP   5. Joomla\CMS\Application\SiteApplication->dispatch() /var/www/html/mymuseJ4/joomla/libraries/src/Application/SiteApplication.php:245
[16-Jan-2022 09:36:04 America/New_York] PHP   6. Joomla\CMS\Component\ComponentHelper::renderComponent() /var/www/html/mymuseJ4/joomla/libraries/src/Application/SiteApplication.php:206
[16-Jan-2022 09:36:04 America/New_York] PHP   7. Joomla\Component\Mymuse\Site\Dispatcher\Dispatcher->dispatch() /var/www/html/mymuseJ4/joomla/libraries/src/Component/ComponentHelper.php:389
[16-Jan-2022 09:36:04 America/New_York] PHP   8. Joomla\Component\Mymuse\Site\Dispatcher\Dispatcher->dispatch() /var/www/html/mymuseJ4/joomla/components/com_mymuse/src/Dispatcher/Dispatcher.php:56
[16-Jan-2022 09:36:04 America/New_York] PHP   9. Joomla\Component\Mymuse\Site\Controller\DisplayController->execute() /var/www/html/mymuseJ4/joomla/libraries/src/Dispatcher/ComponentDispatcher.php:146
[16-Jan-2022 09:36:04 America/New_York] PHP  10. Joomla\Component\Mymuse\Site\Controller\DisplayController->display() /var/www/html/mymuseJ4/joomla/libraries/src/MVC/Controller/BaseController.php:730
[16-Jan-2022 09:36:04 America/New_York] PHP  11. Joomla\Component\Mymuse\Site\Controller\DisplayController->display() /var/www/html/mymuseJ4/joomla/components/com_mymuse/src/Controller/DisplayController.php:296
[16-Jan-2022 09:36:04 America/New_York] PHP  12. Joomla\Component\Mymuse\Site\View\Product\HtmlView->display() /var/www/html/mymuseJ4/joomla/libraries/src/MVC/Controller/BaseController.php:692
[16-Jan-2022 09:36:04 America/New_York] PHP  13. Joomla\Component\Mymuse\Site\View\Product\HtmlView->display() /var/www/html/mymuseJ4/joomla/components/com_mymuse/src/View/Product/HtmlView.php:315
[16-Jan-2022 09:36:04 America/New_York] PHP  14. Joomla\Component\Mymuse\Site\View\Product\HtmlView->loadTemplate() /var/www/html/mymuseJ4/joomla/libraries/src/MVC/View/HtmlView.php:218
[16-Jan-2022 09:36:04 America/New_York] PHP  15. include() /var/www/html/mymuseJ4/joomla/libraries/src/MVC/View/HtmlView.php:429
[16-Jan-2022 09:36:04 America/New_York] PHP  16. Joomla\Component\Mymuse\Site\View\Product\HtmlView->loadTemplate() /var/www/html/mymuseJ4/joomla/components/com_mymuse/tmpl/product/product.php:524
[16-Jan-2022 09:36:04 America/New_York] PHP  17. include() /var/www/html/mymuseJ4/joomla/libraries/src/MVC/View/HtmlView.php:429
[16-Jan-2022 09:36:04 America/New_York] PHP  18. Joomla\Component\Mymuse\Site\View\Product\HtmlView->loadTemplate() /var/www/html/mymuseJ4/joomla/components/com_mymuse/tmpl/product/product_layout.php:60
[16-Jan-2022 09:36:04 America/New_York] PHP  19. include() /var/www/html/mymuseJ4/joomla/libraries/src/MVC/View/HtmlView.php:429
[16-Jan-2022 09:36:04 America/New_York] PHP  20. Joomla\CMS\Router\Route::_() /var/www/html/mymuseJ4/joomla/components/com_mymuse/tmpl/product/product_details.php:32
[16-Jan-2022 09:36:04 America/New_York] PHP  21. Joomla\CMS\Router\Route::link() /var/www/html/mymuseJ4/joomla/libraries/src/Router/Route.php:94
[16-Jan-2022 09:36:04 America/New_York] PHP  22. Joomla\CMS\Router\SiteRouter->build() /var/www/html/mymuseJ4/joomla/libraries/src/Router/Route.php:145
[16-Jan-2022 09:36:04 America/New_York] PHP  23. Joomla\CMS\Router\SiteRouter->processBuildRules() /var/www/html/mymuseJ4/joomla/libraries/src/Router/Router.php:197
[16-Jan-2022 09:36:04 America/New_York] PHP  24. Joomla\CMS\Router\SiteRouter->buildSefRoute() /var/www/html/mymuseJ4/joomla/libraries/src/Router/Router.php:425
[16-Jan-2022 09:36:04 America/New_York] PHP  25. Joomla\Component\Mymuse\Site\Service\Router->build() /var/www/html/mymuseJ4/joomla/libraries/src/Router/SiteRouter.php:477
[16-Jan-2022 09:36:04 America/New_York] PHP  26. Joomla\Component\Mymuse\Site\Service\MymuseNomenuRules->build() /var/www/html/mymuseJ4/joomla/libraries/src/Component/Router/RouterView.php:245
[16-Jan-2022 09:38:17 America/New_York] PHP Notice:  Undefined variable: menuItemGiven in /var/www/html/mymuseJ4/joomla/components/com_mymuse/src/Service/MymuseNomenuRules.php on line 504
[16-Jan-2022 09:38:17 America/New_York] PHP Stack trace:
[16-Jan-2022 09:38:17 America/New_York] PHP   1. {main}() /var/www/html/mymuseJ4/joomla/index.php:0
[16-Jan-2022 09:38:17 America/New_York] PHP   2. require_once() /var/www/html/mymuseJ4/joomla/index.php:32
[16-Jan-2022 09:38:17 America/New_York] PHP   3. Joomla\CMS\Application\SiteApplication->execute() /var/www/html/mymuseJ4/joomla/includes/app.php:63
[16-Jan-2022 09:38:17 America/New_York] PHP   4. Joomla\CMS\Application\SiteApplication->doExecute() /var/www/html/mymuseJ4/joomla/libraries/src/Application/CMSApplication.php:278
[16-Jan-2022 09:38:17 America/New_York] PHP   5. Joomla\CMS\Application\SiteApplication->dispatch() /var/www/html/mymuseJ4/joomla/libraries/src/Application/SiteApplication.php:245
[16-Jan-2022 09:38:17 America/New_York] PHP   6. Joomla\CMS\Component\ComponentHelper::renderComponent() /var/www/html/mymuseJ4/joomla/libraries/src/Application/SiteApplication.php:206
[16-Jan-2022 09:38:17 America/New_York] PHP   7. Joomla\Component\Mymuse\Site\Dispatcher\Dispatcher->dispatch() /var/www/html/mymuseJ4/joomla/libraries/src/Component/ComponentHelper.php:389
[16-Jan-2022 09:38:17 America/New_York] PHP   8. Joomla\Component\Mymuse\Site\Dispatcher\Dispatcher->dispatch() /var/www/html/mymuseJ4/joomla/components/com_mymuse/src/Dispatcher/Dispatcher.php:56
[16-Jan-2022 09:38:17 America/New_York] PHP   9. Joomla\Component\Mymuse\Site\Controller\DisplayController->execute() /var/www/html/mymuseJ4/joomla/libraries/src/Dispatcher/ComponentDispatcher.php:146
[16-Jan-2022 09:38:17 America/New_York] PHP  10. Joomla\Component\Mymuse\Site\Controller\DisplayController->display() /var/www/html/mymuseJ4/joomla/libraries/src/MVC/Controller/BaseController.php:730
[16-Jan-2022 09:38:17 America/New_York] PHP  11. Joomla\Component\Mymuse\Site\Controller\DisplayController->display() /var/www/html/mymuseJ4/joomla/components/com_mymuse/src/Controller/DisplayController.php:296
[16-Jan-2022 09:38:17 America/New_York] PHP  12. Joomla\Component\Mymuse\Site\View\Product\HtmlView->display() /var/www/html/mymuseJ4/joomla/libraries/src/MVC/Controller/BaseController.php:692
[16-Jan-2022 09:38:17 America/New_York] PHP  13. Joomla\Component\Mymuse\Site\View\Product\HtmlView->display() /var/www/html/mymuseJ4/joomla/components/com_mymuse/src/View/Product/HtmlView.php:315
[16-Jan-2022 09:38:17 America/New_York] PHP  14. Joomla\Component\Mymuse\Site\View\Product\HtmlView->loadTemplate() /var/www/html/mymuseJ4/joomla/libraries/src/MVC/View/HtmlView.php:218
[16-Jan-2022 09:38:17 America/New_York] PHP  15. include() /var/www/html/mymuseJ4/joomla/libraries/src/MVC/View/HtmlView.php:429
[16-Jan-2022 09:38:17 America/New_York] PHP  16. Joomla\Component\Mymuse\Site\View\Product\HtmlView->loadTemplate() /var/www/html/mymuseJ4/joomla/components/com_mymuse/tmpl/product/product.php:524
[16-Jan-2022 09:38:17 America/New_York] PHP  17. include() /var/www/html/mymuseJ4/joomla/libraries/src/MVC/View/HtmlView.php:429
[16-Jan-2022 09:38:17 America/New_York] PHP  18. Joomla\Component\Mymuse\Site\View\Product\HtmlView->loadTemplate() /var/www/html/mymuseJ4/joomla/components/com_mymuse/tmpl/product/product_layout.php:60
[16-Jan-2022 09:38:17 America/New_York] PHP  19. include() /var/www/html/mymuseJ4/joomla/libraries/src/MVC/View/HtmlView.php:429
[16-Jan-2022 09:38:17 America/New_York] PHP  20. Joomla\CMS\Router\Route::_() /var/www/html/mymuseJ4/joomla/components/com_mymuse/tmpl/product/product_details.php:32
[16-Jan-2022 09:38:17 America/New_York] PHP  21. Joomla\CMS\Router\Route::link() /var/www/html/mymuseJ4/joomla/libraries/src/Router/Route.php:94
[16-Jan-2022 09:38:17 America/New_York] PHP  22. Joomla\CMS\Router\SiteRouter->build() /var/www/html/mymuseJ4/joomla/libraries/src/Router/Route.php:145
[16-Jan-2022 09:38:17 America/New_York] PHP  23. Joomla\CMS\Router\SiteRouter->processBuildRules() /var/www/html/mymuseJ4/joomla/libraries/src/Router/Router.php:197
[16-Jan-2022 09:38:17 America/New_York] PHP  24. Joomla\CMS\Router\SiteRouter->buildSefRoute() /var/www/html/mymuseJ4/joomla/libraries/src/Router/Router.php:425
[16-Jan-2022 09:38:17 America/New_York] PHP  25. Joomla\Component\Mymuse\Site\Service\Router->build() /var/www/html/mymuseJ4/joomla/libraries/src/Router/SiteRouter.php:477
[16-Jan-2022 09:38:17 America/New_York] PHP  26. Joomla\Component\Mymuse\Site\Service\MymuseNomenuRules->build() /var/www/html/mymuseJ4/joomla/libraries/src/Component/Router/RouterView.php:245
[16-Jan-2022 09:38:31 America/New_York] PHP Notice:  Undefined variable: menuItemGiven in /var/www/html/mymuseJ4/joomla/components/com_mymuse/src/Service/MymuseNomenuRules.php on line 504
[16-Jan-2022 09:38:31 America/New_York] PHP Stack trace:
[16-Jan-2022 09:38:31 America/New_York] PHP   1. {main}() /var/www/html/mymuseJ4/joomla/index.php:0
[16-Jan-2022 09:38:31 America/New_York] PHP   2. require_once() /var/www/html/mymuseJ4/joomla/index.php:32
[16-Jan-2022 09:38:31 America/New_York] PHP   3. Joomla\CMS\Application\SiteApplication->execute() /var/www/html/mymuseJ4/joomla/includes/app.php:63
[16-Jan-2022 09:38:31 America/New_York] PHP   4. Joomla\CMS\Application\SiteApplication->doExecute() /var/www/html/mymuseJ4/joomla/libraries/src/Application/CMSApplication.php:278
[16-Jan-2022 09:38:31 America/New_York] PHP   5. Joomla\CMS\Application\SiteApplication->dispatch() /var/www/html/mymuseJ4/joomla/libraries/src/Application/SiteApplication.php:245
[16-Jan-2022 09:38:31 America/New_York] PHP   6. Joomla\CMS\Component\ComponentHelper::renderComponent() /var/www/html/mymuseJ4/joomla/libraries/src/Application/SiteApplication.php:206
[16-Jan-2022 09:38:31 America/New_York] PHP   7. Joomla\Component\Mymuse\Site\Dispatcher\Dispatcher->dispatch() /var/www/html/mymuseJ4/joomla/libraries/src/Component/ComponentHelper.php:389
[16-Jan-2022 09:38:31 America/New_York] PHP   8. Joomla\Component\Mymuse\Site\Dispatcher\Dispatcher->dispatch() /var/www/html/mymuseJ4/joomla/components/com_mymuse/src/Dispatcher/Dispatcher.php:56
[16-Jan-2022 09:38:31 America/New_York] PHP   9. Joomla\Component\Mymuse\Site\Controller\DisplayController->execute() /var/www/html/mymuseJ4/joomla/libraries/src/Dispatcher/ComponentDispatcher.php:146
[16-Jan-2022 09:38:31 America/New_York] PHP  10. Joomla\Component\Mymuse\Site\Controller\DisplayController->display() /var/www/html/mymuseJ4/joomla/libraries/src/MVC/Controller/BaseController.php:730
[16-Jan-2022 09:38:31 America/New_York] PHP  11. Joomla\Component\Mymuse\Site\Controller\DisplayController->display() /var/www/html/mymuseJ4/joomla/components/com_mymuse/src/Controller/DisplayController.php:296
[16-Jan-2022 09:38:31 America/New_York] PHP  12. Joomla\Component\Mymuse\Site\View\Product\HtmlView->display() /var/www/html/mymuseJ4/joomla/libraries/src/MVC/Controller/BaseController.php:692
[16-Jan-2022 09:38:31 America/New_York] PHP  13. Joomla\Component\Mymuse\Site\View\Product\HtmlView->display() /var/www/html/mymuseJ4/joomla/components/com_mymuse/src/View/Product/HtmlView.php:315
[16-Jan-2022 09:38:31 America/New_York] PHP  14. Joomla\Component\Mymuse\Site\View\Product\HtmlView->loadTemplate() /var/www/html/mymuseJ4/joomla/libraries/src/MVC/View/HtmlView.php:218
[16-Jan-2022 09:38:31 America/New_York] PHP  15. include() /var/www/html/mymuseJ4/joomla/libraries/src/MVC/View/HtmlView.php:429
[16-Jan-2022 09:38:31 America/New_York] PHP  16. Joomla\Component\Mymuse\Site\View\Product\HtmlView->loadTemplate() /var/www/html/mymuseJ4/joomla/components/com_mymuse/tmpl/product/product.php:524
[16-Jan-2022 09:38:31 America/New_York] PHP  17. include() /var/www/html/mymuseJ4/joomla/libraries/src/MVC/View/HtmlView.php:429
[16-Jan-2022 09:38:31 America/New_York] PHP  18. Joomla\Component\Mymuse\Site\View\Product\HtmlView->loadTemplate() /var/www/html/mymuseJ4/joomla/components/com_mymuse/tmpl/product/product_layout.php:60
[16-Jan-2022 09:38:31 America/New_York] PHP  19. include() /var/www/html/mymuseJ4/joomla/libraries/src/MVC/View/HtmlView.php:429
[16-Jan-2022 09:38:31 America/New_York] PHP  20. Joomla\CMS\Router\Route::_() /var/www/html/mymuseJ4/joomla/components/com_mymuse/tmpl/product/product_details.php:32
[16-Jan-2022 09:38:31 America/New_York] PHP  21. Joomla\CMS\Router\Route::link() /var/www/html/mymuseJ4/joomla/libraries/src/Router/Route.php:94
[16-Jan-2022 09:38:31 America/New_York] PHP  22. Joomla\CMS\Router\SiteRouter->build() /var/www/html/mymuseJ4/joomla/libraries/src/Router/Route.php:145
[16-Jan-2022 09:38:31 America/New_York] PHP  23. Joomla\CMS\Router\SiteRouter->processBuildRules() /var/www/html/mymuseJ4/joomla/libraries/src/Router/Router.php:197
[16-Jan-2022 09:38:31 America/New_York] PHP  24. Joomla\CMS\Router\SiteRouter->buildSefRoute() /var/www/html/mymuseJ4/joomla/libraries/src/Router/Router.php:425
[16-Jan-2022 09:38:31 America/New_York] PHP  25. Joomla\Component\Mymuse\Site\Service\Router->build() /var/www/html/mymuseJ4/joomla/libraries/src/Router/SiteRouter.php:477
[16-Jan-2022 09:38:31 America/New_York] PHP  26. Joomla\Component\Mymuse\Site\Service\MymuseNomenuRules->build() /var/www/html/mymuseJ4/joomla/libraries/src/Component/Router/RouterView.php:245
[16-Jan-2022 09:42:14 America/New_York] PHP Notice:  Undefined variable: menuItemGiven in /var/www/html/mymuseJ4/joomla/components/com_mymuse/src/Service/MymuseNomenuRules.php on line 504
[16-Jan-2022 09:42:14 America/New_York] PHP Stack trace:
[16-Jan-2022 09:42:14 America/New_York] PHP   1. {main}() /var/www/html/mymuseJ4/joomla/index.php:0
[16-Jan-2022 09:42:14 America/New_York] PHP   2. require_once() /var/www/html/mymuseJ4/joomla/index.php:32
[16-Jan-2022 09:42:14 America/New_York] PHP   3. Joomla\CMS\Application\SiteApplication->execute() /var/www/html/mymuseJ4/joomla/includes/app.php:63
[16-Jan-2022 09:42:14 America/New_York] PHP   4. Joomla\CMS\Application\SiteApplication->doExecute() /var/www/html/mymuseJ4/joomla/libraries/src/Application/CMSApplication.php:278
[16-Jan-2022 09:42:14 America/New_York] PHP   5. Joomla\CMS\Application\SiteApplication->dispatch() /var/www/html/mymuseJ4/joomla/libraries/src/Application/SiteApplication.php:245
[16-Jan-2022 09:42:14 America/New_York] PHP   6. Joomla\CMS\Component\ComponentHelper::renderComponent() /var/www/html/mymuseJ4/joomla/libraries/src/Application/SiteApplication.php:206
[16-Jan-2022 09:42:14 America/New_York] PHP   7. Joomla\Component\Mymuse\Site\Dispatcher\Dispatcher->dispatch() /var/www/html/mymuseJ4/joomla/libraries/src/Component/ComponentHelper.php:389
[16-Jan-2022 09:42:14 America/New_York] PHP   8. Joomla\Component\Mymuse\Site\Dispatcher\Dispatcher->dispatch() /var/www/html/mymuseJ4/joomla/components/com_mymuse/src/Dispatcher/Dispatcher.php:56
[16-Jan-2022 09:42:14 America/New_York] PHP   9. Joomla\Component\Mymuse\Site\Controller\DisplayController->execute() /var/www/html/mymuseJ4/joomla/libraries/src/Dispatcher/ComponentDispatcher.php:146
[16-Jan-2022 09:42:14 America/New_York] PHP  10. Joomla\Component\Mymuse\Site\Controller\DisplayController->display() /var/www/html/mymuseJ4/joomla/libraries/src/MVC/Controller/BaseController.php:730
[16-Jan-2022 09:42:14 America/New_York] PHP  11. Joomla\Component\Mymuse\Site\Controller\DisplayController->display() /var/www/html/mymuseJ4/joomla/components/com_mymuse/src/Controller/DisplayController.php:296
[16-Jan-2022 09:42:14 America/New_York] PHP  12. Joomla\Component\Mymuse\Site\View\Product\HtmlView->display() /var/www/html/mymuseJ4/joomla/libraries/src/MVC/Controller/BaseController.php:692
[16-Jan-2022 09:42:14 America/New_York] PHP  13. Joomla\Component\Mymuse\Site\View\Product\HtmlView->display() /var/www/html/mymuseJ4/joomla/components/com_mymuse/src/View/Product/HtmlView.php:315
[16-Jan-2022 09:42:14 America/New_York] PHP  14. Joomla\Component\Mymuse\Site\View\Product\HtmlView->loadTemplate() /var/www/html/mymuseJ4/joomla/libraries/src/MVC/View/HtmlView.php:218
[16-Jan-2022 09:42:14 America/New_York] PHP  15. include() /var/www/html/mymuseJ4/joomla/libraries/src/MVC/View/HtmlView.php:429
[16-Jan-2022 09:42:14 America/New_York] PHP  16. Joomla\Component\Mymuse\Site\View\Product\HtmlView->loadTemplate() /var/www/html/mymuseJ4/joomla/components/com_mymuse/tmpl/product/product.php:524
[16-Jan-2022 09:42:14 America/New_York] PHP  17. include() /var/www/html/mymuseJ4/joomla/libraries/src/MVC/View/HtmlView.php:429
[16-Jan-2022 09:42:14 America/New_York] PHP  18. Joomla\Component\Mymuse\Site\View\Product\HtmlView->loadTemplate() /var/www/html/mymuseJ4/joomla/components/com_mymuse/tmpl/product/product_layout.php:60
[16-Jan-2022 09:42:14 America/New_York] PHP  19. include() /var/www/html/mymuseJ4/joomla/libraries/src/MVC/View/HtmlView.php:429
[16-Jan-2022 09:42:14 America/New_York] PHP  20. Joomla\CMS\Router\Route::_() /var/www/html/mymuseJ4/joomla/components/com_mymuse/tmpl/product/product_details.php:32
[16-Jan-2022 09:42:14 America/New_York] PHP  21. Joomla\CMS\Router\Route::link() /var/www/html/mymuseJ4/joomla/libraries/src/Router/Route.php:94
[16-Jan-2022 09:42:14 America/New_York] PHP  22. Joomla\CMS\Router\SiteRouter->build() /var/www/html/mymuseJ4/joomla/libraries/src/Router/Route.php:145
[16-Jan-2022 09:42:14 America/New_York] PHP  23. Joomla\CMS\Router\SiteRouter->processBuildRules() /var/www/html/mymuseJ4/joomla/libraries/src/Router/Router.php:197
[16-Jan-2022 09:42:14 America/New_York] PHP  24. Joomla\CMS\Router\SiteRouter->buildSefRoute() /var/www/html/mymuseJ4/joomla/libraries/src/Router/Router.php:425
[16-Jan-2022 09:42:14 America/New_York] PHP  25. Joomla\Component\Mymuse\Site\Service\Router->build() /var/www/html/mymuseJ4/joomla/libraries/src/Router/SiteRouter.php:477
[16-Jan-2022 09:42:14 America/New_York] PHP  26. Joomla\Component\Mymuse\Site\Service\MymuseNomenuRules->build() /var/www/html/mymuseJ4/joomla/libraries/src/Component/Router/RouterView.php:245
[16-Jan-2022 09:44:57 America/New_York] PHP Notice:  Undefined variable: menuItemGiven in /var/www/html/mymuseJ4/joomla/components/com_mymuse/src/Service/MymuseNomenuRules.php on line 504
[16-Jan-2022 09:44:57 America/New_York] PHP Stack trace:
[16-Jan-2022 09:44:57 America/New_York] PHP   1. {main}() /var/www/html/mymuseJ4/joomla/index.php:0
[16-Jan-2022 09:44:57 America/New_York] PHP   2. require_once() /var/www/html/mymuseJ4/joomla/index.php:32
[16-Jan-2022 09:44:57 America/New_York] PHP   3. Joomla\CMS\Application\SiteApplication->execute() /var/www/html/mymuseJ4/joomla/includes/app.php:63
[16-Jan-2022 09:44:57 America/New_York] PHP   4. Joomla\CMS\Application\SiteApplication->doExecute() /var/www/html/mymuseJ4/joomla/libraries/src/Application/CMSApplication.php:278
[16-Jan-2022 09:44:57 America/New_York] PHP   5. Joomla\CMS\Application\SiteApplication->dispatch() /var/www/html/mymuseJ4/joomla/libraries/src/Application/SiteApplication.php:245
[16-Jan-2022 09:44:57 America/New_York] PHP   6. Joomla\CMS\Component\ComponentHelper::renderComponent() /var/www/html/mymuseJ4/joomla/libraries/src/Application/SiteApplication.php:206
[16-Jan-2022 09:44:57 America/New_York] PHP   7. Joomla\Component\Mymuse\Site\Dispatcher\Dispatcher->dispatch() /var/www/html/mymuseJ4/joomla/libraries/src/Component/ComponentHelper.php:389
[16-Jan-2022 09:44:57 America/New_York] PHP   8. Joomla\Component\Mymuse\Site\Dispatcher\Dispatcher->dispatch() /var/www/html/mymuseJ4/joomla/components/com_mymuse/src/Dispatcher/Dispatcher.php:56
[16-Jan-2022 09:44:57 America/New_York] PHP   9. Joomla\Component\Mymuse\Site\Controller\DisplayController->execute() /var/www/html/mymuseJ4/joomla/libraries/src/Dispatcher/ComponentDispatcher.php:146
[16-Jan-2022 09:44:57 America/New_York] PHP  10. Joomla\Component\Mymuse\Site\Controller\DisplayController->display() /var/www/html/mymuseJ4/joomla/libraries/src/MVC/Controller/BaseController.php:730
[16-Jan-2022 09:44:57 America/New_York] PHP  11. Joomla\Component\Mymuse\Site\Controller\DisplayController->display() /var/www/html/mymuseJ4/joomla/components/com_mymuse/src/Controller/DisplayController.php:296
[16-Jan-2022 09:44:57 America/New_York] PHP  12. Joomla\Component\Mymuse\Site\View\Product\HtmlView->display() /var/www/html/mymuseJ4/joomla/libraries/src/MVC/Controller/BaseController.php:692
[16-Jan-2022 09:44:57 America/New_York] PHP  13. Joomla\Component\Mymuse\Site\View\Product\HtmlView->display() /var/www/html/mymuseJ4/joomla/components/com_mymuse/src/View/Product/HtmlView.php:315
[16-Jan-2022 09:44:57 America/New_York] PHP  14. Joomla\Component\Mymuse\Site\View\Product\HtmlView->loadTemplate() /var/www/html/mymuseJ4/joomla/libraries/src/MVC/View/HtmlView.php:218
[16-Jan-2022 09:44:57 America/New_York] PHP  15. include() /var/www/html/mymuseJ4/joomla/libraries/src/MVC/View/HtmlView.php:429
[16-Jan-2022 09:44:57 America/New_York] PHP  16. Joomla\Component\Mymuse\Site\View\Product\HtmlView->loadTemplate() /var/www/html/mymuseJ4/joomla/components/com_mymuse/tmpl/product/product.php:524
[16-Jan-2022 09:44:57 America/New_York] PHP  17. include() /var/www/html/mymuseJ4/joomla/libraries/src/MVC/View/HtmlView.php:429
[16-Jan-2022 09:44:57 America/New_York] PHP  18. Joomla\Component\Mymuse\Site\View\Product\HtmlView->loadTemplate() /var/www/html/mymuseJ4/joomla/components/com_mymuse/tmpl/product/product_layout.php:60
[16-Jan-2022 09:44:57 America/New_York] PHP  19. include() /var/www/html/mymuseJ4/joomla/libraries/src/MVC/View/HtmlView.php:429
[16-Jan-2022 09:44:57 America/New_York] PHP  20. Joomla\CMS\Router\Route::_() /var/www/html/mymuseJ4/joomla/components/com_mymuse/tmpl/product/product_details.php:32
[16-Jan-2022 09:44:57 America/New_York] PHP  21. Joomla\CMS\Router\Route::link() /var/www/html/mymuseJ4/joomla/libraries/src/Router/Route.php:94
[16-Jan-2022 09:44:57 America/New_York] PHP  22. Joomla\CMS\Router\SiteRouter->build() /var/www/html/mymuseJ4/joomla/libraries/src/Router/Route.php:145
[16-Jan-2022 09:44:57 America/New_York] PHP  23. Joomla\CMS\Router\SiteRouter->processBuildRules() /var/www/html/mymuseJ4/joomla/libraries/src/Router/Router.php:197
[16-Jan-2022 09:44:57 America/New_York] PHP  24. Joomla\CMS\Router\SiteRouter->buildSefRoute() /var/www/html/mymuseJ4/joomla/libraries/src/Router/Router.php:425
[16-Jan-2022 09:44:57 America/New_York] PHP  25. Joomla\Component\Mymuse\Site\Service\Router->build() /var/www/html/mymuseJ4/joomla/libraries/src/Router/SiteRouter.php:477
[16-Jan-2022 09:44:57 America/New_York] PHP  26. Joomla\Component\Mymuse\Site\Service\MymuseNomenuRules->build() /var/www/html/mymuseJ4/joomla/libraries/src/Component/Router/RouterView.php:245
[16-Jan-2022 09:45:40 America/New_York] PHP Notice:  Undefined variable: menuItemGiven in /var/www/html/mymuseJ4/joomla/components/com_mymuse/src/Service/MymuseNomenuRules.php on line 504
[16-Jan-2022 09:45:40 America/New_York] PHP Stack trace:
[16-Jan-2022 09:45:40 America/New_York] PHP   1. {main}() /var/www/html/mymuseJ4/joomla/index.php:0
[16-Jan-2022 09:45:40 America/New_York] PHP   2. require_once() /var/www/html/mymuseJ4/joomla/index.php:32
[16-Jan-2022 09:45:40 America/New_York] PHP   3. Joomla\CMS\Application\SiteApplication->execute() /var/www/html/mymuseJ4/joomla/includes/app.php:63
[16-Jan-2022 09:45:40 America/New_York] PHP   4. Joomla\CMS\Application\SiteApplication->doExecute() /var/www/html/mymuseJ4/joomla/libraries/src/Application/CMSApplication.php:278
[16-Jan-2022 09:45:40 America/New_York] PHP   5. Joomla\CMS\Application\SiteApplication->dispatch() /var/www/html/mymuseJ4/joomla/libraries/src/Application/SiteApplication.php:245
[16-Jan-2022 09:45:40 America/New_York] PHP   6. Joomla\CMS\Component\ComponentHelper::renderComponent() /var/www/html/mymuseJ4/joomla/libraries/src/Application/SiteApplication.php:206
[16-Jan-2022 09:45:40 America/New_York] PHP   7. Joomla\Component\Mymuse\Site\Dispatcher\Dispatcher->dispatch() /var/www/html/mymuseJ4/joomla/libraries/src/Component/ComponentHelper.php:389
[16-Jan-2022 09:45:40 America/New_York] PHP   8. Joomla\Component\Mymuse\Site\Dispatcher\Dispatcher->dispatch() /var/www/html/mymuseJ4/joomla/components/com_mymuse/src/Dispatcher/Dispatcher.php:56
[16-Jan-2022 09:45:40 America/New_York] PHP   9. Joomla\Component\Mymuse\Site\Controller\DisplayController->execute() /var/www/html/mymuseJ4/joomla/libraries/src/Dispatcher/ComponentDispatcher.php:146
[16-Jan-2022 09:45:40 America/New_York] PHP  10. Joomla\Component\Mymuse\Site\Controller\DisplayController->display() /var/www/html/mymuseJ4/joomla/libraries/src/MVC/Controller/BaseController.php:730
[16-Jan-2022 09:45:40 America/New_York] PHP  11. Joomla\Component\Mymuse\Site\Controller\DisplayController->display() /var/www/html/mymuseJ4/joomla/components/com_mymuse/src/Controller/DisplayController.php:296
[16-Jan-2022 09:45:40 America/New_York] PHP  12. Joomla\Component\Mymuse\Site\View\Product\HtmlView->display() /var/www/html/mymuseJ4/joomla/libraries/src/MVC/Controller/BaseController.php:692
[16-Jan-2022 09:45:40 America/New_York] PHP  13. Joomla\Component\Mymuse\Site\View\Product\HtmlView->display() /var/www/html/mymuseJ4/joomla/components/com_mymuse/src/View/Product/HtmlView.php:315
[16-Jan-2022 09:45:40 America/New_York] PHP  14. Joomla\Component\Mymuse\Site\View\Product\HtmlView->loadTemplate() /var/www/html/mymuseJ4/joomla/libraries/src/MVC/View/HtmlView.php:218
[16-Jan-2022 09:45:40 America/New_York] PHP  15. include() /var/www/html/mymuseJ4/joomla/libraries/src/MVC/View/HtmlView.php:429
[16-Jan-2022 09:45:40 America/New_York] PHP  16. Joomla\Component\Mymuse\Site\View\Product\HtmlView->loadTemplate() /var/www/html/mymuseJ4/joomla/components/com_mymuse/tmpl/product/product.php:524
[16-Jan-2022 09:45:40 America/New_York] PHP  17. include() /var/www/html/mymuseJ4/joomla/libraries/src/MVC/View/HtmlView.php:429
[16-Jan-2022 09:45:40 America/New_York] PHP  18. Joomla\Component\Mymuse\Site\View\Product\HtmlView->loadTemplate() /var/www/html/mymuseJ4/joomla/components/com_mymuse/tmpl/product/product_layout.php:60
[16-Jan-2022 09:45:40 America/New_York] PHP  19. include() /var/www/html/mymuseJ4/joomla/libraries/src/MVC/View/HtmlView.php:429
[16-Jan-2022 09:45:40 America/New_York] PHP  20. Joomla\CMS\Router\Route::_() /var/www/html/mymuseJ4/joomla/components/com_mymuse/tmpl/product/product_details.php:32
[16-Jan-2022 09:45:40 America/New_York] PHP  21. Joomla\CMS\Router\Route::link() /var/www/html/mymuseJ4/joomla/libraries/src/Router/Route.php:94
[16-Jan-2022 09:45:40 America/New_York] PHP  22. Joomla\CMS\Router\SiteRouter->build() /var/www/html/mymuseJ4/joomla/libraries/src/Router/Route.php:145
[16-Jan-2022 09:45:40 America/New_York] PHP  23. Joomla\CMS\Router\SiteRouter->processBuildRules() /var/www/html/mymuseJ4/joomla/libraries/src/Router/Router.php:197
[16-Jan-2022 09:45:40 America/New_York] PHP  24. Joomla\CMS\Router\SiteRouter->buildSefRoute() /var/www/html/mymuseJ4/joomla/libraries/src/Router/Router.php:425
[16-Jan-2022 09:45:40 America/New_York] PHP  25. Joomla\Component\Mymuse\Site\Service\Router->build() /var/www/html/mymuseJ4/joomla/libraries/src/Router/SiteRouter.php:477
[16-Jan-2022 09:45:40 America/New_York] PHP  26. Joomla\Component\Mymuse\Site\Service\MymuseNomenuRules->build() /var/www/html/mymuseJ4/joomla/libraries/src/Component/Router/RouterView.php:245
[16-Jan-2022 09:54:30 America/New_York] PHP Notice:  Undefined property: stdClass::$file_name in /var/www/html/mymuseJ4/joomla/components/com_mymuse/src/Helper/CheckoutHelper.php on line 180
[16-Jan-2022 09:54:30 America/New_York] PHP Stack trace:
[16-Jan-2022 09:54:30 America/New_York] PHP   1. {main}() /var/www/html/mymuseJ4/joomla/index.php:0
[16-Jan-2022 09:54:30 America/New_York] PHP   2. require_once() /var/www/html/mymuseJ4/joomla/index.php:32
[16-Jan-2022 09:54:30 America/New_York] PHP   3. Joomla\CMS\Application\SiteApplication->execute() /var/www/html/mymuseJ4/joomla/includes/app.php:63
[16-Jan-2022 09:54:30 America/New_York] PHP   4. Joomla\CMS\Application\SiteApplication->doExecute() /var/www/html/mymuseJ4/joomla/libraries/src/Application/CMSApplication.php:278
[16-Jan-2022 09:54:30 America/New_York] PHP   5. Joomla\CMS\Application\SiteApplication->dispatch() /var/www/html/mymuseJ4/joomla/libraries/src/Application/SiteApplication.php:245
[16-Jan-2022 09:54:30 America/New_York] PHP   6. Joomla\CMS\Component\ComponentHelper::renderComponent() /var/www/html/mymuseJ4/joomla/libraries/src/Application/SiteApplication.php:206
[16-Jan-2022 09:54:30 America/New_York] PHP   7. Joomla\Component\Mymuse\Site\Dispatcher\Dispatcher->dispatch() /var/www/html/mymuseJ4/joomla/libraries/src/Component/ComponentHelper.php:389
[16-Jan-2022 09:54:30 America/New_York] PHP   8. Joomla\Component\Mymuse\Site\Dispatcher\Dispatcher->dispatch() /var/www/html/mymuseJ4/joomla/components/com_mymuse/src/Dispatcher/Dispatcher.php:56
[16-Jan-2022 09:54:30 America/New_York] PHP   9. Joomla\Component\Mymuse\Site\Controller\DisplayController->execute() /var/www/html/mymuseJ4/joomla/libraries/src/Dispatcher/ComponentDispatcher.php:146
[16-Jan-2022 09:54:30 America/New_York] PHP  10. Joomla\Component\Mymuse\Site\Controller\DisplayController->confirm() /var/www/html/mymuseJ4/joomla/libraries/src/MVC/Controller/BaseController.php:730
[16-Jan-2022 09:54:30 America/New_York] PHP  11. Joomla\Component\Mymuse\Site\Helper\CheckoutHelper->save() /var/www/html/mymuseJ4/joomla/components/com_mymuse/src/Controller/DisplayController.php:713
[16-Jan-2022 10:00:14 America/New_York] PHP Notice:  Undefined property: stdClass::$file_name in /var/www/html/mymuseJ4/joomla/components/com_mymuse/src/Helper/CheckoutHelper.php on line 180
[16-Jan-2022 10:00:14 America/New_York] PHP Stack trace:
[16-Jan-2022 10:00:14 America/New_York] PHP   1. {main}() /var/www/html/mymuseJ4/joomla/index.php:0
[16-Jan-2022 10:00:14 America/New_York] PHP   2. require_once() /var/www/html/mymuseJ4/joomla/index.php:32
[16-Jan-2022 10:00:14 America/New_York] PHP   3. Joomla\CMS\Application\SiteApplication->execute() /var/www/html/mymuseJ4/joomla/includes/app.php:63
[16-Jan-2022 10:00:14 America/New_York] PHP   4. Joomla\CMS\Application\SiteApplication->doExecute() /var/www/html/mymuseJ4/joomla/libraries/src/Application/CMSApplication.php:278
[16-Jan-2022 10:00:14 America/New_York] PHP   5. Joomla\CMS\Application\SiteApplication->dispatch() /var/www/html/mymuseJ4/joomla/libraries/src/Application/SiteApplication.php:245
[16-Jan-2022 10:00:14 America/New_York] PHP   6. Joomla\CMS\Component\ComponentHelper::renderComponent() /var/www/html/mymuseJ4/joomla/libraries/src/Application/SiteApplication.php:206
[16-Jan-2022 10:00:14 America/New_York] PHP   7. Joomla\Component\Mymuse\Site\Dispatcher\Dispatcher->dispatch() /var/www/html/mymuseJ4/joomla/libraries/src/Component/ComponentHelper.php:389
[16-Jan-2022 10:00:14 America/New_York] PHP   8. Joomla\Component\Mymuse\Site\Dispatcher\Dispatcher->dispatch() /var/www/html/mymuseJ4/joomla/components/com_mymuse/src/Dispatcher/Dispatcher.php:56
[16-Jan-2022 10:00:14 America/New_York] PHP   9. Joomla\Component\Mymuse\Site\Controller\DisplayController->execute() /var/www/html/mymuseJ4/joomla/libraries/src/Dispatcher/ComponentDispatcher.php:146
[16-Jan-2022 10:00:14 America/New_York] PHP  10. Joomla\Component\Mymuse\Site\Controller\DisplayController->confirm() /var/www/html/mymuseJ4/joomla/libraries/src/MVC/Controller/BaseController.php:730
[16-Jan-2022 10:00:14 America/New_York] PHP  11. Joomla\Component\Mymuse\Site\Helper\CheckoutHelper->save() /var/www/html/mymuseJ4/joomla/components/com_mymuse/src/Controller/DisplayController.php:713
[16-Jan-2022 10:00:14 America/New_York] PHP Notice:  Undefined property: stdClass::$file_length in /var/www/html/mymuseJ4/joomla/components/com_mymuse/src/Helper/CheckoutHelper.php on line 399
[16-Jan-2022 10:00:14 America/New_York] PHP Stack trace:
[16-Jan-2022 10:00:14 America/New_York] PHP   1. {main}() /var/www/html/mymuseJ4/joomla/index.php:0
[16-Jan-2022 10:00:14 America/New_York] PHP   2. require_once() /var/www/html/mymuseJ4/joomla/index.php:32
[16-Jan-2022 10:00:14 America/New_York] PHP   3. Joomla\CMS\Application\SiteApplication->execute() /var/www/html/mymuseJ4/joomla/includes/app.php:63
[16-Jan-2022 10:00:14 America/New_York] PHP   4. Joomla\CMS\Application\SiteApplication->doExecute() /var/www/html/mymuseJ4/joomla/libraries/src/Application/CMSApplication.php:278
[16-Jan-2022 10:00:14 America/New_York] PHP   5. Joomla\CMS\Application\SiteApplication->dispatch() /var/www/html/mymuseJ4/joomla/libraries/src/Application/SiteApplication.php:245
[16-Jan-2022 10:00:14 America/New_York] PHP   6. Joomla\CMS\Component\ComponentHelper::renderComponent() /var/www/html/mymuseJ4/joomla/libraries/src/Application/SiteApplication.php:206
[16-Jan-2022 10:00:14 America/New_York] PHP   7. Joomla\Component\Mymuse\Site\Dispatcher\Dispatcher->dispatch() /var/www/html/mymuseJ4/joomla/libraries/src/Component/ComponentHelper.php:389
[16-Jan-2022 10:00:14 America/New_York] PHP   8. Joomla\Component\Mymuse\Site\Dispatcher\Dispatcher->dispatch() /var/www/html/mymuseJ4/joomla/components/com_mymuse/src/Dispatcher/Dispatcher.php:56
[16-Jan-2022 10:00:14 America/New_York] PHP   9. Joomla\Component\Mymuse\Site\Controller\DisplayController->execute() /var/www/html/mymuseJ4/joomla/libraries/src/Dispatcher/ComponentDispatcher.php:146
[16-Jan-2022 10:00:14 America/New_York] PHP  10. Joomla\Component\Mymuse\Site\Controller\DisplayController->confirm() /var/www/html/mymuseJ4/joomla/libraries/src/MVC/Controller/BaseController.php:730
[16-Jan-2022 10:00:14 America/New_York] PHP  11. Joomla\Component\Mymuse\Site\Helper\CheckoutHelper->save() /var/www/html/mymuseJ4/joomla/components/com_mymuse/src/Controller/DisplayController.php:713
[16-Jan-2022 10:00:14 America/New_York] PHP Notice:  Undefined property: Joomla\Component\Mymuse\Administrator\Table\OrdershippingTable::$checked_out in /var/www/html/mymuseJ4/joomla/administrator/components/com_mymuse/src/Table/OrdershippingTable.php on line 66
[16-Jan-2022 10:00:14 America/New_York] PHP Stack trace:
[16-Jan-2022 10:00:14 America/New_York] PHP   1. {main}() /var/www/html/mymuseJ4/joomla/index.php:0
[16-Jan-2022 10:00:14 America/New_York] PHP   2. require_once() /var/www/html/mymuseJ4/joomla/index.php:32
[16-Jan-2022 10:00:14 America/New_York] PHP   3. Joomla\CMS\Application\SiteApplication->execute() /var/www/html/mymuseJ4/joomla/includes/app.php:63
[16-Jan-2022 10:00:14 America/New_York] PHP   4. Joomla\CMS\Application\SiteApplication->doExecute() /var/www/html/mymuseJ4/joomla/libraries/src/Application/CMSApplication.php:278
[16-Jan-2022 10:00:14 America/New_York] PHP   5. Joomla\CMS\Application\SiteApplication->dispatch() /var/www/html/mymuseJ4/joomla/libraries/src/Application/SiteApplication.php:245
[16-Jan-2022 10:00:14 America/New_York] PHP   6. Joomla\CMS\Component\ComponentHelper::renderComponent() /var/www/html/mymuseJ4/joomla/libraries/src/Application/SiteApplication.php:206
[16-Jan-2022 10:00:14 America/New_York] PHP   7. Joomla\Component\Mymuse\Site\Dispatcher\Dispatcher->dispatch() /var/www/html/mymuseJ4/joomla/libraries/src/Component/ComponentHelper.php:389
[16-Jan-2022 10:00:14 America/New_York] PHP   8. Joomla\Component\Mymuse\Site\Dispatcher\Dispatcher->dispatch() /var/www/html/mymuseJ4/joomla/components/com_mymuse/src/Dispatcher/Dispatcher.php:56
[16-Jan-2022 10:00:14 America/New_York] PHP   9. Joomla\Component\Mymuse\Site\Controller\DisplayController->execute() /var/www/html/mymuseJ4/joomla/libraries/src/Dispatcher/ComponentDispatcher.php:146
[16-Jan-2022 10:00:14 America/New_York] PHP  10. Joomla\Component\Mymuse\Site\Controller\DisplayController->confirm() /var/www/html/mymuseJ4/joomla/libraries/src/MVC/Controller/BaseController.php:730
[16-Jan-2022 10:00:14 America/New_York] PHP  11. Joomla\Component\Mymuse\Site\Helper\CheckoutHelper->save() /var/www/html/mymuseJ4/joomla/components/com_mymuse/src/Controller/DisplayController.php:713
[16-Jan-2022 10:00:14 America/New_York] PHP  12. Joomla\Component\Mymuse\Administrator\Table\OrdershippingTable->store() /var/www/html/mymuseJ4/joomla/components/com_mymuse/src/Helper/CheckoutHelper.php:460
[16-Jan-2022 10:34:26 America/New_York] PHP Notice:  Undefined property: Joomla\Component\Mymuse\Site\Controller\DisplayController::$Itemid in /var/www/html/mymuseJ4/joomla/components/com_mymuse/src/Controller/DisplayController.php on line 478
[16-Jan-2022 10:34:26 America/New_York] PHP Stack trace:
[16-Jan-2022 10:34:26 America/New_York] PHP   1. {main}() /var/www/html/mymuseJ4/joomla/index.php:0
[16-Jan-2022 10:34:26 America/New_York] PHP   2. require_once() /var/www/html/mymuseJ4/joomla/index.php:32
[16-Jan-2022 10:34:26 America/New_York] PHP   3. Joomla\CMS\Application\SiteApplication->execute() /var/www/html/mymuseJ4/joomla/includes/app.php:63
[16-Jan-2022 10:34:26 America/New_York] PHP   4. Joomla\CMS\Application\SiteApplication->doExecute() /var/www/html/mymuseJ4/joomla/libraries/src/Application/CMSApplication.php:278
[16-Jan-2022 10:34:26 America/New_York] PHP   5. Joomla\CMS\Application\SiteApplication->dispatch() /var/www/html/mymuseJ4/joomla/libraries/src/Application/SiteApplication.php:245
[16-Jan-2022 10:34:26 America/New_York] PHP   6. Joomla\CMS\Component\ComponentHelper::renderComponent() /var/www/html/mymuseJ4/joomla/libraries/src/Application/SiteApplication.php:206
[16-Jan-2022 10:34:26 America/New_York] PHP   7. Joomla\Component\Mymuse\Site\Dispatcher\Dispatcher->dispatch() /var/www/html/mymuseJ4/joomla/libraries/src/Component/ComponentHelper.php:389
[16-Jan-2022 10:34:26 America/New_York] PHP   8. Joomla\Component\Mymuse\Site\Dispatcher\Dispatcher->dispatch() /var/www/html/mymuseJ4/joomla/components/com_mymuse/src/Dispatcher/Dispatcher.php:56
[16-Jan-2022 10:34:26 America/New_York] PHP   9. Joomla\Component\Mymuse\Site\Controller\DisplayController->execute() /var/www/html/mymuseJ4/joomla/libraries/src/Dispatcher/ComponentDispatcher.php:146
[16-Jan-2022 10:34:26 America/New_York] PHP  10. Joomla\Component\Mymuse\Site\Controller\DisplayController->cartdelete() /var/www/html/mymuseJ4/joomla/libraries/src/MVC/Controller/BaseController.php:730
[16-Jan-2022 10:34:27 America/New_York] PHP Notice:  Undefined property: Joomla\Component\Mymuse\Site\Controller\DisplayController::$Itemid in /var/www/html/mymuseJ4/joomla/components/com_mymuse/src/Controller/DisplayController.php on line 478
[16-Jan-2022 10:34:27 America/New_York] PHP Stack trace:
[16-Jan-2022 10:34:27 America/New_York] PHP   1. {main}() /var/www/html/mymuseJ4/joomla/index.php:0
[16-Jan-2022 10:34:27 America/New_York] PHP   2. require_once() /var/www/html/mymuseJ4/joomla/index.php:32
[16-Jan-2022 10:34:27 America/New_York] PHP   3. Joomla\CMS\Application\SiteApplication->execute() /var/www/html/mymuseJ4/joomla/includes/app.php:63
[16-Jan-2022 10:34:27 America/New_York] PHP   4. Joomla\CMS\Application\SiteApplication->doExecute() /var/www/html/mymuseJ4/joomla/libraries/src/Application/CMSApplication.php:278
[16-Jan-2022 10:34:27 America/New_York] PHP   5. Joomla\CMS\Application\SiteApplication->dispatch() /var/www/html/mymuseJ4/joomla/libraries/src/Application/SiteApplication.php:245
[16-Jan-2022 10:34:27 America/New_York] PHP   6. Joomla\CMS\Component\ComponentHelper::renderComponent() /var/www/html/mymuseJ4/joomla/libraries/src/Application/SiteApplication.php:206
[16-Jan-2022 10:34:27 America/New_York] PHP   7. Joomla\Component\Mymuse\Site\Dispatcher\Dispatcher->dispatch() /var/www/html/mymuseJ4/joomla/libraries/src/Component/ComponentHelper.php:389
[16-Jan-2022 10:34:27 America/New_York] PHP   8. Joomla\Component\Mymuse\Site\Dispatcher\Dispatcher->dispatch() /var/www/html/mymuseJ4/joomla/components/com_mymuse/src/Dispatcher/Dispatcher.php:56
[16-Jan-2022 10:34:27 America/New_York] PHP   9. Joomla\Component\Mymuse\Site\Controller\DisplayController->execute() /var/www/html/mymuseJ4/joomla/libraries/src/Dispatcher/ComponentDispatcher.php:146
[16-Jan-2022 10:34:27 America/New_York] PHP  10. Joomla\Component\Mymuse\Site\Controller\DisplayController->cartdelete() /var/www/html/mymuseJ4/joomla/libraries/src/MVC/Controller/BaseController.php:730
[16-Jan-2022 11:14:49 America/New_York] PHP Notice:  Undefined property: stdClass::$category_language in /var/www/html/mymuseJ4/joomla/layouts/joomla/content/info_block/category.php on line 23
[16-Jan-2022 11:14:49 America/New_York] PHP Stack trace:
[16-Jan-2022 11:14:49 America/New_York] PHP   1. {main}() /var/www/html/mymuseJ4/joomla/index.php:0
[16-Jan-2022 11:14:49 America/New_York] PHP   2. require_once() /var/www/html/mymuseJ4/joomla/index.php:32
[16-Jan-2022 11:14:49 America/New_York] PHP   3. Joomla\CMS\Application\SiteApplication->execute() /var/www/html/mymuseJ4/joomla/includes/app.php:63
[16-Jan-2022 11:14:49 America/New_York] PHP   4. Joomla\CMS\Application\SiteApplication->doExecute() /var/www/html/mymuseJ4/joomla/libraries/src/Application/CMSApplication.php:278
[16-Jan-2022 11:14:49 America/New_York] PHP   5. Joomla\CMS\Application\SiteApplication->dispatch() /var/www/html/mymuseJ4/joomla/libraries/src/Application/SiteApplication.php:245
[16-Jan-2022 11:14:49 America/New_York] PHP   6. Joomla\CMS\Component\ComponentHelper::renderComponent() /var/www/html/mymuseJ4/joomla/libraries/src/Application/SiteApplication.php:206
[16-Jan-2022 11:14:49 America/New_York] PHP   7. Joomla\Component\Mymuse\Site\Dispatcher\Dispatcher->dispatch() /var/www/html/mymuseJ4/joomla/libraries/src/Component/ComponentHelper.php:389
[16-Jan-2022 11:14:49 America/New_York] PHP   8. Joomla\Component\Mymuse\Site\Dispatcher\Dispatcher->dispatch() /var/www/html/mymuseJ4/joomla/components/com_mymuse/src/Dispatcher/Dispatcher.php:56
[16-Jan-2022 11:14:49 America/New_York] PHP   9. Joomla\Component\Mymuse\Site\Controller\DisplayController->execute() /var/www/html/mymuseJ4/joomla/libraries/src/Dispatcher/ComponentDispatcher.php:146
[16-Jan-2022 11:14:49 America/New_York] PHP  10. Joomla\Component\Mymuse\Site\Controller\DisplayController->display() /var/www/html/mymuseJ4/joomla/libraries/src/MVC/Controller/BaseController.php:730
[16-Jan-2022 11:14:49 America/New_York] PHP  11. Joomla\Component\Mymuse\Site\Controller\DisplayController->display() /var/www/html/mymuseJ4/joomla/components/com_mymuse/src/Controller/DisplayController.php:296
[16-Jan-2022 11:14:49 America/New_York] PHP  12. Joomla\Component\Mymuse\Site\View\Category\HtmlView->display() /var/www/html/mymuseJ4/joomla/libraries/src/MVC/Controller/BaseController.php:692
[16-Jan-2022 11:14:49 America/New_York] PHP  13. Joomla\Component\Mymuse\Site\View\Category\HtmlView->display() /var/www/html/mymuseJ4/joomla/components/com_mymuse/src/View/Category/HtmlView.php:211
[16-Jan-2022 11:14:49 America/New_York] PHP  14. Joomla\Component\Mymuse\Site\View\Category\HtmlView->display() /var/www/html/mymuseJ4/joomla/libraries/src/MVC/View/CategoryView.php:268
[16-Jan-2022 11:14:49 America/New_York] PHP  15. Joomla\Component\Mymuse\Site\View\Category\HtmlView->loadTemplate() /var/www/html/mymuseJ4/joomla/libraries/src/MVC/View/HtmlView.php:218
[16-Jan-2022 11:14:49 America/New_York] PHP  16. include() /var/www/html/mymuseJ4/joomla/libraries/src/MVC/View/HtmlView.php:429
[16-Jan-2022 11:14:49 America/New_York] PHP  17. Joomla\Component\Mymuse\Site\View\Category\HtmlView->loadTemplate() /var/www/html/mymuseJ4/joomla/components/com_mymuse/tmpl/category/blog.php:104
[16-Jan-2022 11:14:49 America/New_York] PHP  18. include() /var/www/html/mymuseJ4/joomla/libraries/src/MVC/View/HtmlView.php:429
[16-Jan-2022 11:14:49 America/New_York] PHP  19. Joomla\CMS\Layout\LayoutHelper::render() /var/www/html/mymuseJ4/joomla/components/com_mymuse/tmpl/category/blog_item.php:100
[16-Jan-2022 11:14:49 America/New_York] PHP  20. Joomla\CMS\Layout\FileLayout->render() /var/www/html/mymuseJ4/joomla/libraries/src/Layout/LayoutHelper.php:73
[16-Jan-2022 11:14:49 America/New_York] PHP  21. include() /var/www/html/mymuseJ4/joomla/libraries/src/Layout/FileLayout.php:128
[16-Jan-2022 11:14:49 America/New_York] PHP  22. Joomla\CMS\Layout\FileLayout->sublayout() /var/www/html/mymuseJ4/joomla/layouts/joomla/content/info_block.php:38
[16-Jan-2022 11:14:49 America/New_York] PHP  23. Joomla\CMS\Layout\FileLayout->render() /var/www/html/mymuseJ4/joomla/libraries/src/Layout/FileLayout.php:644
[16-Jan-2022 11:14:49 America/New_York] PHP  24. include() /var/www/html/mymuseJ4/joomla/libraries/src/Layout/FileLayout.php:128
[16-Jan-2022 11:14:49 America/New_York] PHP Notice:  Undefined property: stdClass::$readmore in /var/www/html/mymuseJ4/joomla/components/com_mymuse/tmpl/category/blog_item.php on line 125
[16-Jan-2022 11:14:49 America/New_York] PHP Stack trace:
[16-Jan-2022 11:14:49 America/New_York] PHP   1. {main}() /var/www/html/mymuseJ4/joomla/index.php:0
[16-Jan-2022 11:14:49 America/New_York] PHP   2. require_once() /var/www/html/mymuseJ4/joomla/index.php:32
[16-Jan-2022 11:14:49 America/New_York] PHP   3. Joomla\CMS\Application\SiteApplication->execute() /var/www/html/mymuseJ4/joomla/includes/app.php:63
[16-Jan-2022 11:14:49 America/New_York] PHP   4. Joomla\CMS\Application\SiteApplication->doExecute() /var/www/html/mymuseJ4/joomla/libraries/src/Application/CMSApplication.php:278
[16-Jan-2022 11:14:49 America/New_York] PHP   5. Joomla\CMS\Application\SiteApplication->dispatch() /var/www/html/mymuseJ4/joomla/libraries/src/Application/SiteApplication.php:245
[16-Jan-2022 11:14:49 America/New_York] PHP   6. Joomla\CMS\Component\ComponentHelper::renderComponent() /var/www/html/mymuseJ4/joomla/libraries/src/Application/SiteApplication.php:206
[16-Jan-2022 11:14:49 America/New_York] PHP   7. Joomla\Component\Mymuse\Site\Dispatcher\Dispatcher->dispatch() /var/www/html/mymuseJ4/joomla/libraries/src/Component/ComponentHelper.php:389
[16-Jan-2022 11:14:49 America/New_York] PHP   8. Joomla\Component\Mymuse\Site\Dispatcher\Dispatcher->dispatch() /var/www/html/mymuseJ4/joomla/components/com_mymuse/src/Dispatcher/Dispatcher.php:56
[16-Jan-2022 11:14:49 America/New_York] PHP   9. Joomla\Component\Mymuse\Site\Controller\DisplayController->execute() /var/www/html/mymuseJ4/joomla/libraries/src/Dispatcher/ComponentDispatcher.php:146
[16-Jan-2022 11:14:49 America/New_York] PHP  10. Joomla\Component\Mymuse\Site\Controller\DisplayController->display() /var/www/html/mymuseJ4/joomla/libraries/src/MVC/Controller/BaseController.php:730
[16-Jan-2022 11:14:49 America/New_York] PHP  11. Joomla\Component\Mymuse\Site\Controller\DisplayController->display() /var/www/html/mymuseJ4/joomla/components/com_mymuse/src/Controller/DisplayController.php:296
[16-Jan-2022 11:14:49 America/New_York] PHP  12. Joomla\Component\Mymuse\Site\View\Category\HtmlView->display() /var/www/html/mymuseJ4/joomla/libraries/src/MVC/Controller/BaseController.php:692
[16-Jan-2022 11:14:49 America/New_York] PHP  13. Joomla\Component\Mymuse\Site\View\Category\HtmlView->display() /var/www/html/mymuseJ4/joomla/components/com_mymuse/src/View/Category/HtmlView.php:211
[16-Jan-2022 11:14:49 America/New_York] PHP  14. Joomla\Component\Mymuse\Site\View\Category\HtmlView->display() /var/www/html/mymuseJ4/joomla/libraries/src/MVC/View/CategoryView.php:268
[16-Jan-2022 11:14:49 America/New_York] PHP  15. Joomla\Component\Mymuse\Site\View\Category\HtmlView->loadTemplate() /var/www/html/mymuseJ4/joomla/libraries/src/MVC/View/HtmlView.php:218
[16-Jan-2022 11:14:49 America/New_York] PHP  16. include() /var/www/html/mymuseJ4/joomla/libraries/src/MVC/View/HtmlView.php:429
[16-Jan-2022 11:14:49 America/New_York] PHP  17. Joomla\Component\Mymuse\Site\View\Category\HtmlView->loadTemplate() /var/www/html/mymuseJ4/joomla/components/com_mymuse/tmpl/category/blog.php:104
[16-Jan-2022 11:14:49 America/New_York] PHP  18. include() /var/www/html/mymuseJ4/joomla/libraries/src/MVC/View/HtmlView.php:429
[16-Jan-2022 11:14:49 America/New_York] PHP Notice:  Undefined property: stdClass::$category_language in /var/www/html/mymuseJ4/joomla/layouts/joomla/content/info_block/category.php on line 23
[16-Jan-2022 11:14:49 America/New_York] PHP Stack trace:
[16-Jan-2022 11:14:49 America/New_York] PHP   1. {main}() /var/www/html/mymuseJ4/joomla/index.php:0
[16-Jan-2022 11:14:49 America/New_York] PHP   2. require_once() /var/www/html/mymuseJ4/joomla/index.php:32
[16-Jan-2022 11:14:49 America/New_York] PHP   3. Joomla\CMS\Application\SiteApplication->execute() /var/www/html/mymuseJ4/joomla/includes/app.php:63
[16-Jan-2022 11:14:49 America/New_York] PHP   4. Joomla\CMS\Application\SiteApplication->doExecute() /var/www/html/mymuseJ4/joomla/libraries/src/Application/CMSApplication.php:278
[16-Jan-2022 11:14:49 America/New_York] PHP   5. Joomla\CMS\Application\SiteApplication->dispatch() /var/www/html/mymuseJ4/joomla/libraries/src/Application/SiteApplication.php:245
[16-Jan-2022 11:14:49 America/New_York] PHP   6. Joomla\CMS\Component\ComponentHelper::renderComponent() /var/www/html/mymuseJ4/joomla/libraries/src/Application/SiteApplication.php:206
[16-Jan-2022 11:14:49 America/New_York] PHP   7. Joomla\Component\Mymuse\Site\Dispatcher\Dispatcher->dispatch() /var/www/html/mymuseJ4/joomla/libraries/src/Component/ComponentHelper.php:389
[16-Jan-2022 11:14:49 America/New_York] PHP   8. Joomla\Component\Mymuse\Site\Dispatcher\Dispatcher->dispatch() /var/www/html/mymuseJ4/joomla/components/com_mymuse/src/Dispatcher/Dispatcher.php:56
[16-Jan-2022 11:14:49 America/New_York] PHP   9. Joomla\Component\Mymuse\Site\Controller\DisplayController->execute() /var/www/html/mymuseJ4/joomla/libraries/src/Dispatcher/ComponentDispatcher.php:146
[16-Jan-2022 11:14:49 America/New_York] PHP  10. Joomla\Component\Mymuse\Site\Controller\DisplayController->display() /var/www/html/mymuseJ4/joomla/libraries/src/MVC/Controller/BaseController.php:730
[16-Jan-2022 11:14:49 America/New_York] PHP  11. Joomla\Component\Mymuse\Site\Controller\DisplayController->display() /var/www/html/mymuseJ4/joomla/components/com_mymuse/src/Controller/DisplayController.php:296
[16-Jan-2022 11:14:49 America/New_York] PHP  12. Joomla\Component\Mymuse\Site\View\Category\HtmlView->display() /var/www/html/mymuseJ4/joomla/libraries/src/MVC/Controller/BaseController.php:692
[16-Jan-2022 11:14:49 America/New_York] PHP  13. Joomla\Component\Mymuse\Site\View\Category\HtmlView->display() /var/www/html/mymuseJ4/joomla/components/com_mymuse/src/View/Category/HtmlView.php:211
[16-Jan-2022 11:14:49 America/New_York] PHP  14. Joomla\Component\Mymuse\Site\View\Category\HtmlView->display() /var/www/html/mymuseJ4/joomla/libraries/src/MVC/View/CategoryView.php:268
[16-Jan-2022 11:14:49 America/New_York] PHP  15. Joomla\Component\Mymuse\Site\View\Category\HtmlView->loadTemplate() /var/www/html/mymuseJ4/joomla/libraries/src/MVC/View/HtmlView.php:218
[16-Jan-2022 11:14:49 America/New_York] PHP  16. include() /var/www/html/mymuseJ4/joomla/libraries/src/MVC/View/HtmlView.php:429
[16-Jan-2022 11:14:49 America/New_York] PHP  17. Joomla\Component\Mymuse\Site\View\Category\HtmlView->loadTemplate() /var/www/html/mymuseJ4/joomla/components/com_mymuse/tmpl/category/blog.php:129
[16-Jan-2022 11:14:49 America/New_York] PHP  18. include() /var/www/html/mymuseJ4/joomla/libraries/src/MVC/View/HtmlView.php:429
[16-Jan-2022 11:14:49 America/New_York] PHP  19. Joomla\CMS\Layout\LayoutHelper::render() /var/www/html/mymuseJ4/joomla/components/com_mymuse/tmpl/category/blog_item.php:100
[16-Jan-2022 11:14:49 America/New_York] PHP  20. Joomla\CMS\Layout\FileLayout->render() /var/www/html/mymuseJ4/joomla/libraries/src/Layout/LayoutHelper.php:73
[16-Jan-2022 11:14:49 America/New_York] PHP  21. include() /var/www/html/mymuseJ4/joomla/libraries/src/Layout/FileLayout.php:128
[16-Jan-2022 11:14:49 America/New_York] PHP  22. Joomla\CMS\Layout\FileLayout->sublayout() /var/www/html/mymuseJ4/joomla/layouts/joomla/content/info_block.php:38
[16-Jan-2022 11:14:49 America/New_York] PHP  23. Joomla\CMS\Layout\FileLayout->render() /var/www/html/mymuseJ4/joomla/libraries/src/Layout/FileLayout.php:644
[16-Jan-2022 11:14:49 America/New_York] PHP  24. include() /var/www/html/mymuseJ4/joomla/libraries/src/Layout/FileLayout.php:128
[16-Jan-2022 11:14:49 America/New_York] PHP Notice:  Undefined property: stdClass::$readmore in /var/www/html/mymuseJ4/joomla/components/com_mymuse/tmpl/category/blog_item.php on line 125
[16-Jan-2022 11:14:49 America/New_York] PHP Stack trace:
[16-Jan-2022 11:14:49 America/New_York] PHP   1. {main}() /var/www/html/mymuseJ4/joomla/index.php:0
[16-Jan-2022 11:14:49 America/New_York] PHP   2. require_once() /var/www/html/mymuseJ4/joomla/index.php:32
[16-Jan-2022 11:14:49 America/New_York] PHP   3. Joomla\CMS\Application\SiteApplication->execute() /var/www/html/mymuseJ4/joomla/includes/app.php:63
[16-Jan-2022 11:14:49 America/New_York] PHP   4. Joomla\CMS\Application\SiteApplication->doExecute() /var/www/html/mymuseJ4/joomla/libraries/src/Application/CMSApplication.php:278
[16-Jan-2022 11:14:49 America/New_York] PHP   5. Joomla\CMS\Application\SiteApplication->dispatch() /var/www/html/mymuseJ4/joomla/libraries/src/Application/SiteApplication.php:245
[16-Jan-2022 11:14:49 America/New_York] PHP   6. Joomla\CMS\Component\ComponentHelper::renderComponent() /var/www/html/mymuseJ4/joomla/libraries/src/Application/SiteApplication.php:206
[16-Jan-2022 11:14:49 America/New_York] PHP   7. Joomla\Component\Mymuse\Site\Dispatcher\Dispatcher->dispatch() /var/www/html/mymuseJ4/joomla/libraries/src/Component/ComponentHelper.php:389
[16-Jan-2022 11:14:49 America/New_York] PHP   8. Joomla\Component\Mymuse\Site\Dispatcher\Dispatcher->dispatch() /var/www/html/mymuseJ4/joomla/components/com_mymuse/src/Dispatcher/Dispatcher.php:56
[16-Jan-2022 11:14:49 America/New_York] PHP   9. Joomla\Component\Mymuse\Site\Controller\DisplayController->execute() /var/www/html/mymuseJ4/joomla/libraries/src/Dispatcher/ComponentDispatcher.php:146
[16-Jan-2022 11:14:49 America/New_York] PHP  10. Joomla\Component\Mymuse\Site\Controller\DisplayController->display() /var/www/html/mymuseJ4/joomla/libraries/src/MVC/Controller/BaseController.php:730
[16-Jan-2022 11:14:49 America/New_York] PHP  11. Joomla\Component\Mymuse\Site\Controller\DisplayController->display() /var/www/html/mymuseJ4/joomla/components/com_mymuse/src/Controller/DisplayController.php:296
[16-Jan-2022 11:14:49 America/New_York] PHP  12. Joomla\Component\Mymuse\Site\View\Category\HtmlView->display() /var/www/html/mymuseJ4/joomla/libraries/src/MVC/Controller/BaseController.php:692
[16-Jan-2022 11:14:49 America/New_York] PHP  13. Joomla\Component\Mymuse\Site\View\Category\HtmlView->display() /var/www/html/mymuseJ4/joomla/components/com_mymuse/src/View/Category/HtmlView.php:211
[16-Jan-2022 11:14:49 America/New_York] PHP  14. Joomla\Component\Mymuse\Site\View\Category\HtmlView->display() /var/www/html/mymuseJ4/joomla/libraries/src/MVC/View/CategoryView.php:268
[16-Jan-2022 11:14:49 America/New_York] PHP  15. Joomla\Component\Mymuse\Site\View\Category\HtmlView->loadTemplate() /var/www/html/mymuseJ4/joomla/libraries/src/MVC/View/HtmlView.php:218
[16-Jan-2022 11:14:49 America/New_York] PHP  16. include() /var/www/html/mymuseJ4/joomla/libraries/src/MVC/View/HtmlView.php:429
[16-Jan-2022 11:14:49 America/New_York] PHP  17. Joomla\Component\Mymuse\Site\View\Category\HtmlView->loadTemplate() /var/www/html/mymuseJ4/joomla/components/com_mymuse/tmpl/category/blog.php:129
[16-Jan-2022 11:14:49 America/New_York] PHP  18. include() /var/www/html/mymuseJ4/joomla/libraries/src/MVC/View/HtmlView.php:429
[16-Jan-2022 11:18:45 America/New_York] PHP Notice:  Undefined property: stdClass::$readmore in /var/www/html/mymuseJ4/joomla/components/com_mymuse/tmpl/category/blog_item.php on line 128
[16-Jan-2022 11:18:45 America/New_York] PHP Stack trace:
[16-Jan-2022 11:18:45 America/New_York] PHP   1. {main}() /var/www/html/mymuseJ4/joomla/index.php:0
[16-Jan-2022 11:18:45 America/New_York] PHP   2. require_once() /var/www/html/mymuseJ4/joomla/index.php:32
[16-Jan-2022 11:18:45 America/New_York] PHP   3. Joomla\CMS\Application\SiteApplication->execute() /var/www/html/mymuseJ4/joomla/includes/app.php:63
[16-Jan-2022 11:18:45 America/New_York] PHP   4. Joomla\CMS\Application\SiteApplication->doExecute() /var/www/html/mymuseJ4/joomla/libraries/src/Application/CMSApplication.php:278
[16-Jan-2022 11:18:45 America/New_York] PHP   5. Joomla\CMS\Application\SiteApplication->dispatch() /var/www/html/mymuseJ4/joomla/libraries/src/Application/SiteApplication.php:245
[16-Jan-2022 11:18:45 America/New_York] PHP   6. Joomla\CMS\Component\ComponentHelper::renderComponent() /var/www/html/mymuseJ4/joomla/libraries/src/Application/SiteApplication.php:206
[16-Jan-2022 11:18:45 America/New_York] PHP   7. Joomla\Component\Mymuse\Site\Dispatcher\Dispatcher->dispatch() /var/www/html/mymuseJ4/joomla/libraries/src/Component/ComponentHelper.php:389
[16-Jan-2022 11:18:45 America/New_York] PHP   8. Joomla\Component\Mymuse\Site\Dispatcher\Dispatcher->dispatch() /var/www/html/mymuseJ4/joomla/components/com_mymuse/src/Dispatcher/Dispatcher.php:56
[16-Jan-2022 11:18:45 America/New_York] PHP   9. Joomla\Component\Mymuse\Site\Controller\DisplayController->execute() /var/www/html/mymuseJ4/joomla/libraries/src/Dispatcher/ComponentDispatcher.php:146
[16-Jan-2022 11:18:45 America/New_York] PHP  10. Joomla\Component\Mymuse\Site\Controller\DisplayController->display() /var/www/html/mymuseJ4/joomla/libraries/src/MVC/Controller/BaseController.php:730
[16-Jan-2022 11:18:45 America/New_York] PHP  11. Joomla\Component\Mymuse\Site\Controller\DisplayController->display() /var/www/html/mymuseJ4/joomla/components/com_mymuse/src/Controller/DisplayController.php:296
[16-Jan-2022 11:18:45 America/New_York] PHP  12. Joomla\Component\Mymuse\Site\View\Category\HtmlView->display() /var/www/html/mymuseJ4/joomla/libraries/src/MVC/Controller/BaseController.php:692
[16-Jan-2022 11:18:45 America/New_York] PHP  13. Joomla\Component\Mymuse\Site\View\Category\HtmlView->display() /var/www/html/mymuseJ4/joomla/components/com_mymuse/src/View/Category/HtmlView.php:211
[16-Jan-2022 11:18:45 America/New_York] PHP  14. Joomla\Component\Mymuse\Site\View\Category\HtmlView->display() /var/www/html/mymuseJ4/joomla/libraries/src/MVC/View/CategoryView.php:268
[16-Jan-2022 11:18:45 America/New_York] PHP  15. Joomla\Component\Mymuse\Site\View\Category\HtmlView->loadTemplate() /var/www/html/mymuseJ4/joomla/libraries/src/MVC/View/HtmlView.php:218
[16-Jan-2022 11:18:45 America/New_York] PHP  16. include() /var/www/html/mymuseJ4/joomla/libraries/src/MVC/View/HtmlView.php:429
[16-Jan-2022 11:18:45 America/New_York] PHP  17. Joomla\Component\Mymuse\Site\View\Category\HtmlView->loadTemplate() /var/www/html/mymuseJ4/joomla/components/com_mymuse/tmpl/category/blog.php:104
[16-Jan-2022 11:18:45 America/New_York] PHP  18. include() /var/www/html/mymuseJ4/joomla/libraries/src/MVC/View/HtmlView.php:429
[16-Jan-2022 11:18:45 America/New_York] PHP Notice:  Undefined property: stdClass::$readmore in /var/www/html/mymuseJ4/joomla/components/com_mymuse/tmpl/category/blog_item.php on line 128
[16-Jan-2022 11:18:45 America/New_York] PHP Stack trace:
[16-Jan-2022 11:18:45 America/New_York] PHP   1. {main}() /var/www/html/mymuseJ4/joomla/index.php:0
[16-Jan-2022 11:18:45 America/New_York] PHP   2. require_once() /var/www/html/mymuseJ4/joomla/index.php:32
[16-Jan-2022 11:18:45 America/New_York] PHP   3. Joomla\CMS\Application\SiteApplication->execute() /var/www/html/mymuseJ4/joomla/includes/app.php:63
[16-Jan-2022 11:18:45 America/New_York] PHP   4. Joomla\CMS\Application\SiteApplication->doExecute() /var/www/html/mymuseJ4/joomla/libraries/src/Application/CMSApplication.php:278
[16-Jan-2022 11:18:45 America/New_York] PHP   5. Joomla\CMS\Application\SiteApplication->dispatch() /var/www/html/mymuseJ4/joomla/libraries/src/Application/SiteApplication.php:245
[16-Jan-2022 11:18:45 America/New_York] PHP   6. Joomla\CMS\Component\ComponentHelper::renderComponent() /var/www/html/mymuseJ4/joomla/libraries/src/Application/SiteApplication.php:206
[16-Jan-2022 11:18:45 America/New_York] PHP   7. Joomla\Component\Mymuse\Site\Dispatcher\Dispatcher->dispatch() /var/www/html/mymuseJ4/joomla/libraries/src/Component/ComponentHelper.php:389
[16-Jan-2022 11:18:45 America/New_York] PHP   8. Joomla\Component\Mymuse\Site\Dispatcher\Dispatcher->dispatch() /var/www/html/mymuseJ4/joomla/components/com_mymuse/src/Dispatcher/Dispatcher.php:56
[16-Jan-2022 11:18:45 America/New_York] PHP   9. Joomla\Component\Mymuse\Site\Controller\DisplayController->execute() /var/www/html/mymuseJ4/joomla/libraries/src/Dispatcher/ComponentDispatcher.php:146
[16-Jan-2022 11:18:45 America/New_York] PHP  10. Joomla\Component\Mymuse\Site\Controller\DisplayController->display() /var/www/html/mymuseJ4/joomla/libraries/src/MVC/Controller/BaseController.php:730
[16-Jan-2022 11:18:45 America/New_York] PHP  11. Joomla\Component\Mymuse\Site\Controller\DisplayController->display() /var/www/html/mymuseJ4/joomla/components/com_mymuse/src/Controller/DisplayController.php:296
[16-Jan-2022 11:18:45 America/New_York] PHP  12. Joomla\Component\Mymuse\Site\View\Category\HtmlView->display() /var/www/html/mymuseJ4/joomla/libraries/src/MVC/Controller/BaseController.php:692
[16-Jan-2022 11:18:45 America/New_York] PHP  13. Joomla\Component\Mymuse\Site\View\Category\HtmlView->display() /var/www/html/mymuseJ4/joomla/components/com_mymuse/src/View/Category/HtmlView.php:211
[16-Jan-2022 11:18:45 America/New_York] PHP  14. Joomla\Component\Mymuse\Site\View\Category\HtmlView->display() /var/www/html/mymuseJ4/joomla/libraries/src/MVC/View/CategoryView.php:268
[16-Jan-2022 11:18:45 America/New_York] PHP  15. Joomla\Component\Mymuse\Site\View\Category\HtmlView->loadTemplate() /var/www/html/mymuseJ4/joomla/libraries/src/MVC/View/HtmlView.php:218
[16-Jan-2022 11:18:45 America/New_York] PHP  16. include() /var/www/html/mymuseJ4/joomla/libraries/src/MVC/View/HtmlView.php:429
[16-Jan-2022 11:18:45 America/New_York] PHP  17. Joomla\Component\Mymuse\Site\View\Category\HtmlView->loadTemplate() /var/www/html/mymuseJ4/joomla/components/com_mymuse/tmpl/category/blog.php:129
[16-Jan-2022 11:18:45 America/New_York] PHP  18. include() /var/www/html/mymuseJ4/joomla/libraries/src/MVC/View/HtmlView.php:429
[16-Jan-2022 11:29:10 America/New_York] PHP Notice:  Undefined property: stdClass::$readmore in /var/www/html/mymuseJ4/joomla/components/com_mymuse/tmpl/category/blog_item.php on line 128
[16-Jan-2022 11:29:10 America/New_York] PHP Stack trace:
[16-Jan-2022 11:29:10 America/New_York] PHP   1. {main}() /var/www/html/mymuseJ4/joomla/index.php:0
[16-Jan-2022 11:29:10 America/New_York] PHP   2. require_once() /var/www/html/mymuseJ4/joomla/index.php:32
[16-Jan-2022 11:29:10 America/New_York] PHP   3. Joomla\CMS\Application\SiteApplication->execute() /var/www/html/mymuseJ4/joomla/includes/app.php:63
[16-Jan-2022 11:29:10 America/New_York] PHP   4. Joomla\CMS\Application\SiteApplication->doExecute() /var/www/html/mymuseJ4/joomla/libraries/src/Application/CMSApplication.php:278
[16-Jan-2022 11:29:10 America/New_York] PHP   5. Joomla\CMS\Application\SiteApplication->dispatch() /var/www/html/mymuseJ4/joomla/libraries/src/Application/SiteApplication.php:245
[16-Jan-2022 11:29:10 America/New_York] PHP   6. Joomla\CMS\Component\ComponentHelper::renderComponent() /var/www/html/mymuseJ4/joomla/libraries/src/Application/SiteApplication.php:206
[16-Jan-2022 11:29:10 America/New_York] PHP   7. Joomla\Component\Mymuse\Site\Dispatcher\Dispatcher->dispatch() /var/www/html/mymuseJ4/joomla/libraries/src/Component/ComponentHelper.php:389
[16-Jan-2022 11:29:10 America/New_York] PHP   8. Joomla\Component\Mymuse\Site\Dispatcher\Dispatcher->dispatch() /var/www/html/mymuseJ4/joomla/components/com_mymuse/src/Dispatcher/Dispatcher.php:56
[16-Jan-2022 11:29:10 America/New_York] PHP   9. Joomla\Component\Mymuse\Site\Controller\DisplayController->execute() /var/www/html/mymuseJ4/joomla/libraries/src/Dispatcher/ComponentDispatcher.php:146
[16-Jan-2022 11:29:10 America/New_York] PHP  10. Joomla\Component\Mymuse\Site\Controller\DisplayController->display() /var/www/html/mymuseJ4/joomla/libraries/src/MVC/Controller/BaseController.php:730
[16-Jan-2022 11:29:10 America/New_York] PHP  11. Joomla\Component\Mymuse\Site\Controller\DisplayController->display() /var/www/html/mymuseJ4/joomla/components/com_mymuse/src/Controller/DisplayController.php:296
[16-Jan-2022 11:29:10 America/New_York] PHP  12. Joomla\Component\Mymuse\Site\View\Category\HtmlView->display() /var/www/html/mymuseJ4/joomla/libraries/src/MVC/Controller/BaseController.php:692
[16-Jan-2022 11:29:10 America/New_York] PHP  13. Joomla\Component\Mymuse\Site\View\Category\HtmlView->display() /var/www/html/mymuseJ4/joomla/components/com_mymuse/src/View/Category/HtmlView.php:211
[16-Jan-2022 11:29:10 America/New_York] PHP  14. Joomla\Component\Mymuse\Site\View\Category\HtmlView->display() /var/www/html/mymuseJ4/joomla/libraries/src/MVC/View/CategoryView.php:268
[16-Jan-2022 11:29:10 America/New_York] PHP  15. Joomla\Component\Mymuse\Site\View\Category\HtmlView->loadTemplate() /var/www/html/mymuseJ4/joomla/libraries/src/MVC/View/HtmlView.php:218
[16-Jan-2022 11:29:10 America/New_York] PHP  16. include() /var/www/html/mymuseJ4/joomla/libraries/src/MVC/View/HtmlView.php:429
[16-Jan-2022 11:29:10 America/New_York] PHP  17. Joomla\Component\Mymuse\Site\View\Category\HtmlView->loadTemplate() /var/www/html/mymuseJ4/joomla/components/com_mymuse/tmpl/category/blog.php:104
[16-Jan-2022 11:29:10 America/New_York] PHP  18. include() /var/www/html/mymuseJ4/joomla/libraries/src/MVC/View/HtmlView.php:429
[16-Jan-2022 11:29:10 America/New_York] PHP Notice:  Undefined property: stdClass::$readmore in /var/www/html/mymuseJ4/joomla/components/com_mymuse/tmpl/category/blog_item.php on line 128
[16-Jan-2022 11:29:10 America/New_York] PHP Stack trace:
[16-Jan-2022 11:29:10 America/New_York] PHP   1. {main}() /var/www/html/mymuseJ4/joomla/index.php:0
[16-Jan-2022 11:29:10 America/New_York] PHP   2. require_once() /var/www/html/mymuseJ4/joomla/index.php:32
[16-Jan-2022 11:29:10 America/New_York] PHP   3. Joomla\CMS\Application\SiteApplication->execute() /var/www/html/mymuseJ4/joomla/includes/app.php:63
[16-Jan-2022 11:29:10 America/New_York] PHP   4. Joomla\CMS\Application\SiteApplication->doExecute() /var/www/html/mymuseJ4/joomla/libraries/src/Application/CMSApplication.php:278
[16-Jan-2022 11:29:10 America/New_York] PHP   5. Joomla\CMS\Application\SiteApplication->dispatch() /var/www/html/mymuseJ4/joomla/libraries/src/Application/SiteApplication.php:245
[16-Jan-2022 11:29:10 America/New_York] PHP   6. Joomla\CMS\Component\ComponentHelper::renderComponent() /var/www/html/mymuseJ4/joomla/libraries/src/Application/SiteApplication.php:206
[16-Jan-2022 11:29:10 America/New_York] PHP   7. Joomla\Component\Mymuse\Site\Dispatcher\Dispatcher->dispatch() /var/www/html/mymuseJ4/joomla/libraries/src/Component/ComponentHelper.php:389
[16-Jan-2022 11:29:10 America/New_York] PHP   8. Joomla\Component\Mymuse\Site\Dispatcher\Dispatcher->dispatch() /var/www/html/mymuseJ4/joomla/components/com_mymuse/src/Dispatcher/Dispatcher.php:56
[16-Jan-2022 11:29:10 America/New_York] PHP   9. Joomla\Component\Mymuse\Site\Controller\DisplayController->execute() /var/www/html/mymuseJ4/joomla/libraries/src/Dispatcher/ComponentDispatcher.php:146
[16-Jan-2022 11:29:10 America/New_York] PHP  10. Joomla\Component\Mymuse\Site\Controller\DisplayController->display() /var/www/html/mymuseJ4/joomla/libraries/src/MVC/Controller/BaseController.php:730
[16-Jan-2022 11:29:10 America/New_York] PHP  11. Joomla\Component\Mymuse\Site\Controller\DisplayController->display() /var/www/html/mymuseJ4/joomla/components/com_mymuse/src/Controller/DisplayController.php:296
[16-Jan-2022 11:29:10 America/New_York] PHP  12. Joomla\Component\Mymuse\Site\View\Category\HtmlView->display() /var/www/html/mymuseJ4/joomla/libraries/src/MVC/Controller/BaseController.php:692
[16-Jan-2022 11:29:10 America/New_York] PHP  13. Joomla\Component\Mymuse\Site\View\Category\HtmlView->display() /var/www/html/mymuseJ4/joomla/components/com_mymuse/src/View/Category/HtmlView.php:211
[16-Jan-2022 11:29:10 America/New_York] PHP  14. Joomla\Component\Mymuse\Site\View\Category\HtmlView->display() /var/www/html/mymuseJ4/joomla/libraries/src/MVC/View/CategoryView.php:268
[16-Jan-2022 11:29:10 America/New_York] PHP  15. Joomla\Component\Mymuse\Site\View\Category\HtmlView->loadTemplate() /var/www/html/mymuseJ4/joomla/libraries/src/MVC/View/HtmlView.php:218
[16-Jan-2022 11:29:10 America/New_York] PHP  16. include() /var/www/html/mymuseJ4/joomla/libraries/src/MVC/View/HtmlView.php:429
[16-Jan-2022 11:29:10 America/New_York] PHP  17. Joomla\Component\Mymuse\Site\View\Category\HtmlView->loadTemplate() /var/www/html/mymuseJ4/joomla/components/com_mymuse/tmpl/category/blog.php:129
[16-Jan-2022 11:29:10 America/New_York] PHP  18. include() /var/www/html/mymuseJ4/joomla/libraries/src/MVC/View/HtmlView.php:429
[16-Jan-2022 11:29:12 America/New_York] PHP Notice:  Undefined property: stdClass::$readmore in /var/www/html/mymuseJ4/joomla/components/com_mymuse/tmpl/category/blog_item.php on line 128
[16-Jan-2022 11:29:12 America/New_York] PHP Stack trace:
[16-Jan-2022 11:29:12 America/New_York] PHP   1. {main}() /var/www/html/mymuseJ4/joomla/index.php:0
[16-Jan-2022 11:29:12 America/New_York] PHP   2. require_once() /var/www/html/mymuseJ4/joomla/index.php:32
[16-Jan-2022 11:29:12 America/New_York] PHP   3. Joomla\CMS\Application\SiteApplication->execute() /var/www/html/mymuseJ4/joomla/includes/app.php:63
[16-Jan-2022 11:29:12 America/New_York] PHP   4. Joomla\CMS\Application\SiteApplication->doExecute() /var/www/html/mymuseJ4/joomla/libraries/src/Application/CMSApplication.php:278
[16-Jan-2022 11:29:12 America/New_York] PHP   5. Joomla\CMS\Application\SiteApplication->dispatch() /var/www/html/mymuseJ4/joomla/libraries/src/Application/SiteApplication.php:245
[16-Jan-2022 11:29:12 America/New_York] PHP   6. Joomla\CMS\Component\ComponentHelper::renderComponent() /var/www/html/mymuseJ4/joomla/libraries/src/Application/SiteApplication.php:206
[16-Jan-2022 11:29:12 America/New_York] PHP   7. Joomla\Component\Mymuse\Site\Dispatcher\Dispatcher->dispatch() /var/www/html/mymuseJ4/joomla/libraries/src/Component/ComponentHelper.php:389
[16-Jan-2022 11:29:12 America/New_York] PHP   8. Joomla\Component\Mymuse\Site\Dispatcher\Dispatcher->dispatch() /var/www/html/mymuseJ4/joomla/components/com_mymuse/src/Dispatcher/Dispatcher.php:56
[16-Jan-2022 11:29:12 America/New_York] PHP   9. Joomla\Component\Mymuse\Site\Controller\DisplayController->execute() /var/www/html/mymuseJ4/joomla/libraries/src/Dispatcher/ComponentDispatcher.php:146
[16-Jan-2022 11:29:12 America/New_York] PHP  10. Joomla\Component\Mymuse\Site\Controller\DisplayController->display() /var/www/html/mymuseJ4/joomla/libraries/src/MVC/Controller/BaseController.php:730
[16-Jan-2022 11:29:12 America/New_York] PHP  11. Joomla\Component\Mymuse\Site\Controller\DisplayController->display() /var/www/html/mymuseJ4/joomla/components/com_mymuse/src/Controller/DisplayController.php:296
[16-Jan-2022 11:29:12 America/New_York] PHP  12. Joomla\Component\Mymuse\Site\View\Category\HtmlView->display() /var/www/html/mymuseJ4/joomla/libraries/src/MVC/Controller/BaseController.php:692
[16-Jan-2022 11:29:12 America/New_York] PHP  13. Joomla\Component\Mymuse\Site\View\Category\HtmlView->display() /var/www/html/mymuseJ4/joomla/components/com_mymuse/src/View/Category/HtmlView.php:211
[16-Jan-2022 11:29:12 America/New_York] PHP  14. Joomla\Component\Mymuse\Site\View\Category\HtmlView->display() /var/www/html/mymuseJ4/joomla/libraries/src/MVC/View/CategoryView.php:268
[16-Jan-2022 11:29:12 America/New_York] PHP  15. Joomla\Component\Mymuse\Site\View\Category\HtmlView->loadTemplate() /var/www/html/mymuseJ4/joomla/libraries/src/MVC/View/HtmlView.php:218
[16-Jan-2022 11:29:12 America/New_York] PHP  16. include() /var/www/html/mymuseJ4/joomla/libraries/src/MVC/View/HtmlView.php:429
[16-Jan-2022 11:29:12 America/New_York] PHP  17. Joomla\Component\Mymuse\Site\View\Category\HtmlView->loadTemplate() /var/www/html/mymuseJ4/joomla/components/com_mymuse/tmpl/category/blog.php:104
[16-Jan-2022 11:29:12 America/New_York] PHP  18. include() /var/www/html/mymuseJ4/joomla/libraries/src/MVC/View/HtmlView.php:429
[16-Jan-2022 11:29:12 America/New_York] PHP Notice:  Undefined property: stdClass::$readmore in /var/www/html/mymuseJ4/joomla/components/com_mymuse/tmpl/category/blog_item.php on line 128
[16-Jan-2022 11:29:12 America/New_York] PHP Stack trace:
[16-Jan-2022 11:29:12 America/New_York] PHP   1. {main}() /var/www/html/mymuseJ4/joomla/index.php:0
[16-Jan-2022 11:29:12 America/New_York] PHP   2. require_once() /var/www/html/mymuseJ4/joomla/index.php:32
[16-Jan-2022 11:29:12 America/New_York] PHP   3. Joomla\CMS\Application\SiteApplication->execute() /var/www/html/mymuseJ4/joomla/includes/app.php:63
[16-Jan-2022 11:29:12 America/New_York] PHP   4. Joomla\CMS\Application\SiteApplication->doExecute() /var/www/html/mymuseJ4/joomla/libraries/src/Application/CMSApplication.php:278
[16-Jan-2022 11:29:12 America/New_York] PHP   5. Joomla\CMS\Application\SiteApplication->dispatch() /var/www/html/mymuseJ4/joomla/libraries/src/Application/SiteApplication.php:245
[16-Jan-2022 11:29:12 America/New_York] PHP   6. Joomla\CMS\Component\ComponentHelper::renderComponent() /var/www/html/mymuseJ4/joomla/libraries/src/Application/SiteApplication.php:206
[16-Jan-2022 11:29:12 America/New_York] PHP   7. Joomla\Component\Mymuse\Site\Dispatcher\Dispatcher->dispatch() /var/www/html/mymuseJ4/joomla/libraries/src/Component/ComponentHelper.php:389
[16-Jan-2022 11:29:12 America/New_York] PHP   8. Joomla\Component\Mymuse\Site\Dispatcher\Dispatcher->dispatch() /var/www/html/mymuseJ4/joomla/components/com_mymuse/src/Dispatcher/Dispatcher.php:56
[16-Jan-2022 11:29:12 America/New_York] PHP   9. Joomla\Component\Mymuse\Site\Controller\DisplayController->execute() /var/www/html/mymuseJ4/joomla/libraries/src/Dispatcher/ComponentDispatcher.php:146
[16-Jan-2022 11:29:12 America/New_York] PHP  10. Joomla\Component\Mymuse\Site\Controller\DisplayController->display() /var/www/html/mymuseJ4/joomla/libraries/src/MVC/Controller/BaseController.php:730
[16-Jan-2022 11:29:12 America/New_York] PHP  11. Joomla\Component\Mymuse\Site\Controller\DisplayController->display() /var/www/html/mymuseJ4/joomla/components/com_mymuse/src/Controller/DisplayController.php:296
[16-Jan-2022 11:29:12 America/New_York] PHP  12. Joomla\Component\Mymuse\Site\View\Category\HtmlView->display() /var/www/html/mymuseJ4/joomla/libraries/src/MVC/Controller/BaseController.php:692
[16-Jan-2022 11:29:12 America/New_York] PHP  13. Joomla\Component\Mymuse\Site\View\Category\HtmlView->display() /var/www/html/mymuseJ4/joomla/components/com_mymuse/src/View/Category/HtmlView.php:211
[16-Jan-2022 11:29:12 America/New_York] PHP  14. Joomla\Component\Mymuse\Site\View\Category\HtmlView->display() /var/www/html/mymuseJ4/joomla/libraries/src/MVC/View/CategoryView.php:268
[16-Jan-2022 11:29:12 America/New_York] PHP  15. Joomla\Component\Mymuse\Site\View\Category\HtmlView->loadTemplate() /var/www/html/mymuseJ4/joomla/libraries/src/MVC/View/HtmlView.php:218
[16-Jan-2022 11:29:12 America/New_York] PHP  16. include() /var/www/html/mymuseJ4/joomla/libraries/src/MVC/View/HtmlView.php:429
[16-Jan-2022 11:29:12 America/New_York] PHP  17. Joomla\Component\Mymuse\Site\View\Category\HtmlView->loadTemplate() /var/www/html/mymuseJ4/joomla/components/com_mymuse/tmpl/category/blog.php:129
[16-Jan-2022 11:29:12 America/New_York] PHP  18. include() /var/www/html/mymuseJ4/joomla/libraries/src/MVC/View/HtmlView.php:429
[16-Jan-2022 11:29:14 America/New_York] PHP Notice:  Undefined property: stdClass::$readmore in /var/www/html/mymuseJ4/joomla/components/com_mymuse/tmpl/category/blog_item.php on line 128
[16-Jan-2022 11:29:14 America/New_York] PHP Stack trace:
[16-Jan-2022 11:29:14 America/New_York] PHP   1. {main}() /var/www/html/mymuseJ4/joomla/index.php:0
[16-Jan-2022 11:29:14 America/New_York] PHP   2. require_once() /var/www/html/mymuseJ4/joomla/index.php:32
[16-Jan-2022 11:29:14 America/New_York] PHP   3. Joomla\CMS\Application\SiteApplication->execute() /var/www/html/mymuseJ4/joomla/includes/app.php:63
[16-Jan-2022 11:29:14 America/New_York] PHP   4. Joomla\CMS\Application\SiteApplication->doExecute() /var/www/html/mymuseJ4/joomla/libraries/src/Application/CMSApplication.php:278
[16-Jan-2022 11:29:14 America/New_York] PHP   5. Joomla\CMS\Application\SiteApplication->dispatch() /var/www/html/mymuseJ4/joomla/libraries/src/Application/SiteApplication.php:245
[16-Jan-2022 11:29:14 America/New_York] PHP   6. Joomla\CMS\Component\ComponentHelper::renderComponent() /var/www/html/mymuseJ4/joomla/libraries/src/Application/SiteApplication.php:206
[16-Jan-2022 11:29:14 America/New_York] PHP   7. Joomla\Component\Mymuse\Site\Dispatcher\Dispatcher->dispatch() /var/www/html/mymuseJ4/joomla/libraries/src/Component/ComponentHelper.php:389
[16-Jan-2022 11:29:14 America/New_York] PHP   8. Joomla\Component\Mymuse\Site\Dispatcher\Dispatcher->dispatch() /var/www/html/mymuseJ4/joomla/components/com_mymuse/src/Dispatcher/Dispatcher.php:56
[16-Jan-2022 11:29:14 America/New_York] PHP   9. Joomla\Component\Mymuse\Site\Controller\DisplayController->execute() /var/www/html/mymuseJ4/joomla/libraries/src/Dispatcher/ComponentDispatcher.php:146
[16-Jan-2022 11:29:14 America/New_York] PHP  10. Joomla\Component\Mymuse\Site\Controller\DisplayController->display() /var/www/html/mymuseJ4/joomla/libraries/src/MVC/Controller/BaseController.php:730
[16-Jan-2022 11:29:14 America/New_York] PHP  11. Joomla\Component\Mymuse\Site\Controller\DisplayController->display() /var/www/html/mymuseJ4/joomla/components/com_mymuse/src/Controller/DisplayController.php:296
[16-Jan-2022 11:29:14 America/New_York] PHP  12. Joomla\Component\Mymuse\Site\View\Category\HtmlView->display() /var/www/html/mymuseJ4/joomla/libraries/src/MVC/Controller/BaseController.php:692
[16-Jan-2022 11:29:14 America/New_York] PHP  13. Joomla\Component\Mymuse\Site\View\Category\HtmlView->display() /var/www/html/mymuseJ4/joomla/components/com_mymuse/src/View/Category/HtmlView.php:211
[16-Jan-2022 11:29:14 America/New_York] PHP  14. Joomla\Component\Mymuse\Site\View\Category\HtmlView->display() /var/www/html/mymuseJ4/joomla/libraries/src/MVC/View/CategoryView.php:268
[16-Jan-2022 11:29:14 America/New_York] PHP  15. Joomla\Component\Mymuse\Site\View\Category\HtmlView->loadTemplate() /var/www/html/mymuseJ4/joomla/libraries/src/MVC/View/HtmlView.php:218
[16-Jan-2022 11:29:14 America/New_York] PHP  16. include() /var/www/html/mymuseJ4/joomla/libraries/src/MVC/View/HtmlView.php:429
[16-Jan-2022 11:29:14 America/New_York] PHP  17. Joomla\Component\Mymuse\Site\View\Category\HtmlView->loadTemplate() /var/www/html/mymuseJ4/joomla/components/com_mymuse/tmpl/category/blog.php:104
[16-Jan-2022 11:29:14 America/New_York] PHP  18. include() /var/www/html/mymuseJ4/joomla/libraries/src/MVC/View/HtmlView.php:429
[16-Jan-2022 11:29:14 America/New_York] PHP Notice:  Undefined property: stdClass::$readmore in /var/www/html/mymuseJ4/joomla/components/com_mymuse/tmpl/category/blog_item.php on line 128
[16-Jan-2022 11:29:14 America/New_York] PHP Stack trace:
[16-Jan-2022 11:29:14 America/New_York] PHP   1. {main}() /var/www/html/mymuseJ4/joomla/index.php:0
[16-Jan-2022 11:29:14 America/New_York] PHP   2. require_once() /var/www/html/mymuseJ4/joomla/index.php:32
[16-Jan-2022 11:29:14 America/New_York] PHP   3. Joomla\CMS\Application\SiteApplication->execute() /var/www/html/mymuseJ4/joomla/includes/app.php:63
[16-Jan-2022 11:29:14 America/New_York] PHP   4. Joomla\CMS\Application\SiteApplication->doExecute() /var/www/html/mymuseJ4/joomla/libraries/src/Application/CMSApplication.php:278
[16-Jan-2022 11:29:14 America/New_York] PHP   5. Joomla\CMS\Application\SiteApplication->dispatch() /var/www/html/mymuseJ4/joomla/libraries/src/Application/SiteApplication.php:245
[16-Jan-2022 11:29:14 America/New_York] PHP   6. Joomla\CMS\Component\ComponentHelper::renderComponent() /var/www/html/mymuseJ4/joomla/libraries/src/Application/SiteApplication.php:206
[16-Jan-2022 11:29:14 America/New_York] PHP   7. Joomla\Component\Mymuse\Site\Dispatcher\Dispatcher->dispatch() /var/www/html/mymuseJ4/joomla/libraries/src/Component/ComponentHelper.php:389
[16-Jan-2022 11:29:14 America/New_York] PHP   8. Joomla\Component\Mymuse\Site\Dispatcher\Dispatcher->dispatch() /var/www/html/mymuseJ4/joomla/components/com_mymuse/src/Dispatcher/Dispatcher.php:56
[16-Jan-2022 11:29:14 America/New_York] PHP   9. Joomla\Component\Mymuse\Site\Controller\DisplayController->execute() /var/www/html/mymuseJ4/joomla/libraries/src/Dispatcher/ComponentDispatcher.php:146
[16-Jan-2022 11:29:14 America/New_York] PHP  10. Joomla\Component\Mymuse\Site\Controller\DisplayController->display() /var/www/html/mymuseJ4/joomla/libraries/src/MVC/Controller/BaseController.php:730
[16-Jan-2022 11:29:14 America/New_York] PHP  11. Joomla\Component\Mymuse\Site\Controller\DisplayController->display() /var/www/html/mymuseJ4/joomla/components/com_mymuse/src/Controller/DisplayController.php:296
[16-Jan-2022 11:29:14 America/New_York] PHP  12. Joomla\Component\Mymuse\Site\View\Category\HtmlView->display() /var/www/html/mymuseJ4/joomla/libraries/src/MVC/Controller/BaseController.php:692
[16-Jan-2022 11:29:14 America/New_York] PHP  13. Joomla\Component\Mymuse\Site\View\Category\HtmlView->display() /var/www/html/mymuseJ4/joomla/components/com_mymuse/src/View/Category/HtmlView.php:211
[16-Jan-2022 11:29:14 America/New_York] PHP  14. Joomla\Component\Mymuse\Site\View\Category\HtmlView->display() /var/www/html/mymuseJ4/joomla/libraries/src/MVC/View/CategoryView.php:268
[16-Jan-2022 11:29:14 America/New_York] PHP  15. Joomla\Component\Mymuse\Site\View\Category\HtmlView->loadTemplate() /var/www/html/mymuseJ4/joomla/libraries/src/MVC/View/HtmlView.php:218
[16-Jan-2022 11:29:14 America/New_York] PHP  16. include() /var/www/html/mymuseJ4/joomla/libraries/src/MVC/View/HtmlView.php:429
[16-Jan-2022 11:29:14 America/New_York] PHP  17. Joomla\Component\Mymuse\Site\View\Category\HtmlView->loadTemplate() /var/www/html/mymuseJ4/joomla/components/com_mymuse/tmpl/category/blog.php:129
[16-Jan-2022 11:29:14 America/New_York] PHP  18. include() /var/www/html/mymuseJ4/joomla/libraries/src/MVC/View/HtmlView.php:429
[16-Jan-2022 11:29:29 America/New_York] PHP Notice:  Undefined property: stdClass::$readmore in /var/www/html/mymuseJ4/joomla/components/com_mymuse/tmpl/category/blog_item.php on line 128
[16-Jan-2022 11:29:29 America/New_York] PHP Stack trace:
[16-Jan-2022 11:29:29 America/New_York] PHP   1. {main}() /var/www/html/mymuseJ4/joomla/index.php:0
[16-Jan-2022 11:29:29 America/New_York] PHP   2. require_once() /var/www/html/mymuseJ4/joomla/index.php:32
[16-Jan-2022 11:29:29 America/New_York] PHP   3. Joomla\CMS\Application\SiteApplication->execute() /var/www/html/mymuseJ4/joomla/includes/app.php:63
[16-Jan-2022 11:29:29 America/New_York] PHP   4. Joomla\CMS\Application\SiteApplication->doExecute() /var/www/html/mymuseJ4/joomla/libraries/src/Application/CMSApplication.php:278
[16-Jan-2022 11:29:29 America/New_York] PHP   5. Joomla\CMS\Application\SiteApplication->dispatch() /var/www/html/mymuseJ4/joomla/libraries/src/Application/SiteApplication.php:245
[16-Jan-2022 11:29:29 America/New_York] PHP   6. Joomla\CMS\Component\ComponentHelper::renderComponent() /var/www/html/mymuseJ4/joomla/libraries/src/Application/SiteApplication.php:206
[16-Jan-2022 11:29:29 America/New_York] PHP   7. Joomla\Component\Mymuse\Site\Dispatcher\Dispatcher->dispatch() /var/www/html/mymuseJ4/joomla/libraries/src/Component/ComponentHelper.php:389
[16-Jan-2022 11:29:29 America/New_York] PHP   8. Joomla\Component\Mymuse\Site\Dispatcher\Dispatcher->dispatch() /var/www/html/mymuseJ4/joomla/components/com_mymuse/src/Dispatcher/Dispatcher.php:56
[16-Jan-2022 11:29:29 America/New_York] PHP   9. Joomla\Component\Mymuse\Site\Controller\DisplayController->execute() /var/www/html/mymuseJ4/joomla/libraries/src/Dispatcher/ComponentDispatcher.php:146
[16-Jan-2022 11:29:29 America/New_York] PHP  10. Joomla\Component\Mymuse\Site\Controller\DisplayController->display() /var/www/html/mymuseJ4/joomla/libraries/src/MVC/Controller/BaseController.php:730
[16-Jan-2022 11:29:29 America/New_York] PHP  11. Joomla\Component\Mymuse\Site\Controller\DisplayController->display() /var/www/html/mymuseJ4/joomla/components/com_mymuse/src/Controller/DisplayController.php:296
[16-Jan-2022 11:29:29 America/New_York] PHP  12. Joomla\Component\Mymuse\Site\View\Category\HtmlView->display() /var/www/html/mymuseJ4/joomla/libraries/src/MVC/Controller/BaseController.php:692
[16-Jan-2022 11:29:29 America/New_York] PHP  13. Joomla\Component\Mymuse\Site\View\Category\HtmlView->display() /var/www/html/mymuseJ4/joomla/components/com_mymuse/src/View/Category/HtmlView.php:211
[16-Jan-2022 11:29:29 America/New_York] PHP  14. Joomla\Component\Mymuse\Site\View\Category\HtmlView->display() /var/www/html/mymuseJ4/joomla/libraries/src/MVC/View/CategoryView.php:268
[16-Jan-2022 11:29:29 America/New_York] PHP  15. Joomla\Component\Mymuse\Site\View\Category\HtmlView->loadTemplate() /var/www/html/mymuseJ4/joomla/libraries/src/MVC/View/HtmlView.php:218
[16-Jan-2022 11:29:29 America/New_York] PHP  16. include() /var/www/html/mymuseJ4/joomla/libraries/src/MVC/View/HtmlView.php:429
[16-Jan-2022 11:29:29 America/New_York] PHP  17. Joomla\Component\Mymuse\Site\View\Category\HtmlView->loadTemplate() /var/www/html/mymuseJ4/joomla/components/com_mymuse/tmpl/category/blog.php:104
[16-Jan-2022 11:29:29 America/New_York] PHP  18. include() /var/www/html/mymuseJ4/joomla/libraries/src/MVC/View/HtmlView.php:429
[16-Jan-2022 11:29:29 America/New_York] PHP Notice:  Undefined property: stdClass::$readmore in /var/www/html/mymuseJ4/joomla/components/com_mymuse/tmpl/category/blog_item.php on line 128
[16-Jan-2022 11:29:29 America/New_York] PHP Stack trace:
[16-Jan-2022 11:29:29 America/New_York] PHP   1. {main}() /var/www/html/mymuseJ4/joomla/index.php:0
[16-Jan-2022 11:29:29 America/New_York] PHP   2. require_once() /var/www/html/mymuseJ4/joomla/index.php:32
[16-Jan-2022 11:29:29 America/New_York] PHP   3. Joomla\CMS\Application\SiteApplication->execute() /var/www/html/mymuseJ4/joomla/includes/app.php:63
[16-Jan-2022 11:29:29 America/New_York] PHP   4. Joomla\CMS\Application\SiteApplication->doExecute() /var/www/html/mymuseJ4/joomla/libraries/src/Application/CMSApplication.php:278
[16-Jan-2022 11:29:29 America/New_York] PHP   5. Joomla\CMS\Application\SiteApplication->dispatch() /var/www/html/mymuseJ4/joomla/libraries/src/Application/SiteApplication.php:245
[16-Jan-2022 11:29:29 America/New_York] PHP   6. Joomla\CMS\Component\ComponentHelper::renderComponent() /var/www/html/mymuseJ4/joomla/libraries/src/Application/SiteApplication.php:206
[16-Jan-2022 11:29:29 America/New_York] PHP   7. Joomla\Component\Mymuse\Site\Dispatcher\Dispatcher->dispatch() /var/www/html/mymuseJ4/joomla/libraries/src/Component/ComponentHelper.php:389
[16-Jan-2022 11:29:29 America/New_York] PHP   8. Joomla\Component\Mymuse\Site\Dispatcher\Dispatcher->dispatch() /var/www/html/mymuseJ4/joomla/components/com_mymuse/src/Dispatcher/Dispatcher.php:56
[16-Jan-2022 11:29:29 America/New_York] PHP   9. Joomla\Component\Mymuse\Site\Controller\DisplayController->execute() /var/www/html/mymuseJ4/joomla/libraries/src/Dispatcher/ComponentDispatcher.php:146
[16-Jan-2022 11:29:29 America/New_York] PHP  10. Joomla\Component\Mymuse\Site\Controller\DisplayController->display() /var/www/html/mymuseJ4/joomla/libraries/src/MVC/Controller/BaseController.php:730
[16-Jan-2022 11:29:29 America/New_York] PHP  11. Joomla\Component\Mymuse\Site\Controller\DisplayController->display() /var/www/html/mymuseJ4/joomla/components/com_mymuse/src/Controller/DisplayController.php:296
[16-Jan-2022 11:29:29 America/New_York] PHP  12. Joomla\Component\Mymuse\Site\View\Category\HtmlView->display() /var/www/html/mymuseJ4/joomla/libraries/src/MVC/Controller/BaseController.php:692
[16-Jan-2022 11:29:29 America/New_York] PHP  13. Joomla\Component\Mymuse\Site\View\Category\HtmlView->display() /var/www/html/mymuseJ4/joomla/components/com_mymuse/src/View/Category/HtmlView.php:211
[16-Jan-2022 11:29:29 America/New_York] PHP  14. Joomla\Component\Mymuse\Site\View\Category\HtmlView->display() /var/www/html/mymuseJ4/joomla/libraries/src/MVC/View/CategoryView.php:268
[16-Jan-2022 11:29:29 America/New_York] PHP  15. Joomla\Component\Mymuse\Site\View\Category\HtmlView->loadTemplate() /var/www/html/mymuseJ4/joomla/libraries/src/MVC/View/HtmlView.php:218
[16-Jan-2022 11:29:29 America/New_York] PHP  16. include() /var/www/html/mymuseJ4/joomla/libraries/src/MVC/View/HtmlView.php:429
[16-Jan-2022 11:29:29 America/New_York] PHP  17. Joomla\Component\Mymuse\Site\View\Category\HtmlView->loadTemplate() /var/www/html/mymuseJ4/joomla/components/com_mymuse/tmpl/category/blog.php:129
[16-Jan-2022 11:29:29 America/New_York] PHP  18. include() /var/www/html/mymuseJ4/joomla/libraries/src/MVC/View/HtmlView.php:429
[16-Jan-2022 11:29:31 America/New_York] PHP Notice:  Undefined property: stdClass::$readmore in /var/www/html/mymuseJ4/joomla/components/com_mymuse/tmpl/category/blog_item.php on line 128
[16-Jan-2022 11:29:31 America/New_York] PHP Stack trace:
[16-Jan-2022 11:29:31 America/New_York] PHP   1. {main}() /var/www/html/mymuseJ4/joomla/index.php:0
[16-Jan-2022 11:29:31 America/New_York] PHP   2. require_once() /var/www/html/mymuseJ4/joomla/index.php:32
[16-Jan-2022 11:29:31 America/New_York] PHP   3. Joomla\CMS\Application\SiteApplication->execute() /var/www/html/mymuseJ4/joomla/includes/app.php:63
[16-Jan-2022 11:29:31 America/New_York] PHP   4. Joomla\CMS\Application\SiteApplication->doExecute() /var/www/html/mymuseJ4/joomla/libraries/src/Application/CMSApplication.php:278
[16-Jan-2022 11:29:31 America/New_York] PHP   5. Joomla\CMS\Application\SiteApplication->dispatch() /var/www/html/mymuseJ4/joomla/libraries/src/Application/SiteApplication.php:245
[16-Jan-2022 11:29:31 America/New_York] PHP   6. Joomla\CMS\Component\ComponentHelper::renderComponent() /var/www/html/mymuseJ4/joomla/libraries/src/Application/SiteApplication.php:206
[16-Jan-2022 11:29:31 America/New_York] PHP   7. Joomla\Component\Mymuse\Site\Dispatcher\Dispatcher->dispatch() /var/www/html/mymuseJ4/joomla/libraries/src/Component/ComponentHelper.php:389
[16-Jan-2022 11:29:31 America/New_York] PHP   8. Joomla\Component\Mymuse\Site\Dispatcher\Dispatcher->dispatch() /var/www/html/mymuseJ4/joomla/components/com_mymuse/src/Dispatcher/Dispatcher.php:56
[16-Jan-2022 11:29:31 America/New_York] PHP   9. Joomla\Component\Mymuse\Site\Controller\DisplayController->execute() /var/www/html/mymuseJ4/joomla/libraries/src/Dispatcher/ComponentDispatcher.php:146
[16-Jan-2022 11:29:31 America/New_York] PHP  10. Joomla\Component\Mymuse\Site\Controller\DisplayController->display() /var/www/html/mymuseJ4/joomla/libraries/src/MVC/Controller/BaseController.php:730
[16-Jan-2022 11:29:31 America/New_York] PHP  11. Joomla\Component\Mymuse\Site\Controller\DisplayController->display() /var/www/html/mymuseJ4/joomla/components/com_mymuse/src/Controller/DisplayController.php:296
[16-Jan-2022 11:29:31 America/New_York] PHP  12. Joomla\Component\Mymuse\Site\View\Category\HtmlView->display() /var/www/html/mymuseJ4/joomla/libraries/src/MVC/Controller/BaseController.php:692
[16-Jan-2022 11:29:31 America/New_York] PHP  13. Joomla\Component\Mymuse\Site\View\Category\HtmlView->display() /var/www/html/mymuseJ4/joomla/components/com_mymuse/src/View/Category/HtmlView.php:211
[16-Jan-2022 11:29:31 America/New_York] PHP  14. Joomla\Component\Mymuse\Site\View\Category\HtmlView->display() /var/www/html/mymuseJ4/joomla/libraries/src/MVC/View/CategoryView.php:268
[16-Jan-2022 11:29:31 America/New_York] PHP  15. Joomla\Component\Mymuse\Site\View\Category\HtmlView->loadTemplate() /var/www/html/mymuseJ4/joomla/libraries/src/MVC/View/HtmlView.php:218
[16-Jan-2022 11:29:31 America/New_York] PHP  16. include() /var/www/html/mymuseJ4/joomla/libraries/src/MVC/View/HtmlView.php:429
[16-Jan-2022 11:29:31 America/New_York] PHP  17. Joomla\Component\Mymuse\Site\View\Category\HtmlView->loadTemplate() /var/www/html/mymuseJ4/joomla/components/com_mymuse/tmpl/category/blog.php:104
[16-Jan-2022 11:29:31 America/New_York] PHP  18. include() /var/www/html/mymuseJ4/joomla/libraries/src/MVC/View/HtmlView.php:429
[16-Jan-2022 11:29:31 America/New_York] PHP Notice:  Undefined property: stdClass::$readmore in /var/www/html/mymuseJ4/joomla/components/com_mymuse/tmpl/category/blog_item.php on line 128
[16-Jan-2022 11:29:31 America/New_York] PHP Stack trace:
[16-Jan-2022 11:29:31 America/New_York] PHP   1. {main}() /var/www/html/mymuseJ4/joomla/index.php:0
[16-Jan-2022 11:29:31 America/New_York] PHP   2. require_once() /var/www/html/mymuseJ4/joomla/index.php:32
[16-Jan-2022 11:29:31 America/New_York] PHP   3. Joomla\CMS\Application\SiteApplication->execute() /var/www/html/mymuseJ4/joomla/includes/app.php:63
[16-Jan-2022 11:29:31 America/New_York] PHP   4. Joomla\CMS\Application\SiteApplication->doExecute() /var/www/html/mymuseJ4/joomla/libraries/src/Application/CMSApplication.php:278
[16-Jan-2022 11:29:31 America/New_York] PHP   5. Joomla\CMS\Application\SiteApplication->dispatch() /var/www/html/mymuseJ4/joomla/libraries/src/Application/SiteApplication.php:245
[16-Jan-2022 11:29:31 America/New_York] PHP   6. Joomla\CMS\Component\ComponentHelper::renderComponent() /var/www/html/mymuseJ4/joomla/libraries/src/Application/SiteApplication.php:206
[16-Jan-2022 11:29:31 America/New_York] PHP   7. Joomla\Component\Mymuse\Site\Dispatcher\Dispatcher->dispatch() /var/www/html/mymuseJ4/joomla/libraries/src/Component/ComponentHelper.php:389
[16-Jan-2022 11:29:31 America/New_York] PHP   8. Joomla\Component\Mymuse\Site\Dispatcher\Dispatcher->dispatch() /var/www/html/mymuseJ4/joomla/components/com_mymuse/src/Dispatcher/Dispatcher.php:56
[16-Jan-2022 11:29:31 America/New_York] PHP   9. Joomla\Component\Mymuse\Site\Controller\DisplayController->execute() /var/www/html/mymuseJ4/joomla/libraries/src/Dispatcher/ComponentDispatcher.php:146
[16-Jan-2022 11:29:31 America/New_York] PHP  10. Joomla\Component\Mymuse\Site\Controller\DisplayController->display() /var/www/html/mymuseJ4/joomla/libraries/src/MVC/Controller/BaseController.php:730
[16-Jan-2022 11:29:31 America/New_York] PHP  11. Joomla\Component\Mymuse\Site\Controller\DisplayController->display() /var/www/html/mymuseJ4/joomla/components/com_mymuse/src/Controller/DisplayController.php:296
[16-Jan-2022 11:29:31 America/New_York] PHP  12. Joomla\Component\Mymuse\Site\View\Category\HtmlView->display() /var/www/html/mymuseJ4/joomla/libraries/src/MVC/Controller/BaseController.php:692
[16-Jan-2022 11:29:31 America/New_York] PHP  13. Joomla\Component\Mymuse\Site\View\Category\HtmlView->display() /var/www/html/mymuseJ4/joomla/components/com_mymuse/src/View/Category/HtmlView.php:211
[16-Jan-2022 11:29:31 America/New_York] PHP  14. Joomla\Component\Mymuse\Site\View\Category\HtmlView->display() /var/www/html/mymuseJ4/joomla/libraries/src/MVC/View/CategoryView.php:268
[16-Jan-2022 11:29:31 America/New_York] PHP  15. Joomla\Component\Mymuse\Site\View\Category\HtmlView->loadTemplate() /var/www/html/mymuseJ4/joomla/libraries/src/MVC/View/HtmlView.php:218
[16-Jan-2022 11:29:31 America/New_York] PHP  16. include() /var/www/html/mymuseJ4/joomla/libraries/src/MVC/View/HtmlView.php:429
[16-Jan-2022 11:29:31 America/New_York] PHP  17. Joomla\Component\Mymuse\Site\View\Category\HtmlView->loadTemplate() /var/www/html/mymuseJ4/joomla/components/com_mymuse/tmpl/category/blog.php:129
[16-Jan-2022 11:29:31 America/New_York] PHP  18. include() /var/www/html/mymuseJ4/joomla/libraries/src/MVC/View/HtmlView.php:429
[16-Jan-2022 11:30:48 America/New_York] PHP Notice:  Undefined property: stdClass::$readmore in /var/www/html/mymuseJ4/joomla/components/com_mymuse/tmpl/category/blog_item.php on line 128
[16-Jan-2022 11:30:48 America/New_York] PHP Stack trace:
[16-Jan-2022 11:30:48 America/New_York] PHP   1. {main}() /var/www/html/mymuseJ4/joomla/index.php:0
[16-Jan-2022 11:30:48 America/New_York] PHP   2. require_once() /var/www/html/mymuseJ4/joomla/index.php:32
[16-Jan-2022 11:30:48 America/New_York] PHP   3. Joomla\CMS\Application\SiteApplication->execute() /var/www/html/mymuseJ4/joomla/includes/app.php:63
[16-Jan-2022 11:30:48 America/New_York] PHP   4. Joomla\CMS\Application\SiteApplication->doExecute() /var/www/html/mymuseJ4/joomla/libraries/src/Application/CMSApplication.php:278
[16-Jan-2022 11:30:48 America/New_York] PHP   5. Joomla\CMS\Application\SiteApplication->dispatch() /var/www/html/mymuseJ4/joomla/libraries/src/Application/SiteApplication.php:245
[16-Jan-2022 11:30:48 America/New_York] PHP   6. Joomla\CMS\Component\ComponentHelper::renderComponent() /var/www/html/mymuseJ4/joomla/libraries/src/Application/SiteApplication.php:206
[16-Jan-2022 11:30:48 America/New_York] PHP   7. Joomla\Component\Mymuse\Site\Dispatcher\Dispatcher->dispatch() /var/www/html/mymuseJ4/joomla/libraries/src/Component/ComponentHelper.php:389
[16-Jan-2022 11:30:48 America/New_York] PHP   8. Joomla\Component\Mymuse\Site\Dispatcher\Dispatcher->dispatch() /var/www/html/mymuseJ4/joomla/components/com_mymuse/src/Dispatcher/Dispatcher.php:56
[16-Jan-2022 11:30:48 America/New_York] PHP   9. Joomla\Component\Mymuse\Site\Controller\DisplayController->execute() /var/www/html/mymuseJ4/joomla/libraries/src/Dispatcher/ComponentDispatcher.php:146
[16-Jan-2022 11:30:48 America/New_York] PHP  10. Joomla\Component\Mymuse\Site\Controller\DisplayController->display() /var/www/html/mymuseJ4/joomla/libraries/src/MVC/Controller/BaseController.php:730
[16-Jan-2022 11:30:48 America/New_York] PHP  11. Joomla\Component\Mymuse\Site\Controller\DisplayController->display() /var/www/html/mymuseJ4/joomla/components/com_mymuse/src/Controller/DisplayController.php:296
[16-Jan-2022 11:30:48 America/New_York] PHP  12. Joomla\Component\Mymuse\Site\View\Category\HtmlView->display() /var/www/html/mymuseJ4/joomla/libraries/src/MVC/Controller/BaseController.php:692
[16-Jan-2022 11:30:48 America/New_York] PHP  13. Joomla\Component\Mymuse\Site\View\Category\HtmlView->display() /var/www/html/mymuseJ4/joomla/components/com_mymuse/src/View/Category/HtmlView.php:211
[16-Jan-2022 11:30:48 America/New_York] PHP  14. Joomla\Component\Mymuse\Site\View\Category\HtmlView->display() /var/www/html/mymuseJ4/joomla/libraries/src/MVC/View/CategoryView.php:268
[16-Jan-2022 11:30:48 America/New_York] PHP  15. Joomla\Component\Mymuse\Site\View\Category\HtmlView->loadTemplate() /var/www/html/mymuseJ4/joomla/libraries/src/MVC/View/HtmlView.php:218
[16-Jan-2022 11:30:48 America/New_York] PHP  16. include() /var/www/html/mymuseJ4/joomla/libraries/src/MVC/View/HtmlView.php:429
[16-Jan-2022 11:30:48 America/New_York] PHP  17. Joomla\Component\Mymuse\Site\View\Category\HtmlView->loadTemplate() /var/www/html/mymuseJ4/joomla/components/com_mymuse/tmpl/category/blog.php:104
[16-Jan-2022 11:30:48 America/New_York] PHP  18. include() /var/www/html/mymuseJ4/joomla/libraries/src/MVC/View/HtmlView.php:429
[16-Jan-2022 11:30:48 America/New_York] PHP Notice:  Undefined property: stdClass::$readmore in /var/www/html/mymuseJ4/joomla/components/com_mymuse/tmpl/category/blog_item.php on line 128
[16-Jan-2022 11:30:48 America/New_York] PHP Stack trace:
[16-Jan-2022 11:30:48 America/New_York] PHP   1. {main}() /var/www/html/mymuseJ4/joomla/index.php:0
[16-Jan-2022 11:30:48 America/New_York] PHP   2. require_once() /var/www/html/mymuseJ4/joomla/index.php:32
[16-Jan-2022 11:30:48 America/New_York] PHP   3. Joomla\CMS\Application\SiteApplication->execute() /var/www/html/mymuseJ4/joomla/includes/app.php:63
[16-Jan-2022 11:30:48 America/New_York] PHP   4. Joomla\CMS\Application\SiteApplication->doExecute() /var/www/html/mymuseJ4/joomla/libraries/src/Application/CMSApplication.php:278
[16-Jan-2022 11:30:48 America/New_York] PHP   5. Joomla\CMS\Application\SiteApplication->dispatch() /var/www/html/mymuseJ4/joomla/libraries/src/Application/SiteApplication.php:245
[16-Jan-2022 11:30:48 America/New_York] PHP   6. Joomla\CMS\Component\ComponentHelper::renderComponent() /var/www/html/mymuseJ4/joomla/libraries/src/Application/SiteApplication.php:206
[16-Jan-2022 11:30:48 America/New_York] PHP   7. Joomla\Component\Mymuse\Site\Dispatcher\Dispatcher->dispatch() /var/www/html/mymuseJ4/joomla/libraries/src/Component/ComponentHelper.php:389
[16-Jan-2022 11:30:48 America/New_York] PHP   8. Joomla\Component\Mymuse\Site\Dispatcher\Dispatcher->dispatch() /var/www/html/mymuseJ4/joomla/components/com_mymuse/src/Dispatcher/Dispatcher.php:56
[16-Jan-2022 11:30:48 America/New_York] PHP   9. Joomla\Component\Mymuse\Site\Controller\DisplayController->execute() /var/www/html/mymuseJ4/joomla/libraries/src/Dispatcher/ComponentDispatcher.php:146
[16-Jan-2022 11:30:48 America/New_York] PHP  10. Joomla\Component\Mymuse\Site\Controller\DisplayController->display() /var/www/html/mymuseJ4/joomla/libraries/src/MVC/Controller/BaseController.php:730
[16-Jan-2022 11:30:48 America/New_York] PHP  11. Joomla\Component\Mymuse\Site\Controller\DisplayController->display() /var/www/html/mymuseJ4/joomla/components/com_mymuse/src/Controller/DisplayController.php:296
[16-Jan-2022 11:30:48 America/New_York] PHP  12. Joomla\Component\Mymuse\Site\View\Category\HtmlView->display() /var/www/html/mymuseJ4/joomla/libraries/src/MVC/Controller/BaseController.php:692
[16-Jan-2022 11:30:48 America/New_York] PHP  13. Joomla\Component\Mymuse\Site\View\Category\HtmlView->display() /var/www/html/mymuseJ4/joomla/components/com_mymuse/src/View/Category/HtmlView.php:211
[16-Jan-2022 11:30:48 America/New_York] PHP  14. Joomla\Component\Mymuse\Site\View\Category\HtmlView->display() /var/www/html/mymuseJ4/joomla/libraries/src/MVC/View/CategoryView.php:268
[16-Jan-2022 11:30:48 America/New_York] PHP  15. Joomla\Component\Mymuse\Site\View\Category\HtmlView->loadTemplate() /var/www/html/mymuseJ4/joomla/libraries/src/MVC/View/HtmlView.php:218
[16-Jan-2022 11:30:48 America/New_York] PHP  16. include() /var/www/html/mymuseJ4/joomla/libraries/src/MVC/View/HtmlView.php:429
[16-Jan-2022 11:30:48 America/New_York] PHP  17. Joomla\Component\Mymuse\Site\View\Category\HtmlView->loadTemplate() /var/www/html/mymuseJ4/joomla/components/com_mymuse/tmpl/category/blog.php:129
[16-Jan-2022 11:30:48 America/New_York] PHP  18. include() /var/www/html/mymuseJ4/joomla/libraries/src/MVC/View/HtmlView.php:429
[16-Jan-2022 11:30:49 America/New_York] PHP Notice:  Undefined property: stdClass::$readmore in /var/www/html/mymuseJ4/joomla/components/com_mymuse/tmpl/category/blog_item.php on line 128
[16-Jan-2022 11:30:49 America/New_York] PHP Stack trace:
[16-Jan-2022 11:30:49 America/New_York] PHP   1. {main}() /var/www/html/mymuseJ4/joomla/index.php:0
[16-Jan-2022 11:30:49 America/New_York] PHP   2. require_once() /var/www/html/mymuseJ4/joomla/index.php:32
[16-Jan-2022 11:30:49 America/New_York] PHP   3. Joomla\CMS\Application\SiteApplication->execute() /var/www/html/mymuseJ4/joomla/includes/app.php:63
[16-Jan-2022 11:30:49 America/New_York] PHP   4. Joomla\CMS\Application\SiteApplication->doExecute() /var/www/html/mymuseJ4/joomla/libraries/src/Application/CMSApplication.php:278
[16-Jan-2022 11:30:49 America/New_York] PHP   5. Joomla\CMS\Application\SiteApplication->dispatch() /var/www/html/mymuseJ4/joomla/libraries/src/Application/SiteApplication.php:245
[16-Jan-2022 11:30:49 America/New_York] PHP   6. Joomla\CMS\Component\ComponentHelper::renderComponent() /var/www/html/mymuseJ4/joomla/libraries/src/Application/SiteApplication.php:206
[16-Jan-2022 11:30:49 America/New_York] PHP   7. Joomla\Component\Mymuse\Site\Dispatcher\Dispatcher->dispatch() /var/www/html/mymuseJ4/joomla/libraries/src/Component/ComponentHelper.php:389
[16-Jan-2022 11:30:49 America/New_York] PHP   8. Joomla\Component\Mymuse\Site\Dispatcher\Dispatcher->dispatch() /var/www/html/mymuseJ4/joomla/components/com_mymuse/src/Dispatcher/Dispatcher.php:56
[16-Jan-2022 11:30:49 America/New_York] PHP   9. Joomla\Component\Mymuse\Site\Controller\DisplayController->execute() /var/www/html/mymuseJ4/joomla/libraries/src/Dispatcher/ComponentDispatcher.php:146
[16-Jan-2022 11:30:49 America/New_York] PHP  10. Joomla\Component\Mymuse\Site\Controller\DisplayController->display() /var/www/html/mymuseJ4/joomla/libraries/src/MVC/Controller/BaseController.php:730
[16-Jan-2022 11:30:49 America/New_York] PHP  11. Joomla\Component\Mymuse\Site\Controller\DisplayController->display() /var/www/html/mymuseJ4/joomla/components/com_mymuse/src/Controller/DisplayController.php:296
[16-Jan-2022 11:30:49 America/New_York] PHP  12. Joomla\Component\Mymuse\Site\View\Category\HtmlView->display() /var/www/html/mymuseJ4/joomla/libraries/src/MVC/Controller/BaseController.php:692
[16-Jan-2022 11:30:49 America/New_York] PHP  13. Joomla\Component\Mymuse\Site\View\Category\HtmlView->display() /var/www/html/mymuseJ4/joomla/components/com_mymuse/src/View/Category/HtmlView.php:211
[16-Jan-2022 11:30:49 America/New_York] PHP  14. Joomla\Component\Mymuse\Site\View\Category\HtmlView->display() /var/www/html/mymuseJ4/joomla/libraries/src/MVC/View/CategoryView.php:268
[16-Jan-2022 11:30:49 America/New_York] PHP  15. Joomla\Component\Mymuse\Site\View\Category\HtmlView->loadTemplate() /var/www/html/mymuseJ4/joomla/libraries/src/MVC/View/HtmlView.php:218
[16-Jan-2022 11:30:49 America/New_York] PHP  16. include() /var/www/html/mymuseJ4/joomla/libraries/src/MVC/View/HtmlView.php:429
[16-Jan-2022 11:30:49 America/New_York] PHP  17. Joomla\Component\Mymuse\Site\View\Category\HtmlView->loadTemplate() /var/www/html/mymuseJ4/joomla/components/com_mymuse/tmpl/category/blog.php:104
[16-Jan-2022 11:30:49 America/New_York] PHP  18. include() /var/www/html/mymuseJ4/joomla/libraries/src/MVC/View/HtmlView.php:429
[16-Jan-2022 11:30:49 America/New_York] PHP Notice:  Undefined property: stdClass::$readmore in /var/www/html/mymuseJ4/joomla/components/com_mymuse/tmpl/category/blog_item.php on line 128
[16-Jan-2022 11:30:49 America/New_York] PHP Stack trace:
[16-Jan-2022 11:30:49 America/New_York] PHP   1. {main}() /var/www/html/mymuseJ4/joomla/index.php:0
[16-Jan-2022 11:30:49 America/New_York] PHP   2. require_once() /var/www/html/mymuseJ4/joomla/index.php:32
[16-Jan-2022 11:30:49 America/New_York] PHP   3. Joomla\CMS\Application\SiteApplication->execute() /var/www/html/mymuseJ4/joomla/includes/app.php:63
[16-Jan-2022 11:30:49 America/New_York] PHP   4. Joomla\CMS\Application\SiteApplication->doExecute() /var/www/html/mymuseJ4/joomla/libraries/src/Application/CMSApplication.php:278
[16-Jan-2022 11:30:49 America/New_York] PHP   5. Joomla\CMS\Application\SiteApplication->dispatch() /var/www/html/mymuseJ4/joomla/libraries/src/Application/SiteApplication.php:245
[16-Jan-2022 11:30:49 America/New_York] PHP   6. Joomla\CMS\Component\ComponentHelper::renderComponent() /var/www/html/mymuseJ4/joomla/libraries/src/Application/SiteApplication.php:206
[16-Jan-2022 11:30:49 America/New_York] PHP   7. Joomla\Component\Mymuse\Site\Dispatcher\Dispatcher->dispatch() /var/www/html/mymuseJ4/joomla/libraries/src/Component/ComponentHelper.php:389
[16-Jan-2022 11:30:49 America/New_York] PHP   8. Joomla\Component\Mymuse\Site\Dispatcher\Dispatcher->dispatch() /var/www/html/mymuseJ4/joomla/components/com_mymuse/src/Dispatcher/Dispatcher.php:56
[16-Jan-2022 11:30:49 America/New_York] PHP   9. Joomla\Component\Mymuse\Site\Controller\DisplayController->execute() /var/www/html/mymuseJ4/joomla/libraries/src/Dispatcher/ComponentDispatcher.php:146
[16-Jan-2022 11:30:49 America/New_York] PHP  10. Joomla\Component\Mymuse\Site\Controller\DisplayController->display() /var/www/html/mymuseJ4/joomla/libraries/src/MVC/Controller/BaseController.php:730
[16-Jan-2022 11:30:49 America/New_York] PHP  11. Joomla\Component\Mymuse\Site\Controller\DisplayController->display() /var/www/html/mymuseJ4/joomla/components/com_mymuse/src/Controller/DisplayController.php:296
[16-Jan-2022 11:30:49 America/New_York] PHP  12. Joomla\Component\Mymuse\Site\View\Category\HtmlView->display() /var/www/html/mymuseJ4/joomla/libraries/src/MVC/Controller/BaseController.php:692
[16-Jan-2022 11:30:49 America/New_York] PHP  13. Joomla\Component\Mymuse\Site\View\Category\HtmlView->display() /var/www/html/mymuseJ4/joomla/components/com_mymuse/src/View/Category/HtmlView.php:211
[16-Jan-2022 11:30:49 America/New_York] PHP  14. Joomla\Component\Mymuse\Site\View\Category\HtmlView->display() /var/www/html/mymuseJ4/joomla/libraries/src/MVC/View/CategoryView.php:268
[16-Jan-2022 11:30:49 America/New_York] PHP  15. Joomla\Component\Mymuse\Site\View\Category\HtmlView->loadTemplate() /var/www/html/mymuseJ4/joomla/libraries/src/MVC/View/HtmlView.php:218
[16-Jan-2022 11:30:49 America/New_York] PHP  16. include() /var/www/html/mymuseJ4/joomla/libraries/src/MVC/View/HtmlView.php:429
[16-Jan-2022 11:30:49 America/New_York] PHP  17. Joomla\Component\Mymuse\Site\View\Category\HtmlView->loadTemplate() /var/www/html/mymuseJ4/joomla/components/com_mymuse/tmpl/category/blog.php:129
[16-Jan-2022 11:30:49 America/New_York] PHP  18. include() /var/www/html/mymuseJ4/joomla/libraries/src/MVC/View/HtmlView.php:429
